0 BrickForgerAI Stability Heatmap - mushroom
0 Name: BrickForgerAI Stability Heatmap - mushroom.ldr
0 Author: BrickForgerAI
0 !LDRAW_ORG Unofficial_Model
0 BFC CERTIFY CCW
0 // Generated by BrickForgerAI (core/brickforge). Do not hand-edit.

1 2 240 -24 130 1 0 0 0 1 0 0 0 1 3009.dat
1 2 250 -24 110 1 0 0 0 1 0 0 0 1 3005.dat
1 2 250 -24 390 1 0 0 0 1 0 0 0 1 3005.dat
1 2 120 -40 250 1 0 0 0 1 0 0 0 1 3004.dat
1 2 140 -40 210 0 0 1 0 1 0 -1 0 0 3002.dat
1 2 140 -40 290 0 0 1 0 1 0 -1 0 0 3002.dat
1 2 160 -40 340 1 0 0 0 1 0 0 0 1 3003.dat
1 2 240 -40 210 1 0 0 0 1 0 0 0 1 3008.dat
1 2 240 -40 310 1 0 0 0 1 0 0 0 1 3008.dat
1 2 210 -40 360 1 0 0 0 1 0 0 0 1 3002.dat
1 2 210 -40 180 0 0 1 0 1 0 -1 0 0 3004.dat
1 2 210 -40 260 0 0 1 0 1 0 -1 0 0 3010.dat
1 2 210 -40 330 1 0 0 0 1 0 0 0 1 3005.dat
1 2 280 -40 370 1 0 0 0 1 0 0 0 1 3010.dat
1 2 300 -40 350 1 0 0 0 1 0 0 0 1 3010.dat
1 2 330 -40 170 1 0 0 0 1 0 0 0 1 3622.dat
1 2 310 -40 190 1 0 0 0 1 0 0 0 1 3005.dat
1 2 310 -40 260 0 0 1 0 1 0 -1 0 0 3010.dat
1 2 330 -40 330 1 0 0 0 1 0 0 0 1 3622.dat
1 2 350 -40 210 1 0 0 0 1 0 0 0 1 3622.dat
1 2 350 -40 310 1 0 0 0 1 0 0 0 1 3622.dat
1 2 360 -40 190 1 0 0 0 1 0 0 0 1 3004.dat
1 2 360 -40 230 1 0 0 0 1 0 0 0 1 3004.dat
1 2 360 -40 280 1 0 0 0 1 0 0 0 1 3003.dat
1 2 350 -40 350 1 0 0 0 1 0 0 0 1 3005.dat
1 2 380 -40 250 1 0 0 0 1 0 0 0 1 3004.dat
1 2 250 -48 390 1 0 0 0 1 0 0 0 1 3005.dat
1 2 120 -64 250 1 0 0 0 1 0 0 0 1 3004.dat
1 2 140 -64 210 0 0 1 0 1 0 -1 0 0 3002.dat
1 2 140 -64 290 0 0 1 0 1 0 -1 0 0 3002.dat
1 2 160 -64 340 1 0 0 0 1 0 0 0 1 3003.dat
1 2 240 -64 210 1 0 0 0 1 0 0 0 1 3008.dat
1 2 240 -64 310 1 0 0 0 1 0 0 0 1 3008.dat
1 2 210 -64 360 1 0 0 0 1 0 0 0 1 3002.dat
1 2 210 -64 180 0 0 1 0 1 0 -1 0 0 3004.dat
1 2 210 -64 260 0 0 1 0 1 0 -1 0 0 3010.dat
1 2 210 -64 330 1 0 0 0 1 0 0 0 1 3005.dat
1 2 280 -64 370 1 0 0 0 1 0 0 0 1 3010.dat
1 2 300 -64 350 1 0 0 0 1 0 0 0 1 3010.dat
1 2 330 -64 170 1 0 0 0 1 0 0 0 1 3622.dat
1 2 310 -64 190 1 0 0 0 1 0 0 0 1 3005.dat
1 2 310 -64 260 0 0 1 0 1 0 -1 0 0 3010.dat
1 2 330 -64 330 1 0 0 0 1 0 0 0 1 3622.dat
1 2 350 -64 210 1 0 0 0 1 0 0 0 1 3622.dat
1 2 350 -64 310 1 0 0 0 1 0 0 0 1 3622.dat
1 2 360 -64 190 1 0 0 0 1 0 0 0 1 3004.dat
1 2 360 -64 230 1 0 0 0 1 0 0 0 1 3004.dat
1 2 360 -64 280 1 0 0 0 1 0 0 0 1 3003.dat
1 2 350 -64 350 1 0 0 0 1 0 0 0 1 3005.dat
1 2 380 -64 250 1 0 0 0 1 0 0 0 1 3004.dat
1 2 250 -72 390 1 0 0 0 1 0 0 0 1 3005.dat
1 2 120 -88 250 1 0 0 0 1 0 0 0 1 3004.dat
1 2 140 -88 210 0 0 1 0 1 0 -1 0 0 3002.dat
1 2 140 -88 290 0 0 1 0 1 0 -1 0 0 3002.dat
1 2 160 -88 340 1 0 0 0 1 0 0 0 1 3003.dat
1 2 240 -88 210 1 0 0 0 1 0 0 0 1 3008.dat
1 2 240 -88 310 1 0 0 0 1 0 0 0 1 3008.dat
1 2 210 -88 360 1 0 0 0 1 0 0 0 1 3002.dat
1 2 210 -88 180 0 0 1 0 1 0 -1 0 0 3004.dat
1 2 210 -88 260 0 0 1 0 1 0 -1 0 0 3010.dat
1 2 210 -88 330 1 0 0 0 1 0 0 0 1 3005.dat
1 2 280 -88 370 1 0 0 0 1 0 0 0 1 3010.dat
1 2 300 -88 350 1 0 0 0 1 0 0 0 1 3010.dat
1 2 330 -88 170 1 0 0 0 1 0 0 0 1 3622.dat
1 2 310 -88 190 1 0 0 0 1 0 0 0 1 3005.dat
1 2 310 -88 260 0 0 1 0 1 0 -1 0 0 3010.dat
1 2 330 -88 330 1 0 0 0 1 0 0 0 1 3622.dat
1 2 350 -88 210 1 0 0 0 1 0 0 0 1 3622.dat
1 2 350 -88 310 1 0 0 0 1 0 0 0 1 3622.dat
1 2 360 -88 190 1 0 0 0 1 0 0 0 1 3004.dat
1 2 360 -88 230 1 0 0 0 1 0 0 0 1 3004.dat
1 2 360 -88 280 1 0 0 0 1 0 0 0 1 3003.dat
1 2 350 -88 350 1 0 0 0 1 0 0 0 1 3005.dat
1 2 380 -88 250 1 0 0 0 1 0 0 0 1 3004.dat
1 2 250 -96 390 1 0 0 0 1 0 0 0 1 3005.dat
1 2 120 -112 250 1 0 0 0 1 0 0 0 1 3004.dat
1 2 140 -112 210 0 0 1 0 1 0 -1 0 0 3002.dat
1 2 140 -112 290 0 0 1 0 1 0 -1 0 0 3002.dat
1 2 160 -112 340 1 0 0 0 1 0 0 0 1 3003.dat
1 2 240 -112 210 1 0 0 0 1 0 0 0 1 3008.dat
1 2 240 -112 310 1 0 0 0 1 0 0 0 1 3008.dat
1 2 210 -112 360 1 0 0 0 1 0 0 0 1 3002.dat
1 2 210 -112 180 0 0 1 0 1 0 -1 0 0 3004.dat
1 2 210 -112 260 0 0 1 0 1 0 -1 0 0 3010.dat
1 2 210 -112 330 1 0 0 0 1 0 0 0 1 3005.dat
1 2 280 -112 370 1 0 0 0 1 0 0 0 1 3010.dat
1 2 300 -112 350 1 0 0 0 1 0 0 0 1 3010.dat
1 2 330 -112 170 1 0 0 0 1 0 0 0 1 3622.dat
1 2 310 -112 190 1 0 0 0 1 0 0 0 1 3005.dat
1 2 310 -112 260 0 0 1 0 1 0 -1 0 0 3010.dat
1 2 330 -112 330 1 0 0 0 1 0 0 0 1 3622.dat
1 2 350 -112 210 1 0 0 0 1 0 0 0 1 3622.dat
1 2 350 -112 310 1 0 0 0 1 0 0 0 1 3622.dat
1 2 360 -112 190 1 0 0 0 1 0 0 0 1 3004.dat
1 2 360 -112 230 1 0 0 0 1 0 0 0 1 3004.dat
1 2 360 -112 280 1 0 0 0 1 0 0 0 1 3003.dat
1 2 350 -112 350 1 0 0 0 1 0 0 0 1 3005.dat
1 2 380 -112 250 1 0 0 0 1 0 0 0 1 3004.dat
1 2 250 -120 390 1 0 0 0 1 0 0 0 1 3005.dat
1 2 120 -136 250 1 0 0 0 1 0 0 0 1 3004.dat
1 2 140 -136 210 0 0 1 0 1 0 -1 0 0 3002.dat
1 2 140 -136 290 0 0 1 0 1 0 -1 0 0 3002.dat
1 2 160 -136 340 1 0 0 0 1 0 0 0 1 3003.dat
1 2 240 -136 310 1 0 0 0 1 0 0 0 1 3008.dat
1 2 210 -136 360 1 0 0 0 1 0 0 0 1 3002.dat
1 2 210 -136 180 0 0 1 0 1 0 -1 0 0 3004.dat
1 2 210 -136 330 1 0 0 0 1 0 0 0 1 3005.dat
1 2 280 -136 370 1 0 0 0 1 0 0 0 1 3010.dat
1 2 300 -136 350 1 0 0 0 1 0 0 0 1 3010.dat
1 2 330 -136 170 1 0 0 0 1 0 0 0 1 3622.dat
1 2 310 -136 190 1 0 0 0 1 0 0 0 1 3005.dat
1 2 310 -136 260 0 0 1 0 1 0 -1 0 0 3010.dat
1 2 330 -136 330 1 0 0 0 1 0 0 0 1 3622.dat
1 2 350 -136 310 1 0 0 0 1 0 0 0 1 3622.dat
1 2 360 -136 190 1 0 0 0 1 0 0 0 1 3004.dat
1 2 360 -136 230 1 0 0 0 1 0 0 0 1 3004.dat
1 2 360 -136 280 1 0 0 0 1 0 0 0 1 3003.dat
1 2 350 -136 350 1 0 0 0 1 0 0 0 1 3005.dat
1 2 380 -136 250 1 0 0 0 1 0 0 0 1 3004.dat
1 2 250 -144 390 1 0 0 0 1 0 0 0 1 3005.dat
1 2 120 -160 250 1 0 0 0 1 0 0 0 1 3004.dat
1 2 140 -160 210 0 0 1 0 1 0 -1 0 0 3002.dat
1 2 140 -160 290 0 0 1 0 1 0 -1 0 0 3002.dat
1 2 160 -160 340 1 0 0 0 1 0 0 0 1 3003.dat
1 2 210 -160 360 1 0 0 0 1 0 0 0 1 3002.dat
1 2 210 -160 330 1 0 0 0 1 0 0 0 1 3005.dat
1 2 280 -160 370 1 0 0 0 1 0 0 0 1 3010.dat
1 2 300 -160 350 1 0 0 0 1 0 0 0 1 3010.dat
1 2 350 -160 210 1 0 0 0 1 0 0 0 1 3622.dat
1 2 360 -160 190 1 0 0 0 1 0 0 0 1 3004.dat
1 2 360 -160 230 1 0 0 0 1 0 0 0 1 3004.dat
1 2 360 -160 280 1 0 0 0 1 0 0 0 1 3003.dat
1 2 350 -160 350 1 0 0 0 1 0 0 0 1 3005.dat
1 2 380 -160 250 1 0 0 0 1 0 0 0 1 3004.dat
1 2 250 -168 390 1 0 0 0 1 0 0 0 1 3005.dat
1 2 330 -168 170 1 0 0 0 1 0 0 0 1 3622.dat
1 2 370 -168 310 1 0 0 0 1 0 0 0 1 3005.dat
1 2 240 -176 210 1 0 0 0 1 0 0 0 1 3009.dat
1 2 210 -176 190 1 0 0 0 1 0 0 0 1 3005.dat
1 2 210 -176 260 0 0 1 0 1 0 -1 0 0 3010.dat
1 2 170 -176 210 1 0 0 0 1 0 0 0 1 3005.dat
1 2 210 -176 170 1 0 0 0 1 0 0 0 1 3005.dat
1 2 120 -184 250 1 0 0 0 1 0 0 0 1 3004.dat
1 2 140 -184 210 0 0 1 0 1 0 -1 0 0 3002.dat
1 2 140 -184 290 0 0 1 0 1 0 -1 0 0 3002.dat
1 2 160 -184 340 1 0 0 0 1 0 0 0 1 3003.dat
1 2 210 -184 360 1 0 0 0 1 0 0 0 1 3002.dat
1 2 280 -184 370 1 0 0 0 1 0 0 0 1 3010.dat
1 2 300 -184 350 1 0 0 0 1 0 0 0 1 3010.dat
1 2 360 -184 280 1 0 0 0 1 0 0 0 1 3003.dat
1 2 350 -184 350 1 0 0 0 1 0 0 0 1 3005.dat
1 2 380 -184 250 1 0 0 0 1 0 0 0 1 3004.dat
1 2 240 -192 310 1 0 0 0 1 0 0 0 1 3009.dat
1 2 310 -192 310 1 0 0 0 1 0 0 0 1 3005.dat
1 2 170 -192 310 1 0 0 0 1 0 0 0 1 3005.dat
1 2 250 -192 390 1 0 0 0 1 0 0 0 1 3005.dat
1 2 330 -192 170 1 0 0 0 1 0 0 0 1 3622.dat
1 2 330 -192 330 1 0 0 0 1 0 0 0 1 3622.dat
1 2 350 -192 310 1 0 0 0 1 0 0 0 1 3622.dat
1 2 240 -200 210 1 0 0 0 1 0 0 0 1 3008.dat
1 2 210 -200 180 0 0 1 0 1 0 -1 0 0 3004.dat
1 2 210 -200 260 0 0 1 0 1 0 -1 0 0 3010.dat
1 2 210 -200 330 1 0 0 0 1 0 0 0 1 3005.dat
1 2 310 -200 260 0 0 1 0 1 0 -1 0 0 3010.dat
1 2 330 -200 210 1 0 0 0 1 0 0 0 1 3005.dat
1 2 120 -208 250 1 0 0 0 1 0 0 0 1 3004.dat
1 2 150 -216 230 1 0 0 0 1 0 0 0 1 3005.dat
1 2 240 -216 310 1 0 0 0 1 0 0 0 1 3008.dat
1 2 230 -216 150 1 0 0 0 1 0 0 0 1 3005.dat
1 2 230 -216 350 1 0 0 0 1 0 0 0 1 3005.dat
1 2 330 -216 310 1 0 0 0 1 0 0 0 1 3005.dat
1 2 350 -216 230 1 0 0 0 1 0 0 0 1 3005.dat
1 2 130 -216 290 0 0 1 0 1 0 -1 0 0 3622.dat
1 2 240 -216 130 1 0 0 0 1 0 0 0 1 3009.dat
1 2 250 -216 110 1 0 0 0 1 0 0 0 1 3005.dat
1 2 250 -216 390 1 0 0 0 1 0 0 0 1 3005.dat
1 2 390 -216 250 1 0 0 0 1 0 0 0 1 3005.dat
1 2 210 -224 260 0 0 1 0 1 0 -1 0 0 3010.dat
1 2 340 -224 210 1 0 0 0 1 0 0 0 1 3004.dat
1 2 350 -224 280 0 0 1 0 1 0 -1 0 0 3004.dat
1 2 130 -224 210 0 0 1 0 1 0 -1 0 0 3622.dat
1 14 170 -232 170 1 0 0 0 1 0 0 0 1 3005.dat
1 14 170 -232 330 1 0 0 0 1 0 0 0 1 3005.dat
1 2 320 -232 330 1 0 0 0 1 0 0 0 1 3004.dat
1 14 340 -232 150 1 0 0 0 1 0 0 0 1 3004.dat
1 2 210 -240 150 1 0 0 0 1 0 0 0 1 3622.dat
1 2 210 -240 350 1 0 0 0 1 0 0 0 1 3622.dat
1 2 210 -240 180 0 0 1 0 1 0 -1 0 0 3004.dat
1 2 210 -240 330 1 0 0 0 1 0 0 0 1 3005.dat
1 2 290 -240 150 1 0 0 0 1 0 0 0 1 3622.dat
1 2 290 -240 350 1 0 0 0 1 0 0 0 1 3622.dat
1 14 350 -240 190 1 0 0 0 1 0 0 0 1 3005.dat
1 14 170 -240 350 1 0 0 0 1 0 0 0 1 3005.dat
1 14 350 -240 170 1 0 0 0 1 0 0 0 1 3005.dat
1 14 350 -240 330 1 0 0 0 1 0 0 0 1 3005.dat
1 2 210 -248 260 0 0 1 0 1 0 -1 0 0 3010.dat
1 14 170 -248 150 1 0 0 0 1 0 0 0 1 3005.dat
1 2 210 -272 260 0 0 1 0 1 0 -1 0 0 3010.dat
1 2 310 -280 350 0 0 1 0 1 0 -1 0 0 3622.dat
1 2 210 -304 90 1 0 0 0 1 0 0 0 1 3005.dat
1 2 210 -304 360 0 0 1 0 1 0 -1 0 0 3010.dat
1 2 210 -312 160 0 0 1 0 1 0 -1 0 0 3010.dat
1 2 340 -312 210 1 0 0 0 1 0 0 0 1 3009.dat
1 2 310 -312 260 0 0 1 0 1 0 -1 0 0 3010.dat
1 2 310 -312 360 0 0 1 0 1 0 -1 0 0 3010.dat
1 2 90 -320 210 1 0 0 0 1 0 0 0 1 3005.dat
1 2 200 -320 210 1 0 0 0 1 0 0 0 1 3008.dat
1 2 210 -320 260 0 0 1 0 1 0 -1 0 0 3010.dat
1 2 120 -328 110 1 0 0 0 1 0 0 0 1 3010.dat
1 2 200 -328 310 1 0 0 0 1 0 0 0 1 3008.dat
1 2 240 -328 110 1 0 0 0 1 0 0 0 1 3008.dat
1 2 210 -328 360 0 0 1 0 1 0 -1 0 0 3010.dat
1 2 340 -328 310 1 0 0 0 1 0 0 0 1 3009.dat
1 2 310 -328 160 0 0 1 0 1 0 -1 0 0 3010.dat
1 2 330 -328 110 1 0 0 0 1 0 0 0 1 3005.dat
1 2 90 -336 310 1 0 0 0 1 0 0 0 1 3005.dat
1 2 310 -336 90 1 0 0 0 1 0 0 0 1 3005.dat
1 2 210 -336 160 0 0 1 0 1 0 -1 0 0 3010.dat
1 2 310 -336 260 0 0 1 0 1 0 -1 0 0 3010.dat
1 2 310 -336 360 0 0 1 0 1 0 -1 0 0 3010.dat
1 2 220 -344 50 1 0 0 0 1 0 0 0 1 3008.dat
1 2 220 -344 450 1 0 0 0 1 0 0 0 1 3008.dat
1 2 380 -344 110 1 0 0 0 1 0 0 0 1 3010.dat
1 2 160 -344 210 1 0 0 0 1 0 0 0 1 3008.dat
1 2 110 -344 180 0 0 1 0 1 0 -1 0 0 3004.dat
1 2 210 -344 90 1 0 0 0 1 0 0 0 1 3005.dat
1 2 210 -344 260 0 0 1 0 1 0 -1 0 0 3010.dat
1 2 320 -344 210 1 0 0 0 1 0 0 0 1 3008.dat
1 2 70 -352 210 1 0 0 0 1 0 0 0 1 3005.dat
1 2 450 -352 210 1 0 0 0 1 0 0 0 1 3622.dat
1 2 460 -352 260 0 0 1 0 1 0 -1 0 0 3001.dat
1 2 210 -352 360 0 0 1 0 1 0 -1 0 0 3010.dat
1 2 120 -360 410 1 0 0 0 1 0 0 0 1 3010.dat
1 2 170 -360 410 1 0 0 0 1 0 0 0 1 3005.dat
1 2 210 -360 70 1 0 0 0 1 0 0 0 1 3005.dat
1 2 210 -360 430 1 0 0 0 1 0 0 0 1 3005.dat
1 2 360 -360 410 1 0 0 0 1 0 0 0 1 3010.dat
1 2 410 -360 410 1 0 0 0 1 0 0 0 1 3005.dat
1 2 450 -360 310 1 0 0 0 1 0 0 0 1 3622.dat
1 2 160 -360 310 1 0 0 0 1 0 0 0 1 3008.dat
1 2 110 -360 260 0 0 1 0 1 0 -1 0 0 3010.dat
1 2 240 -360 410 1 0 0 0 1 0 0 0 1 3009.dat
1 2 210 -360 160 0 0 1 0 1 0 -1 0 0 3010.dat
1 2 320 -360 310 1 0 0 0 1 0 0 0 1 3008.dat
1 2 310 -360 260 0 0 1 0 1 0 -1 0 0 3010.dat
1 2 310 -360 360 0 0 1 0 1 0 -1 0 0 3010.dat
1 2 310 -360 410 1 0 0 0 1 0 0 0 1 3005.dat
1 2 410 -360 240 0 0 1 0 1 0 -1 0 0 3009.dat
1 2 410 -360 310 1 0 0 0 1 0 0 0 1 3005.dat
1 2 40 -368 240 0 0 1 0 1 0 -1 0 0 3007.dat
1 2 40 -368 330 1 0 0 0 1 0 0 0 1 3004.dat
1 2 60 -368 140 1 0 0 0 1 0 0 0 1 3003.dat
1 2 60 -368 360 1 0 0 0 1 0 0 0 1 3003.dat
1 2 70 -368 310 1 0 0 0 1 0 0 0 1 3005.dat
1 2 110 -368 130 1 0 0 0 1 0 0 0 1 3005.dat
1 2 110 -368 370 1 0 0 0 1 0 0 0 1 3005.dat
1 2 200 -368 50 1 0 0 0 1 0 0 0 1 3008.dat
1 2 200 -368 450 1 0 0 0 1 0 0 0 1 3008.dat
1 14 240 -368 30 1 0 0 0 1 0 0 0 1 3008.dat
1 14 240 -368 470 1 0 0 0 1 0 0 0 1 3008.dat
1 2 320 -368 50 1 0 0 0 1 0 0 0 1 3010.dat
1 2 320 -368 450 1 0 0 0 1 0 0 0 1 3010.dat
1 2 310 -368 70 1 0 0 0 1 0 0 0 1 3005.dat
1 2 310 -368 430 1 0 0 0 1 0 0 0 1 3005.dat
1 14 330 -368 30 1 0 0 0 1 0 0 0 1 3005.dat
1 14 330 -368 470 1 0 0 0 1 0 0 0 1 3005.dat
1 14 370 -368 50 1 0 0 0 1 0 0 0 1 3005.dat
1 14 400 -368 110 1 0 0 0 1 0 0 0 1 3010.dat
1 14 370 -368 450 1 0 0 0 1 0 0 0 1 3005.dat
1 2 430 -368 140 1 0 0 0 1 0 0 0 1 3002.dat
1 2 410 -368 170 1 0 0 0 1 0 0 0 1 3005.dat
1 2 410 -368 360 0 0 1 0 1 0 -1 0 0 3010.dat
1 2 440 -368 360 1 0 0 0 1 0 0 0 1 3003.dat
1 2 430 -368 390 1 0 0 0 1 0 0 0 1 3005.dat
1 14 460 -368 180 1 0 0 0 1 0 0 0 1 3003.dat
1 2 460 -368 330 1 0 0 0 1 0 0 0 1 3004.dat
1 2 160 -368 210 1 0 0 0 1 0 0 0 1 3008.dat
1 2 110 -368 170 0 0 1 0 1 0 -1 0 0 3622.dat
1 2 110 -368 340 0 0 1 0 1 0 -1 0 0 3004.dat
1 2 220 -368 110 1 0 0 0 1 0 0 0 1 3008.dat
1 2 210 -368 90 1 0 0 0 1 0 0 0 1 3005.dat
1 2 210 -368 260 0 0 1 0 1 0 -1 0 0 3010.dat
1 2 320 -368 210 1 0 0 0 1 0 0 0 1 3008.dat
1 2 310 -368 140 0 0 1 0 1 0 -1 0 0 3009.dat
1 2 340 -368 110 1 0 0 0 1 0 0 0 1 3004.dat
1 2 70 -376 210 1 0 0 0 1 0 0 0 1 3005.dat
1 2 450 -376 210 1 0 0 0 1 0 0 0 1 3622.dat
1 2 210 -376 360 0 0 1 0 1 0 -1 0 0 3010.dat
1 2 130 -384 110 1 0 0 0 1 0 0 0 1 3005.dat
1 2 450 -384 310 1 0 0 0 1 0 0 0 1 3622.dat
1 2 160 -384 310 1 0 0 0 1 0 0 0 1 3008.dat
1 2 110 -384 260 0 0 1 0 1 0 -1 0 0 3010.dat
1 2 210 -384 160 0 0 1 0 1 0 -1 0 0 3010.dat
1 2 320 -384 310 1 0 0 0 1 0 0 0 1 3008.dat
1 2 310 -384 260 0 0 1 0 1 0 -1 0 0 3010.dat
1 2 310 -384 360 0 0 1 0 1 0 -1 0 0 3010.dat
1 2 70 -392 310 1 0 0 0 1 0 0 0 1 3005.dat
1 2 110 -392 70 1 0 0 0 1 0 0 0 1 3622.dat
1 2 110 -392 430 1 0 0 0 1 0 0 0 1 3622.dat
1 2 110 -392 130 1 0 0 0 1 0 0 0 1 3005.dat
1 2 220 -392 30 1 0 0 0 1 0 0 0 1 3008.dat
1 2 220 -392 470 1 0 0 0 1 0 0 0 1 3008.dat
1 2 310 -392 70 1 0 0 0 1 0 0 0 1 3005.dat
1 2 400 -392 110 1 0 0 0 1 0 0 0 1 3010.dat
1 2 430 -392 130 1 0 0 0 1 0 0 0 1 3622.dat
1 2 430 -392 90 1 0 0 0 1 0 0 0 1 3005.dat
1 2 460 -392 170 0 0 1 0 1 0 -1 0 0 3002.dat
1 2 460 -392 340 1 0 0 0 1 0 0 0 1 3003.dat
1 2 160 -392 210 1 0 0 0 1 0 0 0 1 3008.dat
1 2 110 -392 170 0 0 1 0 1 0 -1 0 0 3622.dat
1 2 110 -392 340 0 0 1 0 1 0 -1 0 0 3004.dat
1 2 220 -392 110 1 0 0 0 1 0 0 0 1 3008.dat
1 2 210 -392 90 1 0 0 0 1 0 0 0 1 3005.dat
1 2 210 -392 260 0 0 1 0 1 0 -1 0 0 3010.dat
1 2 320 -392 210 1 0 0 0 1 0 0 0 1 3008.dat
1 2 310 -392 140 0 0 1 0 1 0 -1 0 0 3009.dat
1 2 340 -392 110 1 0 0 0 1 0 0 0 1 3004.dat
1 2 60 -400 210 1 0 0 0 1 0 0 0 1 3004.dat
1 2 60 -400 380 1 0 0 0 1 0 0 0 1 3003.dat
1 2 90 -400 90 1 0 0 0 1 0 0 0 1 3622.dat
1 2 100 -400 410 1 0 0 0 1 0 0 0 1 3010.dat
1 2 160 -400 50 1 0 0 0 1 0 0 0 1 3009.dat
1 2 110 -400 380 0 0 1 0 1 0 -1 0 0 3004.dat
1 2 160 -400 450 1 0 0 0 1 0 0 0 1 3009.dat
1 2 150 -400 410 1 0 0 0 1 0 0 0 1 3005.dat
1 14 240 -400 10 1 0 0 0 1 0 0 0 1 3010.dat
1 2 210 -400 70 1 0 0 0 1 0 0 0 1 3005.dat
1 2 210 -400 430 1 0 0 0 1 0 0 0 1 3005.dat
1 4 240 -400 490 1 0 0 0 1 0 0 0 1 3010.dat
1 14 290 -400 10 1 0 0 0 1 0 0 0 1 3005.dat
1 4 290 -400 490 1 0 0 0 1 0 0 0 1 3005.dat
1 2 330 -400 40 1 0 0 0 1 0 0 0 1 3002.dat
1 2 310 -400 450 0 0 1 0 1 0 -1 0 0 3622.dat
1 2 380 -400 410 1 0 0 0 1 0 0 0 1 3010.dat
1 2 380 -400 60 1 0 0 0 1 0 0 0 1 3003.dat
1 2 410 -400 80 0 0 1 0 1 0 -1 0 0 3004.dat
1 2 410 -400 150 1 0 0 0 1 0 0 0 1 3005.dat
1 2 410 -400 370 0 0 1 0 1 0 -1 0 0 3622.dat
1 2 460 -400 210 1 0 0 0 1 0 0 0 1 3010.dat
1 2 440 -400 380 1 0 0 0 1 0 0 0 1 3003.dat
1 2 430 -400 410 1 0 0 0 1 0 0 0 1 3005.dat
1 14 450 -400 110 1 0 0 0 1 0 0 0 1 3005.dat
1 2 480 -400 260 0 0 1 0 1 0 -1 0 0 3001.dat
1 2 240 -400 410 1 0 0 0 1 0 0 0 1 3008.dat
1 2 210 -400 360 0 0 1 0 1 0 -1 0 0 3010.dat
1 2 330 -400 410 1 0 0 0 1 0 0 0 1 3005.dat
1 2 410 -400 240 0 0 1 0 1 0 -1 0 0 3008.dat
1 2 410 -400 330 1 0 0 0 1 0 0 0 1 3005.dat
1 2 160 -408 310 1 0 0 0 1 0 0 0 1 3008.dat
1 2 110 -408 260 0 0 1 0 1 0 -1 0 0 3010.dat
1 2 210 -408 160 0 0 1 0 1 0 -1 0 0 3010.dat
1 2 320 -408 310 1 0 0 0 1 0 0 0 1 3008.dat
1 2 310 -408 260 0 0 1 0 1 0 -1 0 0 3010.dat
1 2 310 -408 360 0 0 1 0 1 0 -1 0 0 3010.dat
1 2 20 -416 240 0 0 1 0 1 0 -1 0 0 2456.dat
1 2 110 -416 130 1 0 0 0 1 0 0 0 1 3005.dat
1 2 430 -416 90 1 0 0 0 1 0 0 0 1 3005.dat
1 2 160 -416 210 1 0 0 0 1 0 0 0 1 3008.dat
1 2 110 -416 170 0 0 1 0 1 0 -1 0 0 3622.dat
1 2 110 -416 340 0 0 1 0 1 0 -1 0 0 3004.dat
1 2 220 -416 110 1 0 0 0 1 0 0 0 1 3008.dat
1 2 210 -416 90 1 0 0 0 1 0 0 0 1 3005.dat
1 2 210 -416 260 0 0 1 0 1 0 -1 0 0 3010.dat
1 2 320 -416 210 1 0 0 0 1 0 0 0 1 3008.dat
1 2 310 -416 140 0 0 1 0 1 0 -1 0 0 3009.dat
1 2 340 -416 110 1 0 0 0 1 0 0 0 1 3004.dat
1 2 90 -424 90 1 0 0 0 1 0 0 0 1 3622.dat
1 2 110 -424 380 0 0 1 0 1 0 -1 0 0 3004.dat
1 2 140 -424 450 1 0 0 0 1 0 0 0 1 3010.dat
1 2 380 -424 410 1 0 0 0 1 0 0 0 1 3010.dat
1 2 430 -424 410 1 0 0 0 1 0 0 0 1 3005.dat
1 2 240 -424 410 1 0 0 0 1 0 0 0 1 3008.dat
1 2 210 -424 360 0 0 1 0 1 0 -1 0 0 3010.dat
1 2 330 -424 410 1 0 0 0 1 0 0 0 1 3005.dat
1 2 310 -432 440 0 0 1 0 1 0 -1 0 0 3004.dat
1 2 470 -432 210 1 0 0 0 1 0 0 0 1 3622.dat
1 2 310 -432 490 1 0 0 0 1 0 0 0 1 3005.dat
1 2 200 -432 470 1 0 0 0 1 0 0 0 1 3008.dat
1 2 100 -432 430 1 0 0 0 1 0 0 0 1 3004.dat
1 2 80 -432 110 1 0 0 0 1 0 0 0 1 3010.dat
1 2 310 -432 70 1 0 0 0 1 0 0 0 1 3005.dat
1 2 60 -432 390 1 0 0 0 1 0 0 0 1 3004.dat
1 2 160 -432 310 1 0 0 0 1 0 0 0 1 3008.dat
1 2 110 -432 260 0 0 1 0 1 0 -1 0 0 3010.dat
1 2 210 -432 160 0 0 1 0 1 0 -1 0 0 3010.dat
1 2 320 -432 310 1 0 0 0 1 0 0 0 1 3008.dat
1 2 310 -432 260 0 0 1 0 1 0 -1 0 0 3010.dat
1 2 310 -432 360 0 0 1 0 1 0 -1 0 0 3010.dat
1 2 20 -440 240 0 0 1 0 1 0 -1 0 0 2456.dat
1 2 40 -440 310 1 0 0 0 1 0 0 0 1 3010.dat
1 14 40 -440 150 0 0 1 0 1 0 -1 0 0 3002.dat
1 2 40 -440 350 0 0 1 0 1 0 -1 0 0 3002.dat
1 2 50 -440 210 1 0 0 0 1 0 0 0 1 3005.dat
1 2 100 -440 410 1 0 0 0 1 0 0 0 1 3010.dat
1 2 100 -440 70 1 0 0 0 1 0 0 0 1 3004.dat
1 2 140 -440 50 1 0 0 0 1 0 0 0 1 3010.dat
1 2 200 -440 30 1 0 0 0 1 0 0 0 1 3008.dat
1 2 150 -440 410 1 0 0 0 1 0 0 0 1 3005.dat
1 14 240 -440 10 1 0 0 0 1 0 0 0 1 3009.dat
1 4 240 -440 490 1 0 0 0 1 0 0 0 1 3009.dat
1 2 320 -440 30 1 0 0 0 1 0 0 0 1 3010.dat
1 2 320 -440 470 1 0 0 0 1 0 0 0 1 3010.dat
1 2 310 -440 10 1 0 0 0 1 0 0 0 1 3005.dat
1 2 340 -440 50 1 0 0 0 1 0 0 0 1 3010.dat
1 2 360 -440 450 1 0 0 0 1 0 0 0 1 3010.dat
1 14 370 -440 30 1 0 0 0 1 0 0 0 1 3005.dat
1 14 370 -440 470 1 0 0 0 1 0 0 0 1 3005.dat
1 2 390 -440 60 0 0 1 0 1 0 -1 0 0 3004.dat
1 2 400 -440 430 1 0 0 0 1 0 0 0 1 3004.dat
1 2 410 -440 80 0 0 1 0 1 0 -1 0 0 3004.dat
1 2 410 -440 140 0 0 1 0 1 0 -1 0 0 3004.dat
1 2 410 -440 370 0 0 1 0 1 0 -1 0 0 3622.dat
1 2 430 -440 90 1 0 0 0 1 0 0 0 1 3005.dat
1 2 460 -440 310 1 0 0 0 1 0 0 0 1 3010.dat
1 2 460 -440 350 0 0 1 0 1 0 -1 0 0 3002.dat
1 2 480 -440 260 0 0 1 0 1 0 -1 0 0 3001.dat
1 2 140 -440 210 1 0 0 0 1 0 0 0 1 3008.dat
1 2 210 -440 260 0 0 1 0 1 0 -1 0 0 3010.dat
1 2 300 -440 210 1 0 0 0 1 0 0 0 1 3008.dat
1 2 410 -440 210 1 0 0 0 1 0 0 0 1 3622.dat
1 2 410 -440 180 0 0 1 0 1 0 -1 0 0 3004.dat
1 2 410 -440 280 0 0 1 0 1 0 -1 0 0 3009.dat
1 2 90 -448 90 1 0 0 0 1 0 0 0 1 3622.dat
1 2 110 -448 390 1 0 0 0 1 0 0 0 1 3005.dat
1 2 140 -448 450 1 0 0 0 1 0 0 0 1 3010.dat
1 2 210 -448 50 1 0 0 0 1 0 0 0 1 3005.dat
1 2 210 -448 450 1 0 0 0 1 0 0 0 1 3005.dat
1 2 380 -448 410 1 0 0 0 1 0 0 0 1 3010.dat
1 2 420 -448 110 1 0 0 0 1 0 0 0 1 3010.dat
1 2 460 -448 150 0 0 1 0 1 0 -1 0 0 3002.dat
1 2 480 -448 190 1 0 0 0 1 0 0 0 1 3004.dat
1 2 110 -448 160 0 0 1 0 1 0 -1 0 0 3010.dat
1 2 110 -448 350 0 0 1 0 1 0 -1 0 0 3622.dat
1 2 200 -448 110 1 0 0 0 1 0 0 0 1 3008.dat
1 2 240 -448 410 1 0 0 0 1 0 0 0 1 3008.dat
1 2 210 -448 80 0 0 1 0 1 0 -1 0 0 3004.dat
1 2 210 -448 360 0 0 1 0 1 0 -1 0 0 3010.dat
1 2 210 -448 430 1 0 0 0 1 0 0 0 1 3005.dat
1 2 320 -448 110 1 0 0 0 1 0 0 0 1 3010.dat
1 2 310 -448 90 1 0 0 0 1 0 0 0 1 3005.dat
1 2 310 -448 160 0 0 1 0 1 0 -1 0 0 3010.dat
1 2 330 -448 410 1 0 0 0 1 0 0 0 1 3005.dat
1 2 370 -448 110 1 0 0 0 1 0 0 0 1 3005.dat
1 2 80 -456 110 1 0 0 0 1 0 0 0 1 3010.dat
1 2 60 -456 390 1 0 0 0 1 0 0 0 1 3004.dat
1 2 100 -456 430 1 0 0 0 1 0 0 0 1 3004.dat
1 2 200 -456 470 1 0 0 0 1 0 0 0 1 3008.dat
1 2 310 -456 70 1 0 0 0 1 0 0 0 1 3005.dat
1 2 310 -456 440 0 0 1 0 1 0 -1 0 0 3004.dat
1 2 310 -456 490 1 0 0 0 1 0 0 0 1 3005.dat
1 2 160 -456 310 1 0 0 0 1 0 0 0 1 3008.dat
1 2 110 -456 260 0 0 1 0 1 0 -1 0 0 3010.dat
1 2 210 -456 160 0 0 1 0 1 0 -1 0 0 3010.dat
1 2 320 -456 310 1 0 0 0 1 0 0 0 1 3008.dat
1 2 310 -456 260 0 0 1 0 1 0 -1 0 0 3010.dat
1 2 310 -456 360 0 0 1 0 1 0 -1 0 0 3010.dat
1 2 20 -464 240 0 0 1 0 1 0 -1 0 0 2456.dat
1 2 40 -464 310 1 0 0 0 1 0 0 0 1 3010.dat
1 2 40 -464 150 0 0 1 0 1 0 -1 0 0 3002.dat
1 2 40 -464 350 0 0 1 0 1 0 -1 0 0 3002.dat
1 2 100 -464 410 1 0 0 0 1 0 0 0 1 3010.dat
1 2 100 -464 70 1 0 0 0 1 0 0 0 1 3004.dat
1 2 140 -464 50 1 0 0 0 1 0 0 0 1 3010.dat
1 2 200 -464 30 1 0 0 0 1 0 0 0 1 3008.dat
1 2 150 -464 410 1 0 0 0 1 0 0 0 1 3005.dat
1 14 240 -464 10 1 0 0 0 1 0 0 0 1 3009.dat
1 4 240 -464 490 1 0 0 0 1 0 0 0 1 3009.dat
1 2 320 -464 30 1 0 0 0 1 0 0 0 1 3010.dat
1 2 320 -464 470 1 0 0 0 1 0 0 0 1 3010.dat
1 2 310 -464 10 1 0 0 0 1 0 0 0 1 3005.dat
1 2 340 -464 50 1 0 0 0 1 0 0 0 1 3010.dat
1 2 360 -464 450 1 0 0 0 1 0 0 0 1 3010.dat
1 14 370 -464 30 1 0 0 0 1 0 0 0 1 3005.dat
1 14 370 -464 470 1 0 0 0 1 0 0 0 1 3005.dat
1 2 390 -464 60 0 0 1 0 1 0 -1 0 0 3004.dat
1 2 400 -464 430 1 0 0 0 1 0 0 0 1 3004.dat
1 2 410 -464 80 0 0 1 0 1 0 -1 0 0 3004.dat
1 2 410 -464 140 0 0 1 0 1 0 -1 0 0 3004.dat
1 2 410 -464 370 0 0 1 0 1 0 -1 0 0 3622.dat
1 2 430 -464 90 1 0 0 0 1 0 0 0 1 3005.dat
1 2 460 -464 310 1 0 0 0 1 0 0 0 1 3010.dat
1 2 460 -464 350 0 0 1 0 1 0 -1 0 0 3002.dat
1 2 480 -464 260 0 0 1 0 1 0 -1 0 0 3001.dat
1 2 210 -464 260 0 0 1 0 1 0 -1 0 0 3010.dat
1 2 60 -472 210 1 0 0 0 1 0 0 0 1 3004.dat
1 2 90 -472 90 1 0 0 0 1 0 0 0 1 3622.dat
1 2 110 -472 130 1 0 0 0 1 0 0 0 1 3005.dat
1 2 110 -472 380 0 0 1 0 1 0 -1 0 0 3004.dat
1 2 140 -472 450 1 0 0 0 1 0 0 0 1 3010.dat
1 2 130 -472 110 1 0 0 0 1 0 0 0 1 3005.dat
1 2 210 -472 60 0 0 1 0 1 0 -1 0 0 3004.dat
1 2 210 -472 440 0 0 1 0 1 0 -1 0 0 3004.dat
1 2 380 -472 410 1 0 0 0 1 0 0 0 1 3010.dat
1 2 400 -472 110 1 0 0 0 1 0 0 0 1 3010.dat
1 2 460 -472 210 1 0 0 0 1 0 0 0 1 3010.dat
1 2 450 -472 140 0 0 1 0 1 0 -1 0 0 3010.dat
1 2 470 -472 160 0 0 1 0 1 0 -1 0 0 3010.dat
1 2 490 -472 190 1 0 0 0 1 0 0 0 1 3005.dat
1 2 160 -472 210 1 0 0 0 1 0 0 0 1 3008.dat
1 2 110 -472 170 0 0 1 0 1 0 -1 0 0 3622.dat
1 2 110 -472 340 0 0 1 0 1 0 -1 0 0 3004.dat
1 2 220 -472 110 1 0 0 0 1 0 0 0 1 3008.dat
1 2 240 -472 410 1 0 0 0 1 0 0 0 1 3008.dat
1 2 210 -472 90 1 0 0 0 1 0 0 0 1 3005.dat
1 2 210 -472 360 0 0 1 0 1 0 -1 0 0 3010.dat
1 2 320 -472 210 1 0 0 0 1 0 0 0 1 3008.dat
1 2 310 -472 140 0 0 1 0 1 0 -1 0 0 3009.dat
1 2 340 -472 110 1 0 0 0 1 0 0 0 1 3004.dat
1 2 330 -472 410 1 0 0 0 1 0 0 0 1 3005.dat
1 2 410 -472 240 0 0 1 0 1 0 -1 0 0 3008.dat
1 2 410 -472 330 1 0 0 0 1 0 0 0 1 3005.dat
1 2 160 -480 310 1 0 0 0 1 0 0 0 1 3008.dat
1 2 110 -480 260 0 0 1 0 1 0 -1 0 0 3010.dat
1 2 210 -480 160 0 0 1 0 1 0 -1 0 0 3010.dat
1 2 320 -480 310 1 0 0 0 1 0 0 0 1 3008.dat
1 2 310 -480 260 0 0 1 0 1 0 -1 0 0 3010.dat
1 2 310 -480 360 0 0 1 0 1 0 -1 0 0 3010.dat
1 2 20 -488 240 0 0 1 0 1 0 -1 0 0 2456.dat
1 2 40 -488 310 1 0 0 0 1 0 0 0 1 3010.dat
1 2 140 -488 50 1 0 0 0 1 0 0 0 1 3010.dat
1 14 240 -488 10 1 0 0 0 1 0 0 0 1 3009.dat
1 4 240 -488 490 1 0 0 0 1 0 0 0 1 3009.dat
1 2 410 -488 80 0 0 1 0 1 0 -1 0 0 3004.dat
1 2 430 -488 90 1 0 0 0 1 0 0 0 1 3005.dat
1 2 460 -488 310 1 0 0 0 1 0 0 0 1 3010.dat
1 2 480 -488 260 0 0 1 0 1 0 -1 0 0 3001.dat
1 2 210 -488 260 0 0 1 0 1 0 -1 0 0 3010.dat
1 2 60 -496 210 1 0 0 0 1 0 0 0 1 3004.dat
1 2 60 -496 380 1 0 0 0 1 0 0 0 1 3003.dat
1 2 90 -496 90 1 0 0 0 1 0 0 0 1 3622.dat
1 2 120 -496 410 1 0 0 0 1 0 0 0 1 3009.dat
1 2 110 -496 70 1 0 0 0 1 0 0 0 1 3622.dat
1 2 110 -496 430 1 0 0 0 1 0 0 0 1 3622.dat
1 2 220 -496 30 1 0 0 0 1 0 0 0 1 3008.dat
1 2 220 -496 470 1 0 0 0 1 0 0 0 1 3008.dat
1 2 380 -496 60 1 0 0 0 1 0 0 0 1 3003.dat
1 2 410 -496 360 0 0 1 0 1 0 -1 0 0 3010.dat
1 2 460 -496 210 1 0 0 0 1 0 0 0 1 3010.dat
1 2 440 -496 380 1 0 0 0 1 0 0 0 1 3003.dat
1 2 460 -496 340 1 0 0 0 1 0 0 0 1 3003.dat
1 2 160 -496 210 1 0 0 0 1 0 0 0 1 3008.dat
1 2 210 -496 90 1 0 0 0 1 0 0 0 1 3005.dat
1 2 210 -496 360 0 0 1 0 1 0 -1 0 0 3010.dat
1 2 320 -496 210 1 0 0 0 1 0 0 0 1 3008.dat
1 2 60 -504 130 1 0 0 0 1 0 0 0 1 3004.dat
1 2 440 -504 130 1 0 0 0 1 0 0 0 1 3004.dat
1 2 210 -504 160 0 0 1 0 1 0 -1 0 0 3010.dat
1 2 310 -504 260 0 0 1 0 1 0 -1 0 0 3010.dat
1 2 310 -504 360 0 0 1 0 1 0 -1 0 0 3010.dat
1 2 100 -512 110 1 0 0 0 1 0 0 0 1 3009.dat
1 2 80 -512 310 1 0 0 0 1 0 0 0 1 3004.dat
1 2 310 -512 80 0 0 1 0 1 0 -1 0 0 3004.dat
1 2 460 -512 170 0 0 1 0 1 0 -1 0 0 3002.dat
1 2 210 -512 260 0 0 1 0 1 0 -1 0 0 3010.dat
1 2 200 -520 210 1 0 0 0 1 0 0 0 1 3008.dat
1 2 320 -528 50 1 0 0 0 1 0 0 0 1 3010.dat
1 2 310 -528 430 1 0 0 0 1 0 0 0 1 3005.dat
1 14 370 -528 450 1 0 0 0 1 0 0 0 1 3005.dat
1 2 210 -528 160 0 0 1 0 1 0 -1 0 0 3010.dat
1 2 40 -536 240 0 0 1 0 1 0 -1 0 0 3007.dat
1 2 40 -536 330 1 0 0 0 1 0 0 0 1 3004.dat
1 2 60 -536 140 1 0 0 0 1 0 0 0 1 3003.dat
1 2 60 -536 360 1 0 0 0 1 0 0 0 1 3003.dat
1 2 110 -536 160 0 0 1 0 1 0 -1 0 0 3010.dat
1 2 110 -536 350 0 0 1 0 1 0 -1 0 0 3622.dat
1 2 200 -536 50 1 0 0 0 1 0 0 0 1 3008.dat
1 2 200 -536 450 1 0 0 0 1 0 0 0 1 3008.dat
1 14 240 -536 30 1 0 0 0 1 0 0 0 1 3008.dat
1 14 240 -536 470 1 0 0 0 1 0 0 0 1 3008.dat
1 2 210 -536 430 1 0 0 0 1 0 0 0 1 3005.dat
1 2 320 -536 450 1 0 0 0 1 0 0 0 1 3010.dat
1 2 310 -536 80 0 0 1 0 1 0 -1 0 0 3004.dat
1 14 330 -536 30 1 0 0 0 1 0 0 0 1 3005.dat
1 14 330 -536 470 1 0 0 0 1 0 0 0 1 3005.dat
1 14 370 -536 50 1 0 0 0 1 0 0 0 1 3005.dat
1 2 430 -536 140 1 0 0 0 1 0 0 0 1 3002.dat
1 2 410 -536 180 0 0 1 0 1 0 -1 0 0 3004.dat
1 2 410 -536 260 0 0 1 0 1 0 -1 0 0 3010.dat
1 2 410 -536 360 0 0 1 0 1 0 -1 0 0 3010.dat
1 2 440 -536 360 1 0 0 0 1 0 0 0 1 3003.dat
1 2 430 -536 390 1 0 0 0 1 0 0 0 1 3005.dat
1 2 460 -536 180 1 0 0 0 1 0 0 0 1 3003.dat
1 2 460 -536 260 0 0 1 0 1 0 -1 0 0 3001.dat
1 2 460 -536 330 1 0 0 0 1 0 0 0 1 3004.dat
1 2 210 -536 260 0 0 1 0 1 0 -1 0 0 3010.dat
1 2 140 -544 110 1 0 0 0 1 0 0 0 1 3008.dat
1 2 160 -544 410 1 0 0 0 1 0 0 0 1 3008.dat
1 2 110 -544 260 0 0 1 0 1 0 -1 0 0 3010.dat
1 2 210 -544 80 0 0 1 0 1 0 -1 0 0 3004.dat
1 2 300 -544 110 1 0 0 0 1 0 0 0 1 3008.dat
1 2 320 -544 410 1 0 0 0 1 0 0 0 1 3008.dat
1 14 410 -544 410 1 0 0 0 1 0 0 0 1 3005.dat
1 2 220 -560 50 1 0 0 0 1 0 0 0 1 3008.dat
1 2 220 -560 450 1 0 0 0 1 0 0 0 1 3008.dat
1 2 310 -560 360 0 0 1 0 1 0 -1 0 0 3010.dat
1 2 110 -568 260 0 0 1 0 1 0 -1 0 0 3010.dat
1 2 210 -568 360 0 0 1 0 1 0 -1 0 0 3010.dat
1 2 310 -568 90 1 0 0 0 1 0 0 0 1 3005.dat
1 2 310 -568 160 0 0 1 0 1 0 -1 0 0 3010.dat
1 2 160 -576 210 1 0 0 0 1 0 0 0 1 3008.dat
1 2 210 -576 160 0 0 1 0 1 0 -1 0 0 3010.dat
1 2 310 -576 260 0 0 1 0 1 0 -1 0 0 3010.dat
1 2 210 -584 90 1 0 0 0 1 0 0 0 1 3005.dat
1 2 210 -600 360 0 0 1 0 1 0 -1 0 0 3010.dat
1 2 310 -600 160 0 0 1 0 1 0 -1 0 0 3010.dat
1 2 310 -600 260 0 0 1 0 1 0 -1 0 0 3010.dat
1 2 310 -600 360 0 0 1 0 1 0 -1 0 0 3010.dat
1 2 210 -608 160 0 0 1 0 1 0 -1 0 0 3010.dat
1 2 210 -608 260 0 0 1 0 1 0 -1 0 0 3010.dat
1 2 310 -624 260 0 0 1 0 1 0 -1 0 0 3010.dat
1 14 410 -624 310 1 0 0 0 1 0 0 0 1 3005.dat
1 2 210 -632 260 0 0 1 0 1 0 -1 0 0 3010.dat
1 2 210 -656 260 0 0 1 0 1 0 -1 0 0 3010.dat
1 2 180 -8 250 1 0 0 0 1 0 0 0 1 3460.dat
1 2 200 -8 200 1 0 0 0 1 0 0 0 1 3034.dat
1 2 200 -8 230 1 0 0 0 1 0 0 0 1 3460.dat
1 2 200 -8 280 1 0 0 0 1 0 0 0 1 3034.dat
1 2 200 -8 310 1 0 0 0 1 0 0 0 1 3460.dat
1 2 220 -8 160 1 0 0 0 1 0 0 0 1 3034.dat
1 2 220 -8 340 1 0 0 0 1 0 0 0 1 3034.dat
1 2 240 -8 370 1 0 0 0 1 0 0 0 1 3666.dat
1 2 320 -8 250 1 0 0 0 1 0 0 0 1 3666.dat
1 2 320 -8 200 1 0 0 0 1 0 0 0 1 3020.dat
1 2 320 -8 230 1 0 0 0 1 0 0 0 1 3710.dat
1 2 320 -8 280 1 0 0 0 1 0 0 0 1 3020.dat
1 2 320 -8 310 1 0 0 0 1 0 0 0 1 3710.dat
1 2 310 -8 150 0 0 1 0 1 0 -1 0 0 3623.dat
1 2 330 -8 340 1 0 0 0 1 0 0 0 1 3021.dat
1 2 310 -8 370 1 0 0 0 1 0 0 0 1 3024.dat
1 2 340 -8 160 1 0 0 0 1 0 0 0 1 3022.dat
1 2 370 -8 210 0 0 1 0 1 0 -1 0 0 3623.dat
1 2 370 -8 290 0 0 1 0 1 0 -1 0 0 3623.dat
1 2 390 -8 250 1 0 0 0 1 0 0 0 1 3024.dat
1 2 180 -16 250 1 0 0 0 1 0 0 0 1 3460.dat
1 2 200 -16 200 1 0 0 0 1 0 0 0 1 3034.dat
1 2 200 -16 230 1 0 0 0 1 0 0 0 1 3460.dat
1 2 200 -16 280 1 0 0 0 1 0 0 0 1 3034.dat
1 2 200 -16 310 1 0 0 0 1 0 0 0 1 3460.dat
1 2 220 -16 160 1 0 0 0 1 0 0 0 1 3034.dat
1 2 220 -16 340 1 0 0 0 1 0 0 0 1 3034.dat
1 2 240 -16 370 1 0 0 0 1 0 0 0 1 3666.dat
1 2 320 -16 250 1 0 0 0 1 0 0 0 1 3666.dat
1 2 320 -16 200 1 0 0 0 1 0 0 0 1 3020.dat
1 2 320 -16 230 1 0 0 0 1 0 0 0 1 3710.dat
1 2 320 -16 280 1 0 0 0 1 0 0 0 1 3020.dat
1 2 320 -16 310 1 0 0 0 1 0 0 0 1 3710.dat
1 2 310 -16 150 0 0 1 0 1 0 -1 0 0 3623.dat
1 2 330 -16 340 1 0 0 0 1 0 0 0 1 3021.dat
1 2 310 -16 370 1 0 0 0 1 0 0 0 1 3024.dat
1 2 340 -16 160 1 0 0 0 1 0 0 0 1 3022.dat
1 2 370 -16 210 0 0 1 0 1 0 -1 0 0 3623.dat
1 2 370 -16 290 0 0 1 0 1 0 -1 0 0 3623.dat
1 2 390 -16 250 1 0 0 0 1 0 0 0 1 3024.dat
1 2 180 -24 150 1 0 0 0 1 0 0 0 1 3710.dat
1 2 160 -24 170 1 0 0 0 1 0 0 0 1 3023.dat
1 2 230 -24 150 1 0 0 0 1 0 0 0 1 3024.dat
1 2 300 -24 150 1 0 0 0 1 0 0 0 1 3710.dat
1 2 310 -24 130 1 0 0 0 1 0 0 0 1 3024.dat
1 2 350 -24 150 1 0 0 0 1 0 0 0 1 3024.dat
1 2 160 -32 160 1 0 0 0 1 0 0 0 1 3022.dat
1 2 210 -32 140 1 0 0 0 1 0 0 0 1 3021.dat
1 2 250 -32 120 0 0 1 0 1 0 -1 0 0 3023.dat
1 2 290 -32 140 1 0 0 0 1 0 0 0 1 3021.dat
1 2 340 -32 150 1 0 0 0 1 0 0 0 1 3023.dat
1 2 180 -40 150 1 0 0 0 1 0 0 0 1 3710.dat
1 2 160 -40 170 1 0 0 0 1 0 0 0 1 3023.dat
1 2 240 -40 130 1 0 0 0 1 0 0 0 1 3666.dat
1 2 230 -40 150 1 0 0 0 1 0 0 0 1 3024.dat
1 2 250 -40 110 1 0 0 0 1 0 0 0 1 3024.dat
1 2 300 -40 150 1 0 0 0 1 0 0 0 1 3710.dat
1 2 310 -40 130 1 0 0 0 1 0 0 0 1 3024.dat
1 2 350 -40 150 1 0 0 0 1 0 0 0 1 3024.dat
1 2 160 -48 160 1 0 0 0 1 0 0 0 1 3022.dat
1 2 210 -48 140 1 0 0 0 1 0 0 0 1 3021.dat
1 2 250 -48 120 0 0 1 0 1 0 -1 0 0 3023.dat
1 2 290 -48 140 1 0 0 0 1 0 0 0 1 3021.dat
1 2 340 -48 150 1 0 0 0 1 0 0 0 1 3023.dat
1 2 180 -56 150 1 0 0 0 1 0 0 0 1 3710.dat
1 2 160 -56 170 1 0 0 0 1 0 0 0 1 3023.dat
1 2 240 -56 130 1 0 0 0 1 0 0 0 1 3666.dat
1 2 230 -56 150 1 0 0 0 1 0 0 0 1 3024.dat
1 2 250 -56 110 1 0 0 0 1 0 0 0 1 3024.dat
1 2 300 -56 150 1 0 0 0 1 0 0 0 1 3710.dat
1 2 310 -56 130 1 0 0 0 1 0 0 0 1 3024.dat
1 2 350 -56 150 1 0 0 0 1 0 0 0 1 3024.dat
1 2 160 -64 160 1 0 0 0 1 0 0 0 1 3022.dat
1 2 210 -64 140 1 0 0 0 1 0 0 0 1 3021.dat
1 2 250 -64 120 0 0 1 0 1 0 -1 0 0 3023.dat
1 2 290 -64 140 1 0 0 0 1 0 0 0 1 3021.dat
1 2 340 -64 150 1 0 0 0 1 0 0 0 1 3023.dat
1 2 180 -72 150 1 0 0 0 1 0 0 0 1 3710.dat
1 2 160 -72 170 1 0 0 0 1 0 0 0 1 3023.dat
1 2 240 -72 130 1 0 0 0 1 0 0 0 1 3666.dat
1 2 230 -72 150 1 0 0 0 1 0 0 0 1 3024.dat
1 2 250 -72 110 1 0 0 0 1 0 0 0 1 3024.dat
1 2 300 -72 150 1 0 0 0 1 0 0 0 1 3710.dat
1 2 310 -72 130 1 0 0 0 1 0 0 0 1 3024.dat
1 2 350 -72 150 1 0 0 0 1 0 0 0 1 3024.dat
1 2 160 -80 160 1 0 0 0 1 0 0 0 1 3022.dat
1 2 210 -80 140 1 0 0 0 1 0 0 0 1 3021.dat
1 2 250 -80 120 0 0 1 0 1 0 -1 0 0 3023.dat
1 2 290 -80 140 1 0 0 0 1 0 0 0 1 3021.dat
1 2 340 -80 150 1 0 0 0 1 0 0 0 1 3023.dat
1 2 180 -88 150 1 0 0 0 1 0 0 0 1 3710.dat
1 2 160 -88 170 1 0 0 0 1 0 0 0 1 3023.dat
1 2 240 -88 130 1 0 0 0 1 0 0 0 1 3666.dat
1 2 230 -88 150 1 0 0 0 1 0 0 0 1 3024.dat
1 2 250 -88 110 1 0 0 0 1 0 0 0 1 3024.dat
1 2 300 -88 150 1 0 0 0 1 0 0 0 1 3710.dat
1 2 310 -88 130 1 0 0 0 1 0 0 0 1 3024.dat
1 2 350 -88 150 1 0 0 0 1 0 0 0 1 3024.dat
1 2 160 -96 160 1 0 0 0 1 0 0 0 1 3022.dat
1 2 210 -96 140 1 0 0 0 1 0 0 0 1 3021.dat
1 2 250 -96 120 0 0 1 0 1 0 -1 0 0 3023.dat
1 2 290 -96 140 1 0 0 0 1 0 0 0 1 3021.dat
1 2 340 -96 150 1 0 0 0 1 0 0 0 1 3023.dat
1 2 180 -104 150 1 0 0 0 1 0 0 0 1 3710.dat
1 2 160 -104 170 1 0 0 0 1 0 0 0 1 3023.dat
1 2 240 -104 130 1 0 0 0 1 0 0 0 1 3666.dat
1 2 230 -104 150 1 0 0 0 1 0 0 0 1 3024.dat
1 2 250 -104 110 1 0 0 0 1 0 0 0 1 3024.dat
1 2 300 -104 150 1 0 0 0 1 0 0 0 1 3710.dat
1 2 310 -104 130 1 0 0 0 1 0 0 0 1 3024.dat
1 2 350 -104 150 1 0 0 0 1 0 0 0 1 3024.dat
1 2 160 -112 160 1 0 0 0 1 0 0 0 1 3022.dat
1 2 210 -112 140 1 0 0 0 1 0 0 0 1 3021.dat
1 2 250 -112 120 0 0 1 0 1 0 -1 0 0 3023.dat
1 2 290 -112 140 1 0 0 0 1 0 0 0 1 3021.dat
1 2 340 -112 150 1 0 0 0 1 0 0 0 1 3023.dat
1 2 210 -120 250 1 0 0 0 1 0 0 0 1 3024.dat
1 2 250 -120 210 1 0 0 0 1 0 0 0 1 3024.dat
1 2 180 -120 150 1 0 0 0 1 0 0 0 1 3710.dat
1 2 160 -120 170 1 0 0 0 1 0 0 0 1 3023.dat
1 2 200 -120 210 1 0 0 0 1 0 0 0 1 3710.dat
1 2 240 -120 130 1 0 0 0 1 0 0 0 1 3666.dat
1 2 210 -120 230 1 0 0 0 1 0 0 0 1 3024.dat
1 2 210 -120 280 0 0 1 0 1 0 -1 0 0 3023.dat
1 2 230 -120 150 1 0 0 0 1 0 0 0 1 3024.dat
1 2 250 -120 110 1 0 0 0 1 0 0 0 1 3024.dat
1 2 300 -120 150 1 0 0 0 1 0 0 0 1 3710.dat
1 2 320 -120 210 1 0 0 0 1 0 0 0 1 3666.dat
1 2 310 -120 130 1 0 0 0 1 0 0 0 1 3024.dat
1 2 350 -120 150 1 0 0 0 1 0 0 0 1 3024.dat
1 2 210 -128 250 0 0 1 0 1 0 -1 0 0 3623.dat
1 2 250 -128 210 1 0 0 0 1 0 0 0 1 3623.dat
1 2 160 -128 160 1 0 0 0 1 0 0 0 1 3022.dat
1 2 190 -128 210 1 0 0 0 1 0 0 0 1 3623.dat
1 2 210 -128 140 1 0 0 0 1 0 0 0 1 3021.dat
1 2 210 -128 290 1 0 0 0 1 0 0 0 1 3024.dat
1 2 250 -128 120 0 0 1 0 1 0 -1 0 0 3023.dat
1 2 290 -128 140 1 0 0 0 1 0 0 0 1 3021.dat
1 2 320 -128 210 1 0 0 0 1 0 0 0 1 3710.dat
1 2 340 -128 150 1 0 0 0 1 0 0 0 1 3023.dat
1 2 370 -128 210 1 0 0 0 1 0 0 0 1 3024.dat
1 2 210 -136 250 0 0 1 0 1 0 -1 0 0 3623.dat
1 2 250 -136 210 1 0 0 0 1 0 0 0 1 3623.dat
1 2 180 -136 150 1 0 0 0 1 0 0 0 1 3710.dat
1 2 160 -136 170 1 0 0 0 1 0 0 0 1 3023.dat
1 2 190 -136 210 1 0 0 0 1 0 0 0 1 3623.dat
1 2 240 -136 130 1 0 0 0 1 0 0 0 1 3666.dat
1 2 210 -136 290 1 0 0 0 1 0 0 0 1 3024.dat
1 2 230 -136 150 1 0 0 0 1 0 0 0 1 3024.dat
1 2 250 -136 110 1 0 0 0 1 0 0 0 1 3024.dat
1 2 300 -136 150 1 0 0 0 1 0 0 0 1 3710.dat
1 2 320 -136 210 1 0 0 0 1 0 0 0 1 3710.dat
1 2 310 -136 130 1 0 0 0 1 0 0 0 1 3024.dat
1 2 350 -136 150 1 0 0 0 1 0 0 0 1 3024.dat
1 2 370 -136 210 1 0 0 0 1 0 0 0 1 3024.dat
1 2 240 -144 210 1 0 0 0 1 0 0 0 1 3710.dat
1 2 210 -144 260 0 0 1 0 1 0 -1 0 0 3710.dat
1 2 250 -144 310 1 0 0 0 1 0 0 0 1 3024.dat
1 2 290 -144 210 1 0 0 0 1 0 0 0 1 3024.dat
1 2 310 -144 250 1 0 0 0 1 0 0 0 1 3024.dat
1 2 160 -144 160 1 0 0 0 1 0 0 0 1 3022.dat
1 2 180 -144 210 1 0 0 0 1 0 0 0 1 3023.dat
1 2 200 -144 310 1 0 0 0 1 0 0 0 1 3710.dat
1 2 210 -144 140 1 0 0 0 1 0 0 0 1 3021.dat
1 2 210 -144 180 0 0 1 0 1 0 -1 0 0 3023.dat
1 2 250 -144 120 0 0 1 0 1 0 -1 0 0 3023.dat
1 2 290 -144 140 1 0 0 0 1 0 0 0 1 3021.dat
1 2 320 -144 310 1 0 0 0 1 0 0 0 1 3666.dat
1 2 310 -144 200 0 0 1 0 1 0 -1 0 0 3710.dat
1 2 310 -144 280 0 0 1 0 1 0 -1 0 0 3023.dat
1 2 330 -144 330 1 0 0 0 1 0 0 0 1 3623.dat
1 2 340 -144 160 1 0 0 0 1 0 0 0 1 3022.dat
1 2 210 -152 240 0 0 1 0 1 0 -1 0 0 3710.dat
1 2 210 -152 290 1 0 0 0 1 0 0 0 1 3024.dat
1 2 260 -152 210 1 0 0 0 1 0 0 0 1 3710.dat
1 2 250 -152 310 1 0 0 0 1 0 0 0 1 3623.dat
1 2 310 -152 250 0 0 1 0 1 0 -1 0 0 3623.dat
1 2 180 -152 150 1 0 0 0 1 0 0 0 1 3710.dat
1 2 160 -152 170 1 0 0 0 1 0 0 0 1 3023.dat
1 2 180 -152 210 1 0 0 0 1 0 0 0 1 3023.dat
1 2 190 -152 310 1 0 0 0 1 0 0 0 1 3623.dat
1 2 240 -152 130 1 0 0 0 1 0 0 0 1 3666.dat
1 2 210 -152 180 0 0 1 0 1 0 -1 0 0 3023.dat
1 2 230 -152 150 1 0 0 0 1 0 0 0 1 3024.dat
1 2 250 -152 110 1 0 0 0 1 0 0 0 1 3024.dat
1 2 300 -152 150 1 0 0 0 1 0 0 0 1 3710.dat
1 2 320 -152 310 1 0 0 0 1 0 0 0 1 3710.dat
1 2 310 -152 130 1 0 0 0 1 0 0 0 1 3024.dat
1 2 310 -152 200 0 0 1 0 1 0 -1 0 0 3023.dat
1 2 310 -152 290 1 0 0 0 1 0 0 0 1 3024.dat
1 2 330 -152 330 1 0 0 0 1 0 0 0 1 3623.dat
1 2 350 -152 150 1 0 0 0 1 0 0 0 1 3024.dat
1 2 240 -160 310 1 0 0 0 1 0 0 0 1 3710.dat
1 2 290 -160 310 1 0 0 0 1 0 0 0 1 3024.dat
1 2 310 -160 240 0 0 1 0 1 0 -1 0 0 3710.dat
1 2 310 -160 290 1 0 0 0 1 0 0 0 1 3024.dat
1 2 160 -160 160 1 0 0 0 1 0 0 0 1 3022.dat
1 2 180 -160 310 1 0 0 0 1 0 0 0 1 3023.dat
1 2 210 -160 140 1 0 0 0 1 0 0 0 1 3021.dat
1 2 250 -160 120 0 0 1 0 1 0 -1 0 0 3023.dat
1 2 290 -160 140 1 0 0 0 1 0 0 0 1 3021.dat
1 2 310 -160 190 1 0 0 0 1 0 0 0 1 3024.dat
1 2 330 -160 320 1 0 0 0 1 0 0 0 1 3021.dat
1 2 340 -160 150 1 0 0 0 1 0 0 0 1 3023.dat
1 2 310 -168 270 0 0 1 0 1 0 -1 0 0 3623.dat
1 2 260 -168 310 1 0 0 0 1 0 0 0 1 3710.dat
1 2 310 -168 220 0 0 1 0 1 0 -1 0 0 3023.dat
1 2 210 -168 310 1 0 0 0 1 0 0 0 1 3024.dat
1 2 180 -168 150 1 0 0 0 1 0 0 0 1 3710.dat
1 2 160 -168 170 1 0 0 0 1 0 0 0 1 3023.dat
1 2 180 -168 310 1 0 0 0 1 0 0 0 1 3023.dat
1 2 240 -168 130 1 0 0 0 1 0 0 0 1 3666.dat
1 2 210 -168 330 1 0 0 0 1 0 0 0 1 3024.dat
1 2 230 -168 150 1 0 0 0 1 0 0 0 1 3024.dat
1 2 250 -168 110 1 0 0 0 1 0 0 0 1 3024.dat
1 2 300 -168 150 1 0 0 0 1 0 0 0 1 3710.dat
1 2 310 -168 130 1 0 0 0 1 0 0 0 1 3024.dat
1 2 310 -168 190 1 0 0 0 1 0 0 0 1 3024.dat
1 2 330 -168 320 1 0 0 0 1 0 0 0 1 3021.dat
1 2 350 -168 210 1 0 0 0 1 0 0 0 1 3623.dat
1 2 350 -168 150 1 0 0 0 1 0 0 0 1 3024.dat
1 2 360 -168 190 1 0 0 0 1 0 0 0 1 3023.dat
1 2 360 -168 230 1 0 0 0 1 0 0 0 1 3023.dat
1 2 310 -176 240 0 0 1 0 1 0 -1 0 0 3666.dat
1 2 160 -176 160 1 0 0 0 1 0 0 0 1 3022.dat
1 2 210 -176 140 1 0 0 0 1 0 0 0 1 3021.dat
1 2 210 -176 330 1 0 0 0 1 0 0 0 1 3024.dat
1 2 250 -176 120 0 0 1 0 1 0 -1 0 0 3023.dat
1 2 290 -176 140 1 0 0 0 1 0 0 0 1 3021.dat
1 2 340 -176 150 1 0 0 0 1 0 0 0 1 3023.dat
1 2 350 -176 210 1 0 0 0 1 0 0 0 1 3623.dat
1 2 360 -176 190 1 0 0 0 1 0 0 0 1 3023.dat
1 2 360 -176 230 1 0 0 0 1 0 0 0 1 3023.dat
1 2 310 -184 190 1 0 0 0 1 0 0 0 1 3024.dat
1 2 180 -184 150 1 0 0 0 1 0 0 0 1 3710.dat
1 2 160 -184 170 1 0 0 0 1 0 0 0 1 3023.dat
1 2 240 -184 130 1 0 0 0 1 0 0 0 1 3666.dat
1 2 230 -184 150 1 0 0 0 1 0 0 0 1 3024.dat
1 2 250 -184 110 1 0 0 0 1 0 0 0 1 3024.dat
1 2 300 -184 150 1 0 0 0 1 0 0 0 1 3710.dat
1 2 310 -184 130 1 0 0 0 1 0 0 0 1 3024.dat
1 2 350 -184 150 1 0 0 0 1 0 0 0 1 3024.dat
1 2 360 -184 210 0 0 1 0 1 0 -1 0 0 3021.dat
1 2 310 -192 190 1 0 0 0 1 0 0 0 1 3024.dat
1 2 140 -192 210 0 0 1 0 1 0 -1 0 0 3021.dat
1 2 140 -192 290 0 0 1 0 1 0 -1 0 0 3021.dat
1 2 160 -192 160 1 0 0 0 1 0 0 0 1 3022.dat
1 2 160 -192 340 1 0 0 0 1 0 0 0 1 3022.dat
1 2 210 -192 140 1 0 0 0 1 0 0 0 1 3021.dat
1 2 210 -192 360 1 0 0 0 1 0 0 0 1 3021.dat
1 2 250 -192 120 0 0 1 0 1 0 -1 0 0 3023.dat
1 2 280 -192 370 1 0 0 0 1 0 0 0 1 3710.dat
1 2 290 -192 140 1 0 0 0 1 0 0 0 1 3021.dat
1 2 300 -192 350 1 0 0 0 1 0 0 0 1 3710.dat
1 2 340 -192 150 1 0 0 0 1 0 0 0 1 3023.dat
1 2 360 -192 210 0 0 1 0 1 0 -1 0 0 3021.dat
1 2 360 -192 280 1 0 0 0 1 0 0 0 1 3022.dat
1 2 350 -192 350 1 0 0 0 1 0 0 0 1 3024.dat
1 2 380 -192 250 1 0 0 0 1 0 0 0 1 3023.dat
1 2 150 -200 270 1 0 0 0 1 0 0 0 1 3024.dat
1 2 270 -200 150 1 0 0 0 1 0 0 0 1 3024.dat
1 2 270 -200 350 1 0 0 0 1 0 0 0 1 3024.dat
1 2 310 -200 180 0 0 1 0 1 0 -1 0 0 3023.dat
1 2 310 -200 330 1 0 0 0 1 0 0 0 1 3024.dat
1 2 350 -200 270 1 0 0 0 1 0 0 0 1 3024.dat
1 2 140 -200 200 1 0 0 0 1 0 0 0 1 3022.dat
1 2 130 -200 230 1 0 0 0 1 0 0 0 1 3024.dat
1 2 180 -200 150 1 0 0 0 1 0 0 0 1 3710.dat
1 2 160 -200 170 1 0 0 0 1 0 0 0 1 3023.dat
1 2 150 -200 320 0 0 1 0 1 0 -1 0 0 3710.dat
1 2 170 -200 340 0 0 1 0 1 0 -1 0 0 3023.dat
1 2 200 -200 360 1 0 0 0 1 0 0 0 1 3022.dat
1 2 260 -200 370 1 0 0 0 1 0 0 0 1 3710.dat
1 2 320 -200 150 1 0 0 0 1 0 0 0 1 3710.dat
1 2 320 -200 350 1 0 0 0 1 0 0 0 1 3710.dat
1 2 310 -200 130 1 0 0 0 1 0 0 0 1 3024.dat
1 2 310 -200 370 1 0 0 0 1 0 0 0 1 3024.dat
1 2 340 -200 170 1 0 0 0 1 0 0 0 1 3023.dat
1 2 340 -200 330 1 0 0 0 1 0 0 0 1 3023.dat
1 2 360 -200 200 1 0 0 0 1 0 0 0 1 3022.dat
1 2 360 -200 300 1 0 0 0 1 0 0 0 1 3022.dat
1 2 370 -200 250 0 0 1 0 1 0 -1 0 0 3623.dat
1 2 220 -208 210 1 0 0 0 1 0 0 0 1 3460.dat
1 2 150 -208 280 0 0 1 0 1 0 -1 0 0 3023.dat
1 2 210 -208 170 0 0 1 0 1 0 -1 0 0 3623.dat
1 2 210 -208 340 0 0 1 0 1 0 -1 0 0 3023.dat
1 2 280 -208 150 1 0 0 0 1 0 0 0 1 3023.dat
1 2 280 -208 350 1 0 0 0 1 0 0 0 1 3023.dat
1 2 310 -208 220 0 0 1 0 1 0 -1 0 0 3666.dat
1 2 310 -208 290 1 0 0 0 1 0 0 0 1 3024.dat
1 2 310 -208 330 1 0 0 0 1 0 0 0 1 3024.dat
1 14 160 -208 160 1 0 0 0 1 0 0 0 1 3022.dat
1 2 150 -208 190 1 0 0 0 1 0 0 0 1 3024.dat
1 2 150 -208 330 0 0 1 0 1 0 -1 0 0 3623.dat
1 14 170 -208 340 0 0 1 0 1 0 -1 0 0 3023.dat
1 2 190 -208 150 1 0 0 0 1 0 0 0 1 3024.dat
1 2 190 -208 360 0 0 1 0 1 0 -1 0 0 3023.dat
1 2 260 -208 370 1 0 0 0 1 0 0 0 1 3666.dat
1 2 310 -208 140 0 0 1 0 1 0 -1 0 0 3023.dat
1 2 330 -208 350 1 0 0 0 1 0 0 0 1 3623.dat
1 2 340 -208 160 1 0 0 0 1 0 0 0 1 3022.dat
1 2 340 -208 330 1 0 0 0 1 0 0 0 1 3023.dat
1 2 360 -208 190 1 0 0 0 1 0 0 0 1 3023.dat
1 2 360 -208 310 1 0 0 0 1 0 0 0 1 3023.dat
1 2 370 -208 240 0 0 1 0 1 0 -1 0 0 3710.dat
1 2 370 -208 290 1 0 0 0 1 0 0 0 1 3024.dat
1 2 220 -216 210 1 0 0 0 1 0 0 0 1 3460.dat
1 2 150 -216 280 0 0 1 0 1 0 -1 0 0 3023.dat
1 2 210 -216 170 0 0 1 0 1 0 -1 0 0 3623.dat
1 2 210 -216 340 0 0 1 0 1 0 -1 0 0 3023.dat
1 2 280 -216 150 1 0 0 0 1 0 0 0 1 3023.dat
1 2 280 -216 350 1 0 0 0 1 0 0 0 1 3023.dat
1 2 310 -216 220 0 0 1 0 1 0 -1 0 0 3666.dat
1 2 310 -216 290 1 0 0 0 1 0 0 0 1 3024.dat
1 2 330 -216 170 1 0 0 0 1 0 0 0 1 3024.dat
1 2 120 -216 250 1 0 0 0 1 0 0 0 1 3023.dat
1 2 170 -216 150 1 0 0 0 1 0 0 0 1 3623.dat
1 2 150 -216 180 0 0 1 0 1 0 -1 0 0 3023.dat
1 2 150 -216 330 0 0 1 0 1 0 -1 0 0 3623.dat
1 14 180 -216 350 1 0 0 0 1 0 0 0 1 3023.dat
1 2 240 -216 370 1 0 0 0 1 0 0 0 1 3666.dat
1 2 310 -216 140 0 0 1 0 1 0 -1 0 0 3023.dat
1 2 330 -216 350 1 0 0 0 1 0 0 0 1 3623.dat
1 2 310 -216 370 1 0 0 0 1 0 0 0 1 3024.dat
1 14 350 -216 180 0 0 1 0 1 0 -1 0 0 3023.dat
1 14 350 -216 320 0 0 1 0 1 0 -1 0 0 3023.dat
1 2 370 -216 240 0 0 1 0 1 0 -1 0 0 3666.dat
1 2 370 -216 310 1 0 0 0 1 0 0 0 1 3024.dat
1 2 150 -224 210 0 0 1 0 1 0 -1 0 0 3623.dat
1 2 150 -224 290 0 0 1 0 1 0 -1 0 0 3623.dat
1 2 240 -224 210 1 0 0 0 1 0 0 0 1 3460.dat
1 2 240 -224 310 1 0 0 0 1 0 0 0 1 3460.dat
1 2 320 -224 170 1 0 0 0 1 0 0 0 1 3023.dat
1 2 310 -224 190 1 0 0 0 1 0 0 0 1 3024.dat
1 2 310 -224 260 0 0 1 0 1 0 -1 0 0 3710.dat
1 2 340 -224 310 1 0 0 0 1 0 0 0 1 3023.dat
1 2 350 -224 230 1 0 0 0 1 0 0 0 1 3024.dat
1 4 120 -224 250 1 0 0 0 1 0 0 0 1 3023.dat
1 2 130 -224 290 0 0 1 0 1 0 -1 0 0 3623.dat
1 14 160 -224 150 1 0 0 0 1 0 0 0 1 3023.dat
1 2 150 -224 170 1 0 0 0 1 0 0 0 1 3024.dat
1 2 150 -224 340 0 0 1 0 1 0 -1 0 0 3023.dat
1 2 240 -224 130 1 0 0 0 1 0 0 0 1 3666.dat
1 2 240 -224 370 1 0 0 0 1 0 0 0 1 3666.dat
1 2 250 -224 110 1 0 0 0 1 0 0 0 1 3024.dat
1 2 250 -224 390 1 0 0 0 1 0 0 0 1 3024.dat
1 2 310 -224 130 1 0 0 0 1 0 0 0 1 3024.dat
1 2 310 -224 370 1 0 0 0 1 0 0 0 1 3024.dat
1 2 340 -224 350 1 0 0 0 1 0 0 0 1 3023.dat
1 2 370 -224 240 0 0 1 0 1 0 -1 0 0 3666.dat
1 2 370 -224 310 1 0 0 0 1 0 0 0 1 3024.dat
1 2 390 -224 250 1 0 0 0 1 0 0 0 1 3024.dat
1 4 130 -232 250 0 0 1 0 1 0 -1 0 0 3623.dat
1 14 150 -232 210 0 0 1 0 1 0 -1 0 0 3623.dat
1 2 150 -232 290 0 0 1 0 1 0 -1 0 0 3623.dat
1 2 240 -232 210 1 0 0 0 1 0 0 0 1 3460.dat
1 2 240 -232 310 1 0 0 0 1 0 0 0 1 3460.dat
1 2 250 -232 130 1 0 0 0 1 0 0 0 1 3623.dat
1 2 250 -232 370 1 0 0 0 1 0 0 0 1 3623.dat
1 2 310 -232 180 0 0 1 0 1 0 -1 0 0 3023.dat
1 2 310 -232 260 0 0 1 0 1 0 -1 0 0 3710.dat
1 2 330 -232 170 1 0 0 0 1 0 0 0 1 3024.dat
1 2 340 -232 210 1 0 0 0 1 0 0 0 1 3023.dat
1 2 340 -232 310 1 0 0 0 1 0 0 0 1 3023.dat
1 2 360 -232 230 1 0 0 0 1 0 0 0 1 3023.dat
1 2 360 -232 270 1 0 0 0 1 0 0 0 1 3023.dat
1 2 350 -232 290 1 0 0 0 1 0 0 0 1 3024.dat
1 2 370 -232 250 1 0 0 0 1 0 0 0 1 3024.dat
1 4 110 -232 250 1 0 0 0 1 0 0 0 1 3024.dat
1 2 130 -232 200 0 0 1 0 1 0 -1 0 0 3023.dat
1 2 130 -232 300 0 0 1 0 1 0 -1 0 0 3023.dat
1 14 150 -232 160 0 0 1 0 1 0 -1 0 0 3023.dat
1 14 150 -232 340 0 0 1 0 1 0 -1 0 0 3023.dat
1 2 200 -232 130 1 0 0 0 1 0 0 0 1 3023.dat
1 2 200 -232 370 1 0 0 0 1 0 0 0 1 3023.dat
1 2 250 -232 110 1 0 0 0 1 0 0 0 1 3024.dat
1 2 250 -232 390 1 0 0 0 1 0 0 0 1 3024.dat
1 2 300 -232 130 1 0 0 0 1 0 0 0 1 3023.dat
1 2 300 -232 370 1 0 0 0 1 0 0 0 1 3023.dat
1 14 340 -232 350 1 0 0 0 1 0 0 0 1 3023.dat
1 2 370 -232 200 0 0 1 0 1 0 -1 0 0 3023.dat
1 2 370 -232 300 0 0 1 0 1 0 -1 0 0 3023.dat
1 2 390 -232 250 1 0 0 0 1 0 0 0 1 3024.dat
1 4 120 -240 250 1 0 0 0 1 0 0 0 1 3023.dat
1 2 200 -240 210 1 0 0 0 1 0 0 0 1 3460.dat
1 2 140 -240 230 1 0 0 0 1 0 0 0 1 3023.dat
1 2 140 -240 280 1 0 0 0 1 0 0 0 1 3022.dat
1 2 150 -240 150 1 0 0 0 1 0 0 0 1 3024.dat
1 14 150 -240 190 1 0 0 0 1 0 0 0 1 3024.dat
1 2 220 -240 310 1 0 0 0 1 0 0 0 1 3460.dat
1 2 150 -240 350 1 0 0 0 1 0 0 0 1 3024.dat
1 14 170 -240 170 1 0 0 0 1 0 0 0 1 3024.dat
1 14 170 -240 330 1 0 0 0 1 0 0 0 1 3024.dat
1 14 240 -240 130 1 0 0 0 1 0 0 0 1 3710.dat
1 14 240 -240 370 1 0 0 0 1 0 0 0 1 3710.dat
1 2 250 -240 110 1 0 0 0 1 0 0 0 1 3024.dat
1 2 250 -240 390 1 0 0 0 1 0 0 0 1 3024.dat
1 2 290 -240 130 1 0 0 0 1 0 0 0 1 3024.dat
1 2 320 -240 210 1 0 0 0 1 0 0 0 1 3710.dat
1 2 290 -240 370 1 0 0 0 1 0 0 0 1 3024.dat
1 2 320 -240 170 1 0 0 0 1 0 0 0 1 3023.dat
1 2 310 -240 190 1 0 0 0 1 0 0 0 1 3024.dat
1 2 310 -240 280 0 0 1 0 1 0 -1 0 0 3666.dat
1 2 330 -240 320 0 0 1 0 1 0 -1 0 0 3023.dat
1 2 350 -240 150 1 0 0 0 1 0 0 0 1 3024.dat
1 2 360 -240 230 1 0 0 0 1 0 0 0 1 3023.dat
1 14 360 -240 280 1 0 0 0 1 0 0 0 1 3022.dat
1 2 350 -240 310 1 0 0 0 1 0 0 0 1 3024.dat
1 2 350 -240 350 1 0 0 0 1 0 0 0 1 3024.dat
1 2 370 -240 210 1 0 0 0 1 0 0 0 1 3024.dat
1 2 380 -240 250 1 0 0 0 1 0 0 0 1 3023.dat
1 2 130 -240 190 1 0 0 0 1 0 0 0 1 3024.dat
1 2 130 -240 310 1 0 0 0 1 0 0 0 1 3024.dat
1 14 150 -240 170 1 0 0 0 1 0 0 0 1 3024.dat
1 14 150 -240 330 1 0 0 0 1 0 0 0 1 3024.dat
1 2 190 -240 130 1 0 0 0 1 0 0 0 1 3024.dat
1 2 190 -240 370 1 0 0 0 1 0 0 0 1 3024.dat
1 2 310 -240 130 1 0 0 0 1 0 0 0 1 3024.dat
1 2 310 -240 370 1 0 0 0 1 0 0 0 1 3024.dat
1 14 330 -240 150 1 0 0 0 1 0 0 0 1 3024.dat
1 14 330 -240 350 1 0 0 0 1 0 0 0 1 3024.dat
1 2 370 -240 190 1 0 0 0 1 0 0 0 1 3024.dat
1 2 370 -240 310 1 0 0 0 1 0 0 0 1 3024.dat
1 4 110 -248 240 0 0 1 0 1 0 -1 0 0 3666.dat
1 2 180 -248 310 1 0 0 0 1 0 0 0 1 3460.dat
1 2 130 -248 180 0 0 1 0 1 0 -1 0 0 3023.dat
1 14 130 -248 250 1 0 0 0 1 0 0 0 1 3024.dat
1 14 130 -248 330 1 0 0 0 1 0 0 0 1 3024.dat
1 2 150 -248 150 1 0 0 0 1 0 0 0 1 3024.dat
1 2 220 -248 210 1 0 0 0 1 0 0 0 1 3460.dat
1 2 150 -248 350 1 0 0 0 1 0 0 0 1 3024.dat
1 2 180 -248 130 1 0 0 0 1 0 0 0 1 3023.dat
1 2 180 -248 370 1 0 0 0 1 0 0 0 1 3023.dat
1 2 240 -248 110 1 0 0 0 1 0 0 0 1 3666.dat
1 2 240 -248 390 1 0 0 0 1 0 0 0 1 3666.dat
1 2 210 -248 170 0 0 1 0 1 0 -1 0 0 3623.dat
1 2 210 -248 340 0 0 1 0 1 0 -1 0 0 3023.dat
1 14 250 -248 130 1 0 0 0 1 0 0 0 1 3024.dat
1 14 250 -248 370 1 0 0 0 1 0 0 0 1 3024.dat
1 2 320 -248 310 1 0 0 0 1 0 0 0 1 3666.dat
1 2 310 -248 180 0 0 1 0 1 0 -1 0 0 3460.dat
1 2 310 -248 280 0 0 1 0 1 0 -1 0 0 3023.dat
1 2 310 -248 360 0 0 1 0 1 0 -1 0 0 3710.dat
1 14 330 -248 130 1 0 0 0 1 0 0 0 1 3024.dat
1 2 340 -248 210 1 0 0 0 1 0 0 0 1 3023.dat
1 14 330 -248 370 1 0 0 0 1 0 0 0 1 3024.dat
1 2 350 -248 150 1 0 0 0 1 0 0 0 1 3024.dat
1 2 350 -248 350 1 0 0 0 1 0 0 0 1 3024.dat
1 14 370 -248 180 0 0 1 0 1 0 -1 0 0 3023.dat
1 2 380 -248 250 1 0 0 0 1 0 0 0 1 3023.dat
1 14 370 -248 330 1 0 0 0 1 0 0 0 1 3024.dat
1 14 390 -248 210 0 0 1 0 1 0 -1 0 0 3623.dat
1 14 390 -248 290 0 0 1 0 1 0 -1 0 0 3623.dat
1 2 130 -248 220 0 0 1 0 1 0 -1 0 0 3023.dat
1 2 130 -248 280 0 0 1 0 1 0 -1 0 0 3023.dat
1 14 150 -248 170 1 0 0 0 1 0 0 0 1 3024.dat
1 14 150 -248 330 1 0 0 0 1 0 0 0 1 3024.dat
1 14 170 -248 350 1 0 0 0 1 0 0 0 1 3024.dat
1 2 220 -248 130 1 0 0 0 1 0 0 0 1 3023.dat
1 2 220 -248 370 1 0 0 0 1 0 0 0 1 3023.dat
1 2 280 -248 130 1 0 0 0 1 0 0 0 1 3023.dat
1 2 280 -248 370 1 0 0 0 1 0 0 0 1 3023.dat
1 14 330 -248 150 1 0 0 0 1 0 0 0 1 3024.dat
1 14 330 -248 350 1 0 0 0 1 0 0 0 1 3024.dat
1 14 350 -248 170 1 0 0 0 1 0 0 0 1 3024.dat
1 14 350 -248 330 1 0 0 0 1 0 0 0 1 3024.dat
1 2 370 -248 220 0 0 1 0 1 0 -1 0 0 3023.dat
1 14 370 -248 280 0 0 1 0 1 0 -1 0 0 3023.dat
1 2 100 -256 250 0 0 1 0 1 0 -1 0 0 3021.dat
1 2 110 -256 190 0 0 1 0 1 0 -1 0 0 3623.dat
1 2 110 -256 310 0 0 1 0 1 0 -1 0 0 3623.dat
1 2 140 -256 150 1 0 0 0 1 0 0 0 1 3023.dat
1 2 130 -256 170 1 0 0 0 1 0 0 0 1 3024.dat
1 14 130 -256 340 0 0 1 0 1 0 -1 0 0 3023.dat
1 2 160 -256 130 1 0 0 0 1 0 0 0 1 3023.dat
1 2 150 -256 360 0 0 1 0 1 0 -1 0 0 3023.dat
1 2 240 -256 110 1 0 0 0 1 0 0 0 1 3460.dat
1 2 240 -256 210 1 0 0 0 1 0 0 0 1 3460.dat
1 2 240 -256 310 1 0 0 0 1 0 0 0 1 3460.dat
1 2 170 -256 380 0 0 1 0 1 0 -1 0 0 3023.dat
1 14 260 -256 390 1 0 0 0 1 0 0 0 1 3460.dat
1 2 210 -256 180 0 0 1 0 1 0 -1 0 0 3023.dat
1 2 210 -256 330 1 0 0 0 1 0 0 0 1 3024.dat
1 14 250 -256 90 1 0 0 0 1 0 0 0 1 3623.dat
1 14 250 -256 410 1 0 0 0 1 0 0 0 1 3623.dat
1 2 310 -256 180 0 0 1 0 1 0 -1 0 0 3023.dat
1 2 310 -256 260 0 0 1 0 1 0 -1 0 0 3710.dat
1 2 310 -256 330 1 0 0 0 1 0 0 0 1 3024.dat
1 14 330 -256 120 0 0 1 0 1 0 -1 0 0 3023.dat
1 2 330 -256 210 1 0 0 0 1 0 0 0 1 3024.dat
1 2 330 -256 310 1 0 0 0 1 0 0 0 1 3024.dat
1 14 340 -256 370 1 0 0 0 1 0 0 0 1 3023.dat
1 2 350 -256 140 0 0 1 0 1 0 -1 0 0 3023.dat
1 2 360 -256 350 1 0 0 0 1 0 0 0 1 3023.dat
1 2 370 -256 160 0 0 1 0 1 0 -1 0 0 3023.dat
1 14 380 -256 330 1 0 0 0 1 0 0 0 1 3023.dat
1 14 390 -256 240 0 0 1 0 1 0 -1 0 0 3460.dat
1 2 410 -256 250 0 0 1 0 1 0 -1 0 0 3623.dat
1 2 130 -256 200 0 0 1 0 1 0 -1 0 0 3023.dat
1 2 130 -256 300 0 0 1 0 1 0 -1 0 0 3023.dat
1 2 150 -256 210 1 0 0 0 1 0 0 0 1 3024.dat
1 2 150 -256 310 1 0 0 0 1 0 0 0 1 3024.dat
1 2 200 -256 130 1 0 0 0 1 0 0 0 1 3023.dat
1 2 200 -256 370 1 0 0 0 1 0 0 0 1 3023.dat
1 2 210 -256 150 1 0 0 0 1 0 0 0 1 3024.dat
1 2 210 -256 350 1 0 0 0 1 0 0 0 1 3024.dat
1 2 300 -256 130 1 0 0 0 1 0 0 0 1 3023.dat
1 2 300 -256 370 1 0 0 0 1 0 0 0 1 3023.dat
1 2 310 -256 150 1 0 0 0 1 0 0 0 1 3024.dat
1 2 310 -256 350 1 0 0 0 1 0 0 0 1 3024.dat
1 2 360 -256 210 1 0 0 0 1 0 0 0 1 3023.dat
1 2 360 -256 310 1 0 0 0 1 0 0 0 1 3023.dat
1 14 370 -256 190 1 0 0 0 1 0 0 0 1 3024.dat
1 14 370 -256 290 1 0 0 0 1 0 0 0 1 3024.dat
1 2 90 -264 240 0 0 1 0 1 0 -1 0 0 3666.dat
1 2 100 -264 310 1 0 0 0 1 0 0 0 1 3023.dat
1 2 110 -264 180 0 0 1 0 1 0 -1 0 0 3710.dat
1 2 110 -264 230 1 0 0 0 1 0 0 0 1 3024.dat
1 2 110 -264 280 0 0 1 0 1 0 -1 0 0 3023.dat
1 14 120 -264 340 1 0 0 0 1 0 0 0 1 3022.dat
1 2 150 -264 130 1 0 0 0 1 0 0 0 1 3623.dat
1 14 130 -264 160 0 0 1 0 1 0 -1 0 0 3023.dat
1 2 150 -264 370 1 0 0 0 1 0 0 0 1 3623.dat
1 2 180 -264 110 1 0 0 0 1 0 0 0 1 3710.dat
1 2 180 -264 390 1 0 0 0 1 0 0 0 1 3710.dat
1 2 240 -264 210 1 0 0 0 1 0 0 0 1 3460.dat
1 14 240 -264 90 1 0 0 0 1 0 0 0 1 3666.dat
1 2 240 -264 310 1 0 0 0 1 0 0 0 1 3666.dat
1 14 240 -264 410 1 0 0 0 1 0 0 0 1 3666.dat
1 2 210 -264 180 0 0 1 0 1 0 -1 0 0 3023.dat
1 2 210 -264 330 1 0 0 0 1 0 0 0 1 3024.dat
1 2 230 -264 110 1 0 0 0 1 0 0 0 1 3024.dat
1 14 230 -264 390 1 0 0 0 1 0 0 0 1 3024.dat
1 2 300 -264 110 1 0 0 0 1 0 0 0 1 3710.dat
1 14 300 -264 390 1 0 0 0 1 0 0 0 1 3710.dat
1 14 310 -264 90 1 0 0 0 1 0 0 0 1 3024.dat
1 2 310 -264 190 1 0 0 0 1 0 0 0 1 3024.dat
1 2 310 -264 260 0 0 1 0 1 0 -1 0 0 3710.dat
1 2 310 -264 310 1 0 0 0 1 0 0 0 1 3024.dat
1 14 310 -264 410 1 0 0 0 1 0 0 0 1 3024.dat
1 2 350 -264 130 1 0 0 0 1 0 0 0 1 3623.dat
1 2 330 -264 210 1 0 0 0 1 0 0 0 1 3024.dat
1 14 350 -264 370 1 0 0 0 1 0 0 0 1 3623.dat
1 14 350 -264 110 1 0 0 0 1 0 0 0 1 3024.dat
1 14 350 -264 390 1 0 0 0 1 0 0 0 1 3024.dat
1 2 380 -264 160 1 0 0 0 1 0 0 0 1 3022.dat
1 14 380 -264 340 1 0 0 0 1 0 0 0 1 3022.dat
1 2 400 -264 210 0 0 1 0 1 0 -1 0 0 3021.dat
1 2 400 -264 290 0 0 1 0 1 0 -1 0 0 3021.dat
1 2 410 -264 250 1 0 0 0 1 0 0 0 1 3024.dat
1 2 110 -264 250 1 0 0 0 1 0 0 0 1 3024.dat
1 2 140 -264 210 1 0 0 0 1 0 0 0 1 3023.dat
1 2 150 -264 310 1 0 0 0 1 0 0 0 1 3623.dat
1 2 210 -264 140 0 0 1 0 1 0 -1 0 0 3023.dat
1 2 210 -264 360 0 0 1 0 1 0 -1 0 0 3023.dat
1 2 250 -264 110 1 0 0 0 1 0 0 0 1 3024.dat
1 14 250 -264 390 1 0 0 0 1 0 0 0 1 3024.dat
1 2 310 -264 150 0 0 1 0 1 0 -1 0 0 3623.dat
1 2 350 -264 310 1 0 0 0 1 0 0 0 1 3623.dat
1 2 360 -264 210 1 0 0 0 1 0 0 0 1 3023.dat
1 2 390 -264 250 1 0 0 0 1 0 0 0 1 3024.dat
1 2 90 -272 240 0 0 1 0 1 0 -1 0 0 3460.dat
1 2 100 -272 330 1 0 0 0 1 0 0 0 1 3023.dat
1 2 110 -272 180 0 0 1 0 1 0 -1 0 0 3710.dat
1 2 110 -272 300 0 0 1 0 1 0 -1 0 0 3023.dat
1 2 120 -272 350 1 0 0 0 1 0 0 0 1 3023.dat
1 2 140 -272 130 1 0 0 0 1 0 0 0 1 3023.dat
1 14 130 -272 150 1 0 0 0 1 0 0 0 1 3024.dat
1 2 140 -272 370 1 0 0 0 1 0 0 0 1 3023.dat
1 2 180 -272 110 1 0 0 0 1 0 0 0 1 3710.dat
1 2 180 -272 390 1 0 0 0 1 0 0 0 1 3710.dat
1 14 240 -272 90 1 0 0 0 1 0 0 0 1 3460.dat
1 14 240 -272 410 1 0 0 0 1 0 0 0 1 3460.dat
1 2 240 -272 210 1 0 0 0 1 0 0 0 1 3666.dat
1 2 210 -272 190 1 0 0 0 1 0 0 0 1 3024.dat
1 2 240 -272 310 1 0 0 0 1 0 0 0 1 3710.dat
1 14 250 -272 70 1 0 0 0 1 0 0 0 1 3024.dat
1 14 250 -272 430 1 0 0 0 1 0 0 0 1 3024.dat
1 14 320 -272 110 1 0 0 0 1 0 0 0 1 3710.dat
1 2 290 -272 310 1 0 0 0 1 0 0 0 1 3024.dat
1 14 320 -272 390 1 0 0 0 1 0 0 0 1 3710.dat
1 2 310 -272 240 0 0 1 0 1 0 -1 0 0 3710.dat
1 2 310 -272 290 1 0 0 0 1 0 0 0 1 3024.dat
1 14 330 -272 90 1 0 0 0 1 0 0 0 1 3024.dat
1 14 330 -272 410 1 0 0 0 1 0 0 0 1 3024.dat
1 2 360 -272 130 1 0 0 0 1 0 0 0 1 3023.dat
1 14 360 -272 370 1 0 0 0 1 0 0 0 1 3023.dat
1 2 380 -272 150 1 0 0 0 1 0 0 0 1 3023.dat
1 2 380 -272 350 1 0 0 0 1 0 0 0 1 3023.dat
1 2 400 -272 190 0 0 1 0 1 0 -1 0 0 3021.dat
1 2 400 -272 310 0 0 1 0 1 0 -1 0 0 3021.dat
1 2 410 -272 250 0 0 1 0 1 0 -1 0 0 3623.dat
1 2 110 -272 250 0 0 1 0 1 0 -1 0 0 3623.dat
1 2 150 -272 210 1 0 0 0 1 0 0 0 1 3623.dat
1 2 160 -272 310 1 0 0 0 1 0 0 0 1 3710.dat
1 2 210 -272 150 0 0 1 0 1 0 -1 0 0 3623.dat
1 2 210 -272 350 0 0 1 0 1 0 -1 0 0 3623.dat
1 2 250 -272 110 1 0 0 0 1 0 0 0 1 3623.dat
1 14 230 -272 390 1 0 0 0 1 0 0 0 1 3024.dat
1 14 270 -272 390 1 0 0 0 1 0 0 0 1 3024.dat
1 2 310 -272 160 0 0 1 0 1 0 -1 0 0 3710.dat
1 2 340 -272 310 1 0 0 0 1 0 0 0 1 3710.dat
1 2 350 -272 210 1 0 0 0 1 0 0 0 1 3623.dat
1 2 390 -272 250 0 0 1 0 1 0 -1 0 0 3623.dat
1 2 80 -280 240 0 0 1 0 1 0 -1 0 0 3020.dat
1 2 80 -280 290 1 0 0 0 1 0 0 0 1 3023.dat
1 2 100 -280 170 0 0 1 0 1 0 -1 0 0 3021.dat
1 2 100 -280 330 0 0 1 0 1 0 -1 0 0 3021.dat
1 2 120 -280 130 1 0 0 0 1 0 0 0 1 3023.dat
1 2 120 -280 370 1 0 0 0 1 0 0 0 1 3023.dat
1 2 160 -280 110 1 0 0 0 1 0 0 0 1 3710.dat
1 14 160 -280 390 1 0 0 0 1 0 0 0 1 3710.dat
1 2 220 -280 90 1 0 0 0 1 0 0 0 1 3460.dat
1 2 220 -280 410 1 0 0 0 1 0 0 0 1 3460.dat
1 14 240 -280 70 1 0 0 0 1 0 0 0 1 3710.dat
1 2 240 -280 210 1 0 0 0 1 0 0 0 1 3710.dat
1 2 210 -280 260 0 0 1 0 1 0 -1 0 0 3710.dat
1 14 240 -280 430 1 0 0 0 1 0 0 0 1 3710.dat
1 2 250 -280 310 1 0 0 0 1 0 0 0 1 3623.dat
1 14 290 -280 70 1 0 0 0 1 0 0 0 1 3024.dat
1 2 290 -280 210 1 0 0 0 1 0 0 0 1 3024.dat
1 14 290 -280 430 1 0 0 0 1 0 0 0 1 3024.dat
1 14 330 -280 100 1 0 0 0 1 0 0 0 1 3021.dat
1 2 310 -280 250 0 0 1 0 1 0 -1 0 0 3623.dat
1 14 330 -280 400 1 0 0 0 1 0 0 0 1 3021.dat
1 2 370 -280 120 0 0 1 0 1 0 -1 0 0 3023.dat
1 14 380 -280 370 1 0 0 0 1 0 0 0 1 3023.dat
1 14 370 -280 390 1 0 0 0 1 0 0 0 1 3024.dat
1 2 390 -280 160 0 0 1 0 1 0 -1 0 0 3710.dat
1 2 400 -280 330 0 0 1 0 1 0 -1 0 0 3021.dat
1 2 410 -280 220 0 0 1 0 1 0 -1 0 0 3460.dat
1 2 430 -280 240 0 0 1 0 1 0 -1 0 0 3710.dat
1 14 430 -280 290 1 0 0 0 1 0 0 0 1 3024.dat
1 2 140 -280 210 1 0 0 0 1 0 0 0 1 3710.dat
1 2 110 -280 260 0 0 1 0 1 0 -1 0 0 3710.dat
1 2 160 -280 310 1 0 0 0 1 0 0 0 1 3710.dat
1 2 190 -280 210 1 0 0 0 1 0 0 0 1 3024.dat
1 2 240 -280 110 1 0 0 0 1 0 0 0 1 3710.dat
1 2 210 -280 160 0 0 1 0 1 0 -1 0 0 3710.dat
1 2 210 -280 340 0 0 1 0 1 0 -1 0 0 3710.dat
1 2 210 -280 390 1 0 0 0 1 0 0 0 1 3024.dat
1 2 290 -280 110 1 0 0 0 1 0 0 0 1 3024.dat
1 2 320 -280 310 1 0 0 0 1 0 0 0 1 3710.dat
1 2 310 -280 160 0 0 1 0 1 0 -1 0 0 3710.dat
1 2 340 -280 210 1 0 0 0 1 0 0 0 1 3710.dat
1 2 310 -280 290 1 0 0 0 1 0 0 0 1 3024.dat
1 2 370 -280 310 1 0 0 0 1 0 0 0 1 3024.dat
1 2 390 -280 210 1 0 0 0 1 0 0 0 1 3024.dat
1 2 80 -288 300 1 0 0 0 1 0 0 0 1 3022.dat
1 14 280 -288 420 1 0 0 0 1 0 0 0 1 3020.dat
1 2 390 -288 370 1 0 0 0 1 0 0 0 1 3024.dat
1 14 430 -288 280 0 0 1 0 1 0 -1 0 0 3710.dat
1 2 280 -288 90 1 0 0 0 1 0 0 0 1 3666.dat
1 2 370 -288 120 0 0 1 0 1 0 -1 0 0 3023.dat
1 14 370 -288 380 0 0 1 0 1 0 -1 0 0 3023.dat
1 2 210 -288 420 1 0 0 0 1 0 0 0 1 3021.dat
1 2 410 -288 320 0 0 1 0 1 0 -1 0 0 3710.dat
1 2 110 -288 360 0 0 1 0 1 0 -1 0 0 3023.dat
1 2 210 -288 290 1 0 0 0 1 0 0 0 1 3024.dat
1 2 190 -288 110 1 0 0 0 1 0 0 0 1 3024.dat
1 2 160 -288 410 1 0 0 0 1 0 0 0 1 3023.dat
1 2 390 -288 150 0 0 1 0 1 0 -1 0 0 3623.dat
1 2 90 -288 250 0 0 1 0 1 0 -1 0 0 3623.dat
1 2 340 -288 400 1 0 0 0 1 0 0 0 1 3022.dat
1 14 300 -288 70 1 0 0 0 1 0 0 0 1 3023.dat
1 2 260 -288 210 1 0 0 0 1 0 0 0 1 3710.dat
1 2 210 -288 250 0 0 1 0 1 0 -1 0 0 3623.dat
1 2 100 -288 180 1 0 0 0 1 0 0 0 1 3022.dat
1 2 310 -288 390 1 0 0 0 1 0 0 0 1 3024.dat
1 2 330 -288 110 1 0 0 0 1 0 0 0 1 3623.dat
1 2 130 -288 380 0 0 1 0 1 0 -1 0 0 3023.dat
1 2 210 -288 210 1 0 0 0 1 0 0 0 1 3024.dat
1 2 430 -288 210 0 0 1 0 1 0 -1 0 0 3623.dat
1 2 410 -288 240 0 0 1 0 1 0 -1 0 0 3710.dat
1 2 110 -288 330 1 0 0 0 1 0 0 0 1 3024.dat
1 2 180 -288 90 1 0 0 0 1 0 0 0 1 3023.dat
1 2 100 -288 150 1 0 0 0 1 0 0 0 1 3023.dat
1 2 410 -288 190 1 0 0 0 1 0 0 0 1 3024.dat
1 2 70 -288 250 0 0 1 0 1 0 -1 0 0 3623.dat
1 2 350 -288 90 1 0 0 0 1 0 0 0 1 3024.dat
1 14 240 -288 70 1 0 0 0 1 0 0 0 1 3710.dat
1 2 70 -288 200 0 0 1 0 1 0 -1 0 0 3023.dat
1 2 150 -288 100 0 0 1 0 1 0 -1 0 0 3023.dat
1 2 90 -288 210 1 0 0 0 1 0 0 0 1 3024.dat
1 2 410 -288 160 0 0 1 0 1 0 -1 0 0 3023.dat
1 2 130 -288 120 0 0 1 0 1 0 -1 0 0 3023.dat
1 2 110 -288 310 1 0 0 0 1 0 0 0 1 3024.dat
1 2 90 -288 340 0 0 1 0 1 0 -1 0 0 3023.dat
1 14 190 -288 70 1 0 0 0 1 0 0 0 1 3024.dat
1 14 170 -288 390 1 0 0 0 1 0 0 0 1 3024.dat
1 2 390 -288 330 0 0 1 0 1 0 -1 0 0 3623.dat
1 2 110 -288 130 1 0 0 0 1 0 0 0 1 3024.dat
1 2 150 -288 390 1 0 0 0 1 0 0 0 1 3024.dat
1 2 170 -288 110 1 0 0 0 1 0 0 0 1 3024.dat
1 2 110 -288 240 0 0 1 0 1 0 -1 0 0 3710.dat
1 2 110 -288 290 1 0 0 0 1 0 0 0 1 3024.dat
1 2 160 -288 210 1 0 0 0 1 0 0 0 1 3710.dat
1 2 200 -288 310 1 0 0 0 1 0 0 0 1 3460.dat
1 2 210 -288 140 0 0 1 0 1 0 -1 0 0 3710.dat
1 2 210 -288 190 1 0 0 0 1 0 0 0 1 3024.dat
1 2 260 -288 110 1 0 0 0 1 0 0 0 1 3710.dat
1 2 320 -288 310 1 0 0 0 1 0 0 0 1 3710.dat
1 2 310 -288 200 0 0 1 0 1 0 -1 0 0 3460.dat
1 2 310 -288 290 1 0 0 0 1 0 0 0 1 3024.dat
1 2 310 -288 350 0 0 1 0 1 0 -1 0 0 3623.dat
1 2 360 -288 210 1 0 0 0 1 0 0 0 1 3710.dat
1 2 370 -288 310 1 0 0 0 1 0 0 0 1 3024.dat
1 2 80 -296 240 0 0 1 0 1 0 -1 0 0 3034.dat
1 2 90 -296 330 1 0 0 0 1 0 0 0 1 3623.dat
1 2 100 -296 140 1 0 0 0 1 0 0 0 1 3022.dat
1 2 100 -296 360 1 0 0 0 1 0 0 0 1 3022.dat
1 2 140 -296 110 1 0 0 0 1 0 0 0 1 3710.dat
1 2 110 -296 170 1 0 0 0 1 0 0 0 1 3024.dat
1 2 130 -296 390 1 0 0 0 1 0 0 0 1 3623.dat
1 2 160 -296 90 1 0 0 0 1 0 0 0 1 3710.dat
1 2 200 -296 410 1 0 0 0 1 0 0 0 1 3460.dat
1 14 240 -296 70 1 0 0 0 1 0 0 0 1 3460.dat
1 2 240 -296 430 1 0 0 0 1 0 0 0 1 3460.dat
1 2 210 -296 250 0 0 1 0 1 0 -1 0 0 3623.dat
1 14 250 -296 50 1 0 0 0 1 0 0 0 1 3623.dat
1 2 250 -296 210 1 0 0 0 1 0 0 0 1 3623.dat
1 14 250 -296 450 1 0 0 0 1 0 0 0 1 3623.dat
1 2 320 -296 90 1 0 0 0 1 0 0 0 1 3710.dat
1 2 320 -296 410 1 0 0 0 1 0 0 0 1 3710.dat
1 14 330 -296 70 1 0 0 0 1 0 0 0 1 3024.dat
1 2 360 -296 110 1 0 0 0 1 0 0 0 1 3710.dat
1 14 330 -296 430 1 0 0 0 1 0 0 0 1 3024.dat
1 2 370 -296 390 1 0 0 0 1 0 0 0 1 3623.dat
1 14 370 -296 90 1 0 0 0 1 0 0 0 1 3024.dat
1 14 370 -296 410 1 0 0 0 1 0 0 0 1 3024.dat
1 2 400 -296 140 1 0 0 0 1 0 0 0 1 3022.dat
1 2 400 -296 360 1 0 0 0 1 0 0 0 1 3022.dat
1 14 420 -296 240 0 0 1 0 1 0 -1 0 0 3034.dat
1 2 420 -296 330 1 0 0 0 1 0 0 0 1 3023.dat
1 2 110 -296 240 0 0 1 0 1 0 -1 0 0 3666.dat
1 2 180 -296 310 1 0 0 0 1 0 0 0 1 3460.dat
1 2 160 -296 210 1 0 0 0 1 0 0 0 1 3710.dat
1 2 240 -296 110 1 0 0 0 1 0 0 0 1 3666.dat
1 2 210 -296 210 1 0 0 0 1 0 0 0 1 3024.dat
1 2 210 -296 290 1 0 0 0 1 0 0 0 1 3024.dat
1 2 320 -296 310 1 0 0 0 1 0 0 0 1 3666.dat
1 2 310 -296 140 0 0 1 0 1 0 -1 0 0 3710.dat
1 2 310 -296 190 1 0 0 0 1 0 0 0 1 3024.dat
1 2 390 -296 310 1 0 0 0 1 0 0 0 1 3024.dat
1 2 60 -304 240 0 0 1 0 1 0 -1 0 0 3020.dat
1 2 60 -304 290 1 0 0 0 1 0 0 0 1 3023.dat
1 2 90 -304 160 1 0 0 0 1 0 0 0 1 3021.dat
1 2 80 -304 190 1 0 0 0 1 0 0 0 1 3023.dat
1 2 80 -304 330 0 0 1 0 1 0 -1 0 0 3021.dat
1 2 100 -304 130 1 0 0 0 1 0 0 0 1 3023.dat
1 2 100 -304 370 1 0 0 0 1 0 0 0 1 3023.dat
1 2 140 -304 110 1 0 0 0 1 0 0 0 1 3710.dat
1 2 110 -304 340 0 0 1 0 1 0 -1 0 0 3023.dat
1 14 120 -304 390 1 0 0 0 1 0 0 0 1 3023.dat
1 2 150 -304 90 1 0 0 0 1 0 0 0 1 3623.dat
1 2 200 -304 410 1 0 0 0 1 0 0 0 1 3460.dat
1 2 220 -304 70 1 0 0 0 1 0 0 0 1 3460.dat
1 2 220 -304 430 1 0 0 0 1 0 0 0 1 3460.dat
1 14 240 -304 50 1 0 0 0 1 0 0 0 1 3666.dat
1 14 240 -304 450 1 0 0 0 1 0 0 0 1 3666.dat
1 2 320 -304 410 1 0 0 0 1 0 0 0 1 3710.dat
1 2 310 -304 70 0 0 1 0 1 0 -1 0 0 3623.dat
1 14 330 -304 430 1 0 0 0 1 0 0 0 1 3623.dat
1 14 310 -304 450 1 0 0 0 1 0 0 0 1 3024.dat
1 14 340 -304 90 0 0 1 0 1 0 -1 0 0 3021.dat
1 14 370 -304 100 0 0 1 0 1 0 -1 0 0 3023.dat
1 2 380 -304 390 1 0 0 0 1 0 0 0 1 3023.dat
1 14 370 -304 410 1 0 0 0 1 0 0 0 1 3024.dat
1 2 390 -304 120 0 0 1 0 1 0 -1 0 0 3023.dat
1 2 400 -304 370 1 0 0 0 1 0 0 0 1 3023.dat
1 2 410 -304 200 0 0 1 0 1 0 -1 0 0 3460.dat
1 2 420 -304 320 0 0 1 0 1 0 -1 0 0 3020.dat
1 2 430 -304 200 0 0 1 0 1 0 -1 0 0 3666.dat
1 2 440 -304 270 1 0 0 0 1 0 0 0 1 3023.dat
1 2 450 -304 230 0 0 1 0 1 0 -1 0 0 3623.dat
1 14 450 -304 290 1 0 0 0 1 0 0 0 1 3024.dat
1 2 110 -304 240 0 0 1 0 1 0 -1 0 0 3666.dat
1 2 180 -304 310 1 0 0 0 1 0 0 0 1 3460.dat
1 2 240 -304 110 1 0 0 0 1 0 0 0 1 3666.dat
1 2 320 -304 310 1 0 0 0 1 0 0 0 1 3666.dat
1 2 310 -304 140 0 0 1 0 1 0 -1 0 0 3710.dat
1 2 310 -304 190 1 0 0 0 1 0 0 0 1 3024.dat
1 2 390 -304 310 1 0 0 0 1 0 0 0 1 3024.dat
1 2 60 -312 240 0 0 1 0 1 0 -1 0 0 3795.dat
1 2 70 -312 310 1 0 0 0 1 0 0 0 1 3623.dat
1 2 80 -312 160 1 0 0 0 1 0 0 0 1 3022.dat
1 2 80 -312 340 1 0 0 0 1 0 0 0 1 3022.dat
1 2 100 -312 130 1 0 0 0 1 0 0 0 1 3023.dat
1 2 100 -312 380 1 0 0 0 1 0 0 0 1 3022.dat
1 2 140 -312 90 1 0 0 0 1 0 0 0 1 3710.dat
1 2 110 -312 150 1 0 0 0 1 0 0 0 1 3024.dat
1 2 110 -312 350 1 0 0 0 1 0 0 0 1 3024.dat
1 2 160 -312 410 1 0 0 0 1 0 0 0 1 3666.dat
1 14 130 -312 390 1 0 0 0 1 0 0 0 1 3024.dat
1 2 220 -312 70 1 0 0 0 1 0 0 0 1 3460.dat
1 2 220 -312 430 1 0 0 0 1 0 0 0 1 3460.dat
1 14 240 -312 50 1 0 0 0 1 0 0 0 1 3666.dat
1 14 240 -312 450 1 0 0 0 1 0 0 0 1 3666.dat
1 2 210 -312 90 1 0 0 0 1 0 0 0 1 3024.dat
1 2 230 -312 410 1 0 0 0 1 0 0 0 1 3024.dat
1 14 320 -312 410 1 0 0 0 1 0 0 0 1 3666.dat
1 2 310 -312 70 0 0 1 0 1 0 -1 0 0 3623.dat
1 2 330 -312 430 1 0 0 0 1 0 0 0 1 3623.dat
1 14 310 -312 450 1 0 0 0 1 0 0 0 1 3024.dat
1 2 340 -312 80 1 0 0 0 1 0 0 0 1 3022.dat
1 2 380 -312 110 1 0 0 0 1 0 0 0 1 3710.dat
1 2 380 -312 90 1 0 0 0 1 0 0 0 1 3023.dat
1 2 390 -312 390 1 0 0 0 1 0 0 0 1 3623.dat
1 2 400 -312 130 1 0 0 0 1 0 0 0 1 3023.dat
1 2 400 -312 370 1 0 0 0 1 0 0 0 1 3023.dat
1 14 390 -312 410 1 0 0 0 1 0 0 0 1 3024.dat
1 2 420 -312 180 0 0 1 0 1 0 -1 0 0 3020.dat
1 2 430 -312 230 1 0 0 0 1 0 0 0 1 3623.dat
1 2 420 -312 300 0 0 1 0 1 0 -1 0 0 3020.dat
1 2 420 -312 350 1 0 0 0 1 0 0 0 1 3023.dat
1 2 440 -312 250 1 0 0 0 1 0 0 0 1 3023.dat
1 2 450 -312 200 0 0 1 0 1 0 -1 0 0 3023.dat
1 14 450 -312 290 0 0 1 0 1 0 -1 0 0 3623.dat
1 2 110 -312 240 0 0 1 0 1 0 -1 0 0 3460.dat
1 2 110 -312 330 1 0 0 0 1 0 0 0 1 3024.dat
1 2 250 -312 410 1 0 0 0 1 0 0 0 1 3024.dat
1 2 410 -312 250 1 0 0 0 1 0 0 0 1 3024.dat
1 2 60 -320 240 0 0 1 0 1 0 -1 0 0 3034.dat
1 2 60 -320 330 1 0 0 0 1 0 0 0 1 3023.dat
1 2 90 -320 140 1 0 0 0 1 0 0 0 1 3021.dat
1 2 90 -320 370 1 0 0 0 1 0 0 0 1 3623.dat
1 2 200 -320 70 1 0 0 0 1 0 0 0 1 3460.dat
1 2 200 -320 430 1 0 0 0 1 0 0 0 1 3460.dat
1 14 240 -320 50 1 0 0 0 1 0 0 0 1 3460.dat
1 14 240 -320 450 1 0 0 0 1 0 0 0 1 3460.dat
1 2 330 -320 60 0 0 1 0 1 0 -1 0 0 3023.dat
1 14 330 -320 450 1 0 0 0 1 0 0 0 1 3024.dat
1 2 370 -320 90 0 0 1 0 1 0 -1 0 0 3623.dat
1 14 370 -320 430 1 0 0 0 1 0 0 0 1 3024.dat
1 2 430 -320 200 0 0 1 0 1 0 -1 0 0 3460.dat
1 14 430 -320 370 1 0 0 0 1 0 0 0 1 3024.dat
1 2 450 -320 240 0 0 1 0 1 0 -1 0 0 3460.dat
1 14 450 -320 330 1 0 0 0 1 0 0 0 1 3024.dat
1 2 90 -320 350 1 0 0 0 1 0 0 0 1 3623.dat
1 2 100 -320 390 1 0 0 0 1 0 0 0 1 3023.dat
1 2 130 -320 90 1 0 0 0 1 0 0 0 1 3623.dat
1 2 160 -320 410 1 0 0 0 1 0 0 0 1 3666.dat
1 2 210 -320 90 1 0 0 0 1 0 0 0 1 3024.dat
1 2 300 -320 70 1 0 0 0 1 0 0 0 1 3023.dat
1 2 320 -320 420 1 0 0 0 1 0 0 0 1 3020.dat
1 2 350 -320 90 0 0 1 0 1 0 -1 0 0 3623.dat
1 14 380 -320 410 1 0 0 0 1 0 0 0 1 3023.dat
1 2 390 -320 100 0 0 1 0 1 0 -1 0 0 3023.dat
1 2 400 -320 390 1 0 0 0 1 0 0 0 1 3023.dat
1 2 410 -320 160 0 0 1 0 1 0 -1 0 0 3666.dat
1 2 420 -320 320 0 0 1 0 1 0 -1 0 0 3020.dat
1 2 410 -320 370 1 0 0 0 1 0 0 0 1 3024.dat
1 2 110 -320 240 0 0 1 0 1 0 -1 0 0 3460.dat
1 2 110 -320 330 1 0 0 0 1 0 0 0 1 3024.dat
1 2 250 -320 410 1 0 0 0 1 0 0 0 1 3623.dat
1 2 340 -320 210 1 0 0 0 1 0 0 0 1 3666.dat
1 2 410 -320 250 0 0 1 0 1 0 -1 0 0 3623.dat
1 2 60 -328 240 0 0 1 0 1 0 -1 0 0 3034.dat
1 2 60 -328 330 1 0 0 0 1 0 0 0 1 3023.dat
1 2 90 -328 140 1 0 0 0 1 0 0 0 1 3021.dat
1 2 90 -328 360 1 0 0 0 1 0 0 0 1 3021.dat
1 2 100 -328 390 1 0 0 0 1 0 0 0 1 3023.dat
1 2 120 -328 90 1 0 0 0 1 0 0 0 1 3023.dat
1 2 140 -328 410 1 0 0 0 1 0 0 0 1 3710.dat
1 2 160 -328 70 1 0 0 0 1 0 0 0 1 3710.dat
1 2 160 -328 430 1 0 0 0 1 0 0 0 1 3710.dat
1 2 190 -328 410 1 0 0 0 1 0 0 0 1 3024.dat
1 2 210 -328 70 1 0 0 0 1 0 0 0 1 3024.dat
1 2 210 -328 430 1 0 0 0 1 0 0 0 1 3024.dat
1 14 250 -328 30 1 0 0 0 1 0 0 0 1 3623.dat
1 14 250 -328 470 1 0 0 0 1 0 0 0 1 3623.dat
1 2 320 -328 70 1 0 0 0 1 0 0 0 1 3710.dat
1 2 320 -328 430 1 0 0 0 1 0 0 0 1 3710.dat
1 2 330 -328 50 1 0 0 0 1 0 0 0 1 3623.dat
1 2 340 -328 410 1 0 0 0 1 0 0 0 1 3710.dat
1 14 330 -328 450 1 0 0 0 1 0 0 0 1 3623.dat
1 2 370 -328 80 0 0 1 0 1 0 -1 0 0 3023.dat
1 14 370 -328 430 1 0 0 0 1 0 0 0 1 3024.dat
1 2 390 -328 90 1 0 0 0 1 0 0 0 1 3024.dat
1 2 390 -328 400 0 0 1 0 1 0 -1 0 0 3023.dat
1 2 420 -328 160 0 0 1 0 1 0 -1 0 0 3020.dat
1 14 420 -328 340 0 0 1 0 1 0 -1 0 0 3020.dat
1 2 410 -328 390 1 0 0 0 1 0 0 0 1 3024.dat
1 2 440 -328 240 0 0 1 0 1 0 -1 0 0 3020.dat
1 2 440 -328 290 1 0 0 0 1 0 0 0 1 3023.dat
1 2 450 -328 180 0 0 1 0 1 0 -1 0 0 3023.dat
1 14 450 -328 320 0 0 1 0 1 0 -1 0 0 3023.dat
1 2 110 -328 280 0 0 1 0 1 0 -1 0 0 3666.dat
1 2 240 -328 410 1 0 0 0 1 0 0 0 1 3710.dat
1 2 290 -328 410 1 0 0 0 1 0 0 0 1 3024.dat
1 2 410 -328 240 0 0 1 0 1 0 -1 0 0 3710.dat
1 2 410 -328 290 1 0 0 0 1 0 0 0 1 3024.dat
1 2 40 -336 240 0 0 1 0 1 0 -1 0 0 3020.dat
1 2 40 -336 290 1 0 0 0 1 0 0 0 1 3023.dat
1 2 60 -336 170 0 0 1 0 1 0 -1 0 0 3021.dat
1 2 60 -336 330 0 0 1 0 1 0 -1 0 0 3021.dat
1 2 90 -336 120 1 0 0 0 1 0 0 0 1 3021.dat
1 2 90 -336 380 1 0 0 0 1 0 0 0 1 3021.dat
1 2 110 -336 90 1 0 0 0 1 0 0 0 1 3623.dat
1 2 140 -336 410 1 0 0 0 1 0 0 0 1 3666.dat
1 2 160 -336 70 1 0 0 0 1 0 0 0 1 3666.dat
1 2 110 -336 150 1 0 0 0 1 0 0 0 1 3024.dat
1 2 110 -336 350 1 0 0 0 1 0 0 0 1 3024.dat
1 2 160 -336 430 1 0 0 0 1 0 0 0 1 3666.dat
1 2 140 -336 110 1 0 0 0 1 0 0 0 1 3023.dat
1 14 240 -336 30 1 0 0 0 1 0 0 0 1 3710.dat
1 14 240 -336 470 1 0 0 0 1 0 0 0 1 3710.dat
1 14 290 -336 30 1 0 0 0 1 0 0 0 1 3024.dat
1 14 290 -336 470 1 0 0 0 1 0 0 0 1 3024.dat
1 2 330 -336 60 1 0 0 0 1 0 0 0 1 3021.dat
1 14 340 -336 420 1 0 0 0 1 0 0 0 1 3020.dat
1 2 330 -336 450 1 0 0 0 1 0 0 0 1 3623.dat
1 2 380 -336 80 1 0 0 0 1 0 0 0 1 3022.dat
1 2 400 -336 410 1 0 0 0 1 0 0 0 1 3023.dat
1 14 390 -336 430 1 0 0 0 1 0 0 0 1 3024.dat
1 14 410 -336 90 1 0 0 0 1 0 0 0 1 3024.dat
1 2 420 -336 160 0 0 1 0 1 0 -1 0 0 3020.dat
1 2 420 -336 340 0 0 1 0 1 0 -1 0 0 3020.dat
1 2 420 -336 390 1 0 0 0 1 0 0 0 1 3023.dat
1 14 430 -336 110 1 0 0 0 1 0 0 0 1 3024.dat
1 2 450 -336 170 0 0 1 0 1 0 -1 0 0 3623.dat
1 2 450 -336 330 0 0 1 0 1 0 -1 0 0 3623.dat
1 2 110 -336 280 0 0 1 0 1 0 -1 0 0 3666.dat
1 2 200 -336 310 1 0 0 0 1 0 0 0 1 3460.dat
1 2 240 -336 110 1 0 0 0 1 0 0 0 1 3460.dat
1 2 240 -336 410 1 0 0 0 1 0 0 0 1 3710.dat
1 2 340 -336 310 1 0 0 0 1 0 0 0 1 3666.dat
1 2 290 -336 410 1 0 0 0 1 0 0 0 1 3024.dat
1 2 310 -336 160 0 0 1 0 1 0 -1 0 0 3710.dat
1 2 330 -336 110 1 0 0 0 1 0 0 0 1 3024.dat
1 2 410 -336 240 0 0 1 0 1 0 -1 0 0 3710.dat
1 2 410 -336 290 1 0 0 0 1 0 0 0 1 3024.dat
1 2 40 -344 240 0 0 1 0 1 0 -1 0 0 3795.dat
1 2 50 -344 310 1 0 0 0 1 0 0 0 1 3623.dat
1 2 60 -344 160 1 0 0 0 1 0 0 0 1 3022.dat
1 2 60 -344 340 1 0 0 0 1 0 0 0 1 3022.dat
1 2 90 -344 120 1 0 0 0 1 0 0 0 1 3021.dat
1 2 90 -344 380 1 0 0 0 1 0 0 0 1 3021.dat
1 2 110 -344 90 1 0 0 0 1 0 0 0 1 3623.dat
1 2 140 -344 70 1 0 0 0 1 0 0 0 1 3710.dat
1 2 110 -344 150 1 0 0 0 1 0 0 0 1 3024.dat
1 2 110 -344 350 1 0 0 0 1 0 0 0 1 3024.dat
1 2 140 -344 430 1 0 0 0 1 0 0 0 1 3710.dat
1 2 140 -344 110 1 0 0 0 1 0 0 0 1 3023.dat
1 14 240 -344 30 1 0 0 0 1 0 0 0 1 3666.dat
1 14 240 -344 470 1 0 0 0 1 0 0 0 1 3666.dat
1 2 310 -344 50 0 0 1 0 1 0 -1 0 0 3623.dat
1 2 330 -344 440 1 0 0 0 1 0 0 0 1 3021.dat
1 14 310 -344 470 1 0 0 0 1 0 0 0 1 3024.dat
1 2 340 -344 60 1 0 0 0 1 0 0 0 1 3022.dat
1 2 380 -344 80 1 0 0 0 1 0 0 0 1 3022.dat
1 14 380 -344 430 1 0 0 0 1 0 0 0 1 3023.dat
1 14 410 -344 90 1 0 0 0 1 0 0 0 1 3024.dat
1 2 420 -344 150 0 0 1 0 1 0 -1 0 0 3021.dat
1 2 420 -344 360 0 0 1 0 1 0 -1 0 0 3020.dat
1 14 430 -344 110 1 0 0 0 1 0 0 0 1 3024.dat
1 2 450 -344 170 0 0 1 0 1 0 -1 0 0 3623.dat
1 2 450 -344 340 0 0 1 0 1 0 -1 0 0 3023.dat
1 14 470 -344 190 1 0 0 0 1 0 0 0 1 3024.dat
1 2 110 -344 330 1 0 0 0 1 0 0 0 1 3024.dat
1 2 240 -344 110 1 0 0 0 1 0 0 0 1 3460.dat
1 2 310 -344 90 1 0 0 0 1 0 0 0 1 3024.dat
1 2 310 -344 160 0 0 1 0 1 0 -1 0 0 3710.dat
1 2 330 -344 110 1 0 0 0 1 0 0 0 1 3024.dat
1 2 100 -352 110 1 0 0 0 1 0 0 0 1 3710.dat
1 2 90 -352 390 1 0 0 0 1 0 0 0 1 3623.dat
1 2 100 -352 90 1 0 0 0 1 0 0 0 1 3023.dat
1 2 130 -352 70 1 0 0 0 1 0 0 0 1 3623.dat
1 2 130 -352 430 1 0 0 0 1 0 0 0 1 3623.dat
1 2 370 -352 70 1 0 0 0 1 0 0 0 1 3623.dat
1 2 370 -352 430 1 0 0 0 1 0 0 0 1 3623.dat
1 14 400 -352 90 1 0 0 0 1 0 0 0 1 3023.dat
1 2 100 -360 110 1 0 0 0 1 0 0 0 1 3710.dat
1 2 90 -360 390 1 0 0 0 1 0 0 0 1 3623.dat
1 2 100 -360 90 1 0 0 0 1 0 0 0 1 3023.dat
1 2 130 -360 70 1 0 0 0 1 0 0 0 1 3623.dat
1 2 130 -360 430 1 0 0 0 1 0 0 0 1 3623.dat
1 2 370 -360 70 1 0 0 0 1 0 0 0 1 3623.dat
1 2 370 -360 430 1 0 0 0 1 0 0 0 1 3623.dat
1 2 400 -360 90 1 0 0 0 1 0 0 0 1 3023.dat
1 2 460 -360 260 0 0 1 0 1 0 -1 0 0 3020.dat
1 2 90 -368 100 1 0 0 0 1 0 0 0 1 3021.dat
1 2 90 -368 400 1 0 0 0 1 0 0 0 1 3021.dat
1 2 120 -368 70 1 0 0 0 1 0 0 0 1 3710.dat
1 2 120 -368 430 1 0 0 0 1 0 0 0 1 3710.dat
1 2 150 -368 410 1 0 0 0 1 0 0 0 1 3623.dat
1 2 210 -368 70 1 0 0 0 1 0 0 0 1 3024.dat
1 2 210 -368 430 1 0 0 0 1 0 0 0 1 3024.dat
1 2 380 -368 410 1 0 0 0 1 0 0 0 1 3666.dat
1 2 380 -368 70 1 0 0 0 1 0 0 0 1 3710.dat
1 2 380 -368 430 1 0 0 0 1 0 0 0 1 3710.dat
1 2 410 -368 90 1 0 0 0 1 0 0 0 1 3623.dat
1 2 460 -368 260 0 0 1 0 1 0 -1 0 0 3020.dat
1 2 240 -368 410 1 0 0 0 1 0 0 0 1 3666.dat
1 2 310 -368 410 1 0 0 0 1 0 0 0 1 3024.dat
1 2 410 -368 240 0 0 1 0 1 0 -1 0 0 3666.dat
1 2 410 -368 310 1 0 0 0 1 0 0 0 1 3024.dat
1 2 20 -376 250 1 0 0 0 1 0 0 0 1 3023.dat
1 2 40 -376 180 0 0 1 0 1 0 -1 0 0 3020.dat
1 2 40 -376 230 1 0 0 0 1 0 0 0 1 3023.dat
1 2 40 -376 300 0 0 1 0 1 0 -1 0 0 3020.dat
1 2 40 -376 350 1 0 0 0 1 0 0 0 1 3023.dat
1 2 60 -376 130 1 0 0 0 1 0 0 0 1 3023.dat
1 2 60 -376 370 1 0 0 0 1 0 0 0 1 3023.dat
1 2 90 -376 100 1 0 0 0 1 0 0 0 1 3021.dat
1 2 90 -376 400 1 0 0 0 1 0 0 0 1 3021.dat
1 2 110 -376 370 1 0 0 0 1 0 0 0 1 3024.dat
1 2 160 -376 50 1 0 0 0 1 0 0 0 1 3710.dat
1 2 150 -376 410 1 0 0 0 1 0 0 0 1 3623.dat
1 2 160 -376 450 1 0 0 0 1 0 0 0 1 3710.dat
1 2 210 -376 60 0 0 1 0 1 0 -1 0 0 3023.dat
1 2 210 -376 440 0 0 1 0 1 0 -1 0 0 3023.dat
1 14 250 -376 10 1 0 0 0 1 0 0 0 1 3623.dat
1 4 250 -376 490 1 0 0 0 1 0 0 0 1 3623.dat
1 2 320 -376 50 1 0 0 0 1 0 0 0 1 3710.dat
1 2 320 -376 450 1 0 0 0 1 0 0 0 1 3710.dat
1 14 330 -376 30 1 0 0 0 1 0 0 0 1 3623.dat
1 2 310 -376 430 1 0 0 0 1 0 0 0 1 3024.dat
1 14 330 -376 470 1 0 0 0 1 0 0 0 1 3623.dat
1 2 380 -376 410 1 0 0 0 1 0 0 0 1 3666.dat
1 14 370 -376 60 0 0 1 0 1 0 -1 0 0 3023.dat
1 2 390 -376 430 1 0 0 0 1 0 0 0 1 3623.dat
1 14 370 -376 450 1 0 0 0 1 0 0 0 1 3024.dat
1 2 400 -376 80 1 0 0 0 1 0 0 0 1 3022.dat
1 2 410 -376 160 0 0 1 0 1 0 -1 0 0 3023.dat
1 2 410 -376 360 0 0 1 0 1 0 -1 0 0 3710.dat
1 2 440 -376 370 1 0 0 0 1 0 0 0 1 3023.dat
1 2 430 -376 390 1 0 0 0 1 0 0 0 1 3024.dat
1 2 460 -376 230 1 0 0 0 1 0 0 0 1 3023.dat
1 2 460 -376 280 1 0 0 0 1 0 0 0 1 3022.dat
1 2 480 -376 250 1 0 0 0 1 0 0 0 1 3023.dat
1 2 240 -376 410 1 0 0 0 1 0 0 0 1 3666.dat
1 2 310 -376 410 1 0 0 0 1 0 0 0 1 3024.dat
1 2 410 -376 240 0 0 1 0 1 0 -1 0 0 3666.dat
1 2 410 -376 310 1 0 0 0 1 0 0 0 1 3024.dat
1 2 20 -384 240 0 0 1 0 1 0 -1 0 0 3020.dat
1 2 20 -384 290 1 0 0 0 1 0 0 0 1 3023.dat
1 2 40 -384 170 0 0 1 0 1 0 -1 0 0 3021.dat
1 2 40 -384 330 0 0 1 0 1 0 -1 0 0 3021.dat
1 2 80 -384 110 1 0 0 0 1 0 0 0 1 3710.dat
1 2 60 -384 130 1 0 0 0 1 0 0 0 1 3023.dat
1 14 360 -384 450 1 0 0 0 1 0 0 0 1 3710.dat
1 2 340 -384 470 1 0 0 0 1 0 0 0 1 3023.dat
1 2 390 -384 430 1 0 0 0 1 0 0 0 1 3623.dat
1 2 20 -392 240 0 0 1 0 1 0 -1 0 0 3020.dat
1 2 20 -392 290 1 0 0 0 1 0 0 0 1 3023.dat
1 2 40 -392 170 0 0 1 0 1 0 -1 0 0 3021.dat
1 2 40 -392 330 0 0 1 0 1 0 -1 0 0 3021.dat
1 2 60 -392 120 1 0 0 0 1 0 0 0 1 3022.dat
1 2 110 -392 110 1 0 0 0 1 0 0 0 1 3623.dat
1 2 340 -392 460 1 0 0 0 1 0 0 0 1 3022.dat
1 2 380 -392 440 1 0 0 0 1 0 0 0 1 3022.dat
1 2 410 -392 430 1 0 0 0 1 0 0 0 1 3024.dat
1 2 450 -392 310 1 0 0 0 1 0 0 0 1 3623.dat
1 2 40 -400 310 1 0 0 0 1 0 0 0 1 3710.dat
1 2 40 -400 160 1 0 0 0 1 0 0 0 1 3022.dat
1 2 40 -400 340 1 0 0 0 1 0 0 0 1 3022.dat
1 2 80 -400 110 1 0 0 0 1 0 0 0 1 3710.dat
1 2 60 -400 130 1 0 0 0 1 0 0 0 1 3023.dat
1 2 110 -400 70 1 0 0 0 1 0 0 0 1 3623.dat
1 2 110 -400 430 1 0 0 0 1 0 0 0 1 3623.dat
1 2 130 -400 110 1 0 0 0 1 0 0 0 1 3024.dat
1 2 220 -400 30 1 0 0 0 1 0 0 0 1 3460.dat
1 2 220 -400 470 1 0 0 0 1 0 0 0 1 3460.dat
1 2 310 -400 70 1 0 0 0 1 0 0 0 1 3024.dat
1 2 360 -400 450 1 0 0 0 1 0 0 0 1 3710.dat
1 2 340 -400 470 1 0 0 0 1 0 0 0 1 3023.dat
1 2 400 -400 110 1 0 0 0 1 0 0 0 1 3710.dat
1 2 390 -400 430 1 0 0 0 1 0 0 0 1 3623.dat
1 2 430 -400 130 1 0 0 0 1 0 0 0 1 3623.dat
1 2 460 -400 310 1 0 0 0 1 0 0 0 1 3710.dat
1 2 460 -400 160 1 0 0 0 1 0 0 0 1 3022.dat
1 2 460 -400 340 1 0 0 0 1 0 0 0 1 3022.dat
1 2 480 -400 190 1 0 0 0 1 0 0 0 1 3023.dat
1 2 40 -408 310 1 0 0 0 1 0 0 0 1 3710.dat
1 2 40 -408 160 1 0 0 0 1 0 0 0 1 3022.dat
1 2 40 -408 340 1 0 0 0 1 0 0 0 1 3022.dat
1 2 60 -408 120 1 0 0 0 1 0 0 0 1 3022.dat
1 2 60 -408 210 1 0 0 0 1 0 0 0 1 3023.dat
1 2 60 -408 380 1 0 0 0 1 0 0 0 1 3022.dat
1 2 100 -408 410 1 0 0 0 1 0 0 0 1 3710.dat
1 2 110 -408 70 1 0 0 0 1 0 0 0 1 3623.dat
1 2 110 -408 110 1 0 0 0 1 0 0 0 1 3623.dat
1 2 110 -408 430 1 0 0 0 1 0 0 0 1 3623.dat
1 2 140 -408 50 1 0 0 0 1 0 0 0 1 3710.dat
1 2 220 -408 30 1 0 0 0 1 0 0 0 1 3460.dat
1 2 150 -408 410 1 0 0 0 1 0 0 0 1 3024.dat
1 2 220 -408 470 1 0 0 0 1 0 0 0 1 3460.dat
1 14 240 -408 10 1 0 0 0 1 0 0 0 1 3666.dat
1 4 240 -408 490 1 0 0 0 1 0 0 0 1 3666.dat
1 2 210 -408 60 0 0 1 0 1 0 -1 0 0 3023.dat
1 2 210 -408 440 0 0 1 0 1 0 -1 0 0 3023.dat
1 2 310 -408 40 0 0 1 0 1 0 -1 0 0 3710.dat
1 2 310 -408 460 0 0 1 0 1 0 -1 0 0 3710.dat
1 2 340 -408 40 1 0 0 0 1 0 0 0 1 3022.dat
1 2 340 -408 460 1 0 0 0 1 0 0 0 1 3022.dat
1 2 380 -408 60 1 0 0 0 1 0 0 0 1 3022.dat
1 2 400 -408 110 1 0 0 0 1 0 0 0 1 3710.dat
1 2 380 -408 440 1 0 0 0 1 0 0 0 1 3022.dat
1 2 410 -408 80 0 0 1 0 1 0 -1 0 0 3023.dat
1 2 430 -408 130 1 0 0 0 1 0 0 0 1 3623.dat
1 2 410 -408 150 1 0 0 0 1 0 0 0 1 3024.dat
1 2 410 -408 370 0 0 1 0 1 0 -1 0 0 3623.dat
1 2 410 -408 430 1 0 0 0 1 0 0 0 1 3024.dat
1 2 460 -408 210 1 0 0 0 1 0 0 0 1 3710.dat
1 2 460 -408 310 1 0 0 0 1 0 0 0 1 3710.dat
1 2 440 -408 380 1 0 0 0 1 0 0 0 1 3022.dat
1 14 450 -408 110 1 0 0 0 1 0 0 0 1 3024.dat
1 2 460 -408 160 1 0 0 0 1 0 0 0 1 3022.dat
1 2 460 -408 340 1 0 0 0 1 0 0 0 1 3022.dat
1 2 480 -408 190 1 0 0 0 1 0 0 0 1 3023.dat
1 2 480 -408 260 0 0 1 0 1 0 -1 0 0 3020.dat
1 2 410 -408 240 0 0 1 0 1 0 -1 0 0 3460.dat
1 2 410 -408 330 1 0 0 0 1 0 0 0 1 3024.dat
1 14 340 -416 470 1 0 0 0 1 0 0 0 1 3710.dat
1 2 410 -416 150 1 0 0 0 1 0 0 0 1 3024.dat
1 2 400 -416 70 1 0 0 0 1 0 0 0 1 3023.dat
1 2 290 -416 20 1 0 0 0 1 0 0 0 1 3021.dat
1 14 440 -416 110 1 0 0 0 1 0 0 0 1 3023.dat
1 14 350 -416 40 1 0 0 0 1 0 0 0 1 3021.dat
1 2 410 -416 430 1 0 0 0 1 0 0 0 1 3024.dat
1 2 410 -416 120 0 0 1 0 1 0 -1 0 0 3023.dat
1 2 470 -416 340 0 0 1 0 1 0 -1 0 0 3710.dat
1 2 240 -416 20 1 0 0 0 1 0 0 0 1 3022.dat
1 2 490 -416 260 0 0 1 0 1 0 -1 0 0 3710.dat
1 2 470 -416 270 0 0 1 0 1 0 -1 0 0 3623.dat
1 2 50 -416 150 0 0 1 0 1 0 -1 0 0 3623.dat
1 2 30 -416 160 0 0 1 0 1 0 -1 0 0 3023.dat
1 2 470 -416 180 0 0 1 0 1 0 -1 0 0 3023.dat
1 14 30 -416 130 1 0 0 0 1 0 0 0 1 3024.dat
1 2 450 -416 390 1 0 0 0 1 0 0 0 1 3024.dat
1 2 470 -416 140 0 0 1 0 1 0 -1 0 0 3023.dat
1 2 370 -416 450 1 0 0 0 1 0 0 0 1 3623.dat
1 4 260 -416 490 1 0 0 0 1 0 0 0 1 3710.dat
1 2 120 -416 410 1 0 0 0 1 0 0 0 1 3710.dat
1 2 60 -416 210 1 0 0 0 1 0 0 0 1 3023.dat
1 2 200 -416 20 1 0 0 0 1 0 0 0 1 3022.dat
1 2 40 -416 340 0 0 1 0 1 0 -1 0 0 3020.dat
1 2 410 -416 90 1 0 0 0 1 0 0 0 1 3024.dat
1 2 410 -416 380 0 0 1 0 1 0 -1 0 0 3023.dat
1 2 390 -416 110 1 0 0 0 1 0 0 0 1 3024.dat
1 2 450 -416 160 0 0 1 0 1 0 -1 0 0 3023.dat
1 2 390 -416 50 1 0 0 0 1 0 0 0 1 3024.dat
1 2 490 -416 310 1 0 0 0 1 0 0 0 1 3024.dat
1 2 430 -416 390 1 0 0 0 1 0 0 0 1 3024.dat
1 2 390 -416 430 1 0 0 0 1 0 0 0 1 3024.dat
1 2 430 -416 210 1 0 0 0 1 0 0 0 1 3024.dat
1 2 440 -416 310 1 0 0 0 1 0 0 0 1 3023.dat
1 2 150 -416 40 1 0 0 0 1 0 0 0 1 3021.dat
1 2 70 -416 310 1 0 0 0 1 0 0 0 1 3024.dat
1 2 370 -416 110 1 0 0 0 1 0 0 0 1 3024.dat
1 2 450 -416 130 1 0 0 0 1 0 0 0 1 3024.dat
1 2 110 -416 60 0 0 1 0 1 0 -1 0 0 3023.dat
1 2 450 -416 350 0 0 1 0 1 0 -1 0 0 3623.dat
1 2 490 -416 190 1 0 0 0 1 0 0 0 1 3024.dat
1 2 210 -416 450 1 0 0 0 1 0 0 0 1 3024.dat
1 2 10 -416 310 1 0 0 0 1 0 0 0 1 3024.dat
1 2 130 -416 110 1 0 0 0 1 0 0 0 1 3024.dat
1 2 210 -416 70 1 0 0 0 1 0 0 0 1 3024.dat
1 4 200 -416 490 1 0 0 0 1 0 0 0 1 3023.dat
1 2 310 -416 50 1 0 0 0 1 0 0 0 1 3024.dat
1 2 90 -416 70 1 0 0 0 1 0 0 0 1 3024.dat
1 2 410 -416 350 1 0 0 0 1 0 0 0 1 3024.dat
1 2 70 -416 410 1 0 0 0 1 0 0 0 1 3024.dat
1 2 290 -416 470 1 0 0 0 1 0 0 0 1 3024.dat
1 2 330 -416 450 1 0 0 0 1 0 0 0 1 3024.dat
1 2 210 -416 430 1 0 0 0 1 0 0 0 1 3024.dat
1 2 210 -416 50 1 0 0 0 1 0 0 0 1 3024.dat
1 2 470 -416 230 1 0 0 0 1 0 0 0 1 3024.dat
1 2 410 -416 240 0 0 1 0 1 0 -1 0 0 3460.dat
1 2 410 -416 330 1 0 0 0 1 0 0 0 1 3024.dat
1 2 110 -424 130 1 0 0 0 1 0 0 0 1 3024.dat
1 2 130 -424 110 1 0 0 0 1 0 0 0 1 3024.dat
1 2 210 -424 60 0 0 1 0 1 0 -1 0 0 3023.dat
1 2 210 -424 440 0 0 1 0 1 0 -1 0 0 3023.dat
1 2 400 -424 110 1 0 0 0 1 0 0 0 1 3710.dat
1 2 440 -424 390 1 0 0 0 1 0 0 0 1 3023.dat
1 2 450 -424 140 0 0 1 0 1 0 -1 0 0 3710.dat
1 2 470 -424 160 0 0 1 0 1 0 -1 0 0 3710.dat
1 2 490 -424 190 1 0 0 0 1 0 0 0 1 3024.dat
1 2 110 -424 170 0 0 1 0 1 0 -1 0 0 3623.dat
1 2 110 -424 340 0 0 1 0 1 0 -1 0 0 3023.dat
1 2 220 -424 110 1 0 0 0 1 0 0 0 1 3460.dat
1 2 210 -424 90 1 0 0 0 1 0 0 0 1 3024.dat
1 2 310 -424 140 0 0 1 0 1 0 -1 0 0 3666.dat
1 2 340 -424 110 1 0 0 0 1 0 0 0 1 3023.dat
1 2 430 -432 400 0 0 1 0 1 0 -1 0 0 3023.dat
1 2 450 -432 390 1 0 0 0 1 0 0 0 1 3024.dat
1 2 440 -440 390 1 0 0 0 1 0 0 0 1 3023.dat
1 2 430 -440 410 1 0 0 0 1 0 0 0 1 3024.dat
1 2 470 -440 210 1 0 0 0 1 0 0 0 1 3623.dat
1 2 50 -448 210 1 0 0 0 1 0 0 0 1 3024.dat
1 2 430 -448 400 0 0 1 0 1 0 -1 0 0 3023.dat
1 2 470 -448 210 1 0 0 0 1 0 0 0 1 3623.dat
1 2 450 -448 390 1 0 0 0 1 0 0 0 1 3024.dat
1 2 140 -448 210 1 0 0 0 1 0 0 0 1 3460.dat
1 2 300 -448 210 1 0 0 0 1 0 0 0 1 3460.dat
1 2 410 -448 210 1 0 0 0 1 0 0 0 1 3623.dat
1 2 410 -448 180 0 0 1 0 1 0 -1 0 0 3023.dat
1 2 410 -448 280 0 0 1 0 1 0 -1 0 0 3666.dat
1 2 440 -456 390 1 0 0 0 1 0 0 0 1 3023.dat
1 2 430 -456 410 1 0 0 0 1 0 0 0 1 3024.dat
1 2 80 -464 110 1 0 0 0 1 0 0 0 1 3710.dat
1 2 60 -464 390 1 0 0 0 1 0 0 0 1 3023.dat
1 2 100 -464 430 1 0 0 0 1 0 0 0 1 3023.dat
1 2 200 -464 470 1 0 0 0 1 0 0 0 1 3460.dat
1 2 310 -464 70 1 0 0 0 1 0 0 0 1 3024.dat
1 2 310 -464 440 0 0 1 0 1 0 -1 0 0 3023.dat
1 2 310 -464 490 1 0 0 0 1 0 0 0 1 3024.dat
1 2 430 -464 400 0 0 1 0 1 0 -1 0 0 3023.dat
1 2 450 -464 390 1 0 0 0 1 0 0 0 1 3024.dat
1 2 40 -472 150 0 0 1 0 1 0 -1 0 0 3021.dat
1 2 40 -472 350 0 0 1 0 1 0 -1 0 0 3021.dat
1 2 80 -472 110 1 0 0 0 1 0 0 0 1 3710.dat
1 2 60 -472 390 1 0 0 0 1 0 0 0 1 3023.dat
1 2 100 -472 410 1 0 0 0 1 0 0 0 1 3710.dat
1 2 100 -472 70 1 0 0 0 1 0 0 0 1 3023.dat
1 2 100 -472 430 1 0 0 0 1 0 0 0 1 3023.dat
1 2 200 -472 30 1 0 0 0 1 0 0 0 1 3460.dat
1 2 200 -472 470 1 0 0 0 1 0 0 0 1 3460.dat
1 2 150 -472 410 1 0 0 0 1 0 0 0 1 3024.dat
1 2 320 -472 30 1 0 0 0 1 0 0 0 1 3710.dat
1 2 320 -472 470 1 0 0 0 1 0 0 0 1 3710.dat
1 2 310 -472 10 1 0 0 0 1 0 0 0 1 3024.dat
1 2 340 -472 50 1 0 0 0 1 0 0 0 1 3710.dat
1 2 310 -472 70 1 0 0 0 1 0 0 0 1 3024.dat
1 2 310 -472 440 0 0 1 0 1 0 -1 0 0 3023.dat
1 2 310 -472 490 1 0 0 0 1 0 0 0 1 3024.dat
1 2 360 -472 450 1 0 0 0 1 0 0 0 1 3710.dat
1 14 370 -472 30 1 0 0 0 1 0 0 0 1 3024.dat
1 14 370 -472 470 1 0 0 0 1 0 0 0 1 3024.dat
1 2 390 -472 60 0 0 1 0 1 0 -1 0 0 3023.dat
1 2 400 -472 430 1 0 0 0 1 0 0 0 1 3023.dat
1 2 410 -472 140 0 0 1 0 1 0 -1 0 0 3023.dat
1 2 410 -472 370 0 0 1 0 1 0 -1 0 0 3623.dat
1 2 440 -472 390 1 0 0 0 1 0 0 0 1 3023.dat
1 2 430 -472 410 1 0 0 0 1 0 0 0 1 3024.dat
1 2 460 -472 350 0 0 1 0 1 0 -1 0 0 3021.dat
1 2 40 -480 160 1 0 0 0 1 0 0 0 1 3022.dat
1 2 40 -480 340 1 0 0 0 1 0 0 0 1 3022.dat
1 2 60 -480 120 1 0 0 0 1 0 0 0 1 3022.dat
1 2 110 -480 110 1 0 0 0 1 0 0 0 1 3623.dat
1 2 110 -480 130 1 0 0 0 1 0 0 0 1 3024.dat
1 2 110 -480 380 0 0 1 0 1 0 -1 0 0 3023.dat
1 2 140 -480 450 1 0 0 0 1 0 0 0 1 3710.dat
1 2 210 -480 60 0 0 1 0 1 0 -1 0 0 3023.dat
1 2 210 -480 440 0 0 1 0 1 0 -1 0 0 3023.dat
1 2 310 -480 40 0 0 1 0 1 0 -1 0 0 3710.dat
1 2 310 -480 460 0 0 1 0 1 0 -1 0 0 3710.dat
1 2 340 -480 40 1 0 0 0 1 0 0 0 1 3022.dat
1 2 380 -480 410 1 0 0 0 1 0 0 0 1 3666.dat
1 2 340 -480 460 1 0 0 0 1 0 0 0 1 3022.dat
1 2 400 -480 110 1 0 0 0 1 0 0 0 1 3710.dat
1 2 380 -480 440 1 0 0 0 1 0 0 0 1 3022.dat
1 2 430 -480 130 1 0 0 0 1 0 0 0 1 3623.dat
1 2 410 -480 160 0 0 1 0 1 0 -1 0 0 3023.dat
1 2 410 -480 430 1 0 0 0 1 0 0 0 1 3024.dat
1 2 450 -480 110 1 0 0 0 1 0 0 0 1 3024.dat
1 2 460 -480 160 1 0 0 0 1 0 0 0 1 3022.dat
1 2 480 -480 190 1 0 0 0 1 0 0 0 1 3023.dat
1 2 110 -480 170 0 0 1 0 1 0 -1 0 0 3623.dat
1 2 110 -480 340 0 0 1 0 1 0 -1 0 0 3023.dat
1 2 220 -480 110 1 0 0 0 1 0 0 0 1 3460.dat
1 2 240 -480 410 1 0 0 0 1 0 0 0 1 3666.dat
1 2 310 -480 140 0 0 1 0 1 0 -1 0 0 3666.dat
1 2 310 -480 410 1 0 0 0 1 0 0 0 1 3024.dat
1 2 340 -480 110 1 0 0 0 1 0 0 0 1 3023.dat
1 2 410 -480 240 0 0 1 0 1 0 -1 0 0 3666.dat
1 2 410 -480 310 1 0 0 0 1 0 0 0 1 3024.dat
1 2 40 -488 160 1 0 0 0 1 0 0 0 1 3022.dat
1 2 40 -488 340 1 0 0 0 1 0 0 0 1 3022.dat
1 2 80 -488 110 1 0 0 0 1 0 0 0 1 3710.dat
1 2 110 -488 130 1 0 0 0 1 0 0 0 1 3024.dat
1 2 110 -488 380 0 0 1 0 1 0 -1 0 0 3023.dat
1 2 140 -488 450 1 0 0 0 1 0 0 0 1 3710.dat
1 2 130 -488 110 1 0 0 0 1 0 0 0 1 3024.dat
1 2 210 -488 60 0 0 1 0 1 0 -1 0 0 3023.dat
1 2 210 -488 440 0 0 1 0 1 0 -1 0 0 3023.dat
1 2 310 -488 40 0 0 1 0 1 0 -1 0 0 3710.dat
1 2 310 -488 460 0 0 1 0 1 0 -1 0 0 3710.dat
1 2 340 -488 40 1 0 0 0 1 0 0 0 1 3022.dat
1 2 380 -488 410 1 0 0 0 1 0 0 0 1 3666.dat
1 2 360 -488 450 1 0 0 0 1 0 0 0 1 3710.dat
1 2 340 -488 470 1 0 0 0 1 0 0 0 1 3023.dat
1 2 400 -488 110 1 0 0 0 1 0 0 0 1 3710.dat
1 2 390 -488 430 1 0 0 0 1 0 0 0 1 3623.dat
1 2 410 -488 150 0 0 1 0 1 0 -1 0 0 3623.dat
1 2 450 -488 110 1 0 0 0 1 0 0 0 1 3024.dat
1 2 460 -488 160 1 0 0 0 1 0 0 0 1 3022.dat
1 2 480 -488 190 1 0 0 0 1 0 0 0 1 3023.dat
1 2 160 -488 310 1 0 0 0 1 0 0 0 1 3460.dat
1 2 110 -488 170 0 0 1 0 1 0 -1 0 0 3623.dat
1 2 110 -488 260 0 0 1 0 1 0 -1 0 0 3710.dat
1 2 110 -488 340 0 0 1 0 1 0 -1 0 0 3023.dat
1 2 220 -488 110 1 0 0 0 1 0 0 0 1 3460.dat
1 2 240 -488 410 1 0 0 0 1 0 0 0 1 3666.dat
1 2 320 -488 310 1 0 0 0 1 0 0 0 1 3460.dat
1 2 310 -488 140 0 0 1 0 1 0 -1 0 0 3666.dat
1 2 310 -488 410 1 0 0 0 1 0 0 0 1 3024.dat
1 2 340 -488 110 1 0 0 0 1 0 0 0 1 3023.dat
1 2 410 -488 240 0 0 1 0 1 0 -1 0 0 3666.dat
1 2 410 -488 310 1 0 0 0 1 0 0 0 1 3024.dat
1 2 20 -496 240 0 0 1 0 1 0 -1 0 0 3020.dat
1 2 20 -496 290 1 0 0 0 1 0 0 0 1 3023.dat
1 2 40 -496 170 0 0 1 0 1 0 -1 0 0 3021.dat
1 2 40 -496 330 0 0 1 0 1 0 -1 0 0 3021.dat
1 2 160 -496 50 1 0 0 0 1 0 0 0 1 3666.dat
1 2 110 -496 140 0 0 1 0 1 0 -1 0 0 3023.dat
1 2 110 -496 370 0 0 1 0 1 0 -1 0 0 3623.dat
1 2 160 -496 450 1 0 0 0 1 0 0 0 1 3666.dat
1 2 190 -496 410 1 0 0 0 1 0 0 0 1 3024.dat
1 14 240 -496 10 1 0 0 0 1 0 0 0 1 3710.dat
1 2 210 -496 70 1 0 0 0 1 0 0 0 1 3024.dat
1 2 210 -496 430 1 0 0 0 1 0 0 0 1 3024.dat
1 4 240 -496 490 1 0 0 0 1 0 0 0 1 3710.dat
1 14 290 -496 10 1 0 0 0 1 0 0 0 1 3024.dat
1 4 290 -496 490 1 0 0 0 1 0 0 0 1 3024.dat
1 2 330 -496 40 1 0 0 0 1 0 0 0 1 3021.dat
1 2 360 -496 410 1 0 0 0 1 0 0 0 1 3666.dat
1 2 310 -496 450 0 0 1 0 1 0 -1 0 0 3623.dat
1 2 340 -496 460 1 0 0 0 1 0 0 0 1 3022.dat
1 2 400 -496 110 1 0 0 0 1 0 0 0 1 3666.dat
1 2 380 -496 440 1 0 0 0 1 0 0 0 1 3022.dat
1 2 410 -496 80 0 0 1 0 1 0 -1 0 0 3023.dat
1 2 410 -496 160 0 0 1 0 1 0 -1 0 0 3710.dat
1 2 440 -496 310 1 0 0 0 1 0 0 0 1 3710.dat
1 2 410 -496 430 1 0 0 0 1 0 0 0 1 3024.dat
1 2 430 -496 90 1 0 0 0 1 0 0 0 1 3024.dat
1 2 430 -496 410 1 0 0 0 1 0 0 0 1 3024.dat
1 2 480 -496 260 0 0 1 0 1 0 -1 0 0 3020.dat
1 2 110 -496 180 0 0 1 0 1 0 -1 0 0 3023.dat
1 2 110 -496 280 0 0 1 0 1 0 -1 0 0 3666.dat
1 2 200 -496 310 1 0 0 0 1 0 0 0 1 3460.dat
1 2 240 -496 110 1 0 0 0 1 0 0 0 1 3460.dat
1 2 240 -496 410 1 0 0 0 1 0 0 0 1 3710.dat
1 2 340 -496 310 1 0 0 0 1 0 0 0 1 3666.dat
1 2 290 -496 410 1 0 0 0 1 0 0 0 1 3024.dat
1 2 310 -496 160 0 0 1 0 1 0 -1 0 0 3710.dat
1 2 330 -496 110 1 0 0 0 1 0 0 0 1 3024.dat
1 2 410 -496 240 0 0 1 0 1 0 -1 0 0 3710.dat
1 2 410 -496 290 1 0 0 0 1 0 0 0 1 3024.dat
1 2 20 -504 240 0 0 1 0 1 0 -1 0 0 3020.dat
1 2 20 -504 290 1 0 0 0 1 0 0 0 1 3023.dat
1 2 40 -504 170 0 0 1 0 1 0 -1 0 0 3021.dat
1 2 40 -504 330 0 0 1 0 1 0 -1 0 0 3021.dat
1 2 70 -504 210 1 0 0 0 1 0 0 0 1 3623.dat
1 2 60 -504 380 1 0 0 0 1 0 0 0 1 3022.dat
1 2 90 -504 90 1 0 0 0 1 0 0 0 1 3623.dat
1 2 140 -504 410 1 0 0 0 1 0 0 0 1 3460.dat
1 2 110 -504 70 1 0 0 0 1 0 0 0 1 3623.dat
1 2 110 -504 430 1 0 0 0 1 0 0 0 1 3623.dat
1 2 160 -504 50 1 0 0 0 1 0 0 0 1 3666.dat
1 2 110 -504 140 0 0 1 0 1 0 -1 0 0 3023.dat
1 2 110 -504 370 0 0 1 0 1 0 -1 0 0 3623.dat
1 2 160 -504 450 1 0 0 0 1 0 0 0 1 3666.dat
1 2 220 -504 30 1 0 0 0 1 0 0 0 1 3460.dat
1 2 220 -504 470 1 0 0 0 1 0 0 0 1 3460.dat
1 14 240 -504 10 1 0 0 0 1 0 0 0 1 3710.dat
1 2 210 -504 80 0 0 1 0 1 0 -1 0 0 3023.dat
1 2 210 -504 430 1 0 0 0 1 0 0 0 1 3024.dat
1 4 240 -504 490 1 0 0 0 1 0 0 0 1 3710.dat
1 14 290 -504 10 1 0 0 0 1 0 0 0 1 3024.dat
1 2 360 -504 410 1 0 0 0 1 0 0 0 1 3460.dat
1 4 290 -504 490 1 0 0 0 1 0 0 0 1 3024.dat
1 2 330 -504 40 1 0 0 0 1 0 0 0 1 3021.dat
1 2 310 -504 450 0 0 1 0 1 0 -1 0 0 3623.dat
1 14 360 -504 450 1 0 0 0 1 0 0 0 1 3710.dat
1 2 340 -504 470 1 0 0 0 1 0 0 0 1 3023.dat
1 14 400 -504 110 1 0 0 0 1 0 0 0 1 3666.dat
1 2 380 -504 60 1 0 0 0 1 0 0 0 1 3022.dat
1 2 390 -504 430 1 0 0 0 1 0 0 0 1 3623.dat
1 2 410 -504 80 0 0 1 0 1 0 -1 0 0 3023.dat
1 2 410 -504 180 0 0 1 0 1 0 -1 0 0 3666.dat
1 2 410 -504 320 0 0 1 0 1 0 -1 0 0 3666.dat
1 2 430 -504 390 1 0 0 0 1 0 0 0 1 3623.dat
1 2 430 -504 90 1 0 0 0 1 0 0 0 1 3024.dat
1 2 460 -504 210 1 0 0 0 1 0 0 0 1 3710.dat
1 2 450 -504 310 1 0 0 0 1 0 0 0 1 3623.dat
1 2 440 -504 370 1 0 0 0 1 0 0 0 1 3023.dat
1 2 460 -504 340 1 0 0 0 1 0 0 0 1 3022.dat
1 2 480 -504 260 0 0 1 0 1 0 -1 0 0 3020.dat
1 2 110 -504 240 0 0 1 0 1 0 -1 0 0 3460.dat
1 2 110 -504 330 1 0 0 0 1 0 0 0 1 3024.dat
1 2 200 -504 310 1 0 0 0 1 0 0 0 1 3460.dat
1 2 240 -504 110 1 0 0 0 1 0 0 0 1 3460.dat
1 2 210 -504 360 0 0 1 0 1 0 -1 0 0 3710.dat
1 2 250 -504 410 1 0 0 0 1 0 0 0 1 3623.dat
1 2 340 -504 210 1 0 0 0 1 0 0 0 1 3666.dat
1 2 340 -504 310 1 0 0 0 1 0 0 0 1 3666.dat
1 2 310 -504 160 0 0 1 0 1 0 -1 0 0 3710.dat
1 2 330 -504 110 1 0 0 0 1 0 0 0 1 3024.dat
1 2 410 -504 250 1 0 0 0 1 0 0 0 1 3024.dat
1 2 50 -512 340 0 0 1 0 1 0 -1 0 0 3666.dat
1 14 320 -512 460 1 0 0 0 1 0 0 0 1 3020.dat
1 2 410 -512 100 1 0 0 0 1 0 0 0 1 3021.dat
1 2 460 -512 320 0 0 1 0 1 0 -1 0 0 3020.dat
1 2 20 -512 250 0 0 1 0 1 0 -1 0 0 3021.dat
1 2 40 -512 180 0 0 1 0 1 0 -1 0 0 3020.dat
1 2 30 -512 320 0 0 1 0 1 0 -1 0 0 3710.dat
1 2 60 -512 130 1 0 0 0 1 0 0 0 1 3023.dat
1 2 90 -512 90 1 0 0 0 1 0 0 0 1 3623.dat
1 2 80 -512 210 1 0 0 0 1 0 0 0 1 3023.dat
1 2 70 -512 390 0 0 1 0 1 0 -1 0 0 3623.dat
1 2 110 -512 70 1 0 0 0 1 0 0 0 1 3623.dat
1 2 160 -512 410 1 0 0 0 1 0 0 0 1 3460.dat
1 2 110 -512 430 1 0 0 0 1 0 0 0 1 3623.dat
1 2 110 -512 150 0 0 1 0 1 0 -1 0 0 3623.dat
1 2 110 -512 360 0 0 1 0 1 0 -1 0 0 3710.dat
1 2 160 -512 50 1 0 0 0 1 0 0 0 1 3710.dat
1 2 160 -512 450 1 0 0 0 1 0 0 0 1 3710.dat
1 2 220 -512 30 1 0 0 0 1 0 0 0 1 3460.dat
1 2 200 -512 470 1 0 0 0 1 0 0 0 1 3666.dat
1 2 170 -512 110 1 0 0 0 1 0 0 0 1 3024.dat
1 2 210 -512 70 0 0 1 0 1 0 -1 0 0 3623.dat
1 2 210 -512 440 0 0 1 0 1 0 -1 0 0 3023.dat
1 14 250 -512 10 1 0 0 0 1 0 0 0 1 3623.dat
1 4 250 -512 490 1 0 0 0 1 0 0 0 1 3623.dat
1 2 320 -512 410 1 0 0 0 1 0 0 0 1 3460.dat
1 2 270 -512 470 1 0 0 0 1 0 0 0 1 3024.dat
1 14 330 -512 30 1 0 0 0 1 0 0 0 1 3623.dat
1 2 350 -512 110 1 0 0 0 1 0 0 0 1 3623.dat
1 14 370 -512 60 0 0 1 0 1 0 -1 0 0 3023.dat
1 2 390 -512 430 1 0 0 0 1 0 0 0 1 3623.dat
1 2 400 -512 70 1 0 0 0 1 0 0 0 1 3023.dat
1 2 410 -512 200 0 0 1 0 1 0 -1 0 0 3460.dat
1 2 410 -512 340 0 0 1 0 1 0 -1 0 0 3666.dat
1 2 420 -512 410 1 0 0 0 1 0 0 0 1 3023.dat
1 2 440 -512 130 1 0 0 0 1 0 0 0 1 3023.dat
1 2 450 -512 210 1 0 0 0 1 0 0 0 1 3623.dat
1 2 430 -512 310 1 0 0 0 1 0 0 0 1 3024.dat
1 2 440 -512 380 1 0 0 0 1 0 0 0 1 3022.dat
1 14 450 -512 110 1 0 0 0 1 0 0 0 1 3024.dat
1 2 480 -512 250 0 0 1 0 1 0 -1 0 0 3021.dat
1 2 110 -512 240 0 0 1 0 1 0 -1 0 0 3666.dat
1 2 180 -512 310 1 0 0 0 1 0 0 0 1 3460.dat
1 2 240 -512 110 1 0 0 0 1 0 0 0 1 3666.dat
1 2 210 -512 360 0 0 1 0 1 0 -1 0 0 3710.dat
1 2 320 -512 310 1 0 0 0 1 0 0 0 1 3666.dat
1 2 340 -512 210 1 0 0 0 1 0 0 0 1 3666.dat
1 2 310 -512 140 0 0 1 0 1 0 -1 0 0 3710.dat
1 2 310 -512 190 1 0 0 0 1 0 0 0 1 3024.dat
1 2 310 -512 260 0 0 1 0 1 0 -1 0 0 3710.dat
1 2 310 -512 360 0 0 1 0 1 0 -1 0 0 3710.dat
1 2 390 -512 310 1 0 0 0 1 0 0 0 1 3024.dat
1 2 90 -520 100 1 0 0 0 1 0 0 0 1 3021.dat
1 2 90 -520 210 1 0 0 0 1 0 0 0 1 3623.dat
1 2 90 -520 310 1 0 0 0 1 0 0 0 1 3623.dat
1 2 90 -520 400 1 0 0 0 1 0 0 0 1 3021.dat
1 2 120 -520 70 1 0 0 0 1 0 0 0 1 3710.dat
1 2 120 -520 430 1 0 0 0 1 0 0 0 1 3710.dat
1 2 110 -520 290 1 0 0 0 1 0 0 0 1 3024.dat
1 2 160 -520 110 1 0 0 0 1 0 0 0 1 3710.dat
1 2 200 -520 410 1 0 0 0 1 0 0 0 1 3460.dat
1 2 210 -520 90 0 0 1 0 1 0 -1 0 0 3623.dat
1 2 210 -520 390 1 0 0 0 1 0 0 0 1 3024.dat
1 2 360 -520 110 1 0 0 0 1 0 0 0 1 3460.dat
1 14 360 -520 410 1 0 0 0 1 0 0 0 1 3460.dat
1 2 310 -520 390 1 0 0 0 1 0 0 0 1 3024.dat
1 2 380 -520 70 1 0 0 0 1 0 0 0 1 3710.dat
1 2 380 -520 430 1 0 0 0 1 0 0 0 1 3710.dat
1 2 410 -520 90 1 0 0 0 1 0 0 0 1 3623.dat
1 2 420 -520 210 1 0 0 0 1 0 0 0 1 3710.dat
1 2 420 -520 310 1 0 0 0 1 0 0 0 1 3710.dat
1 2 470 -520 210 1 0 0 0 1 0 0 0 1 3024.dat
1 2 470 -520 310 1 0 0 0 1 0 0 0 1 3024.dat
1 2 110 -520 250 0 0 1 0 1 0 -1 0 0 3623.dat
1 2 200 -520 310 1 0 0 0 1 0 0 0 1 3460.dat
1 2 210 -520 350 0 0 1 0 1 0 -1 0 0 3623.dat
1 2 250 -520 110 1 0 0 0 1 0 0 0 1 3623.dat
1 2 320 -520 210 1 0 0 0 1 0 0 0 1 3710.dat
1 2 320 -520 310 1 0 0 0 1 0 0 0 1 3710.dat
1 2 310 -520 160 0 0 1 0 1 0 -1 0 0 3710.dat
1 2 310 -520 260 0 0 1 0 1 0 -1 0 0 3710.dat
1 2 310 -520 350 0 0 1 0 1 0 -1 0 0 3623.dat
1 2 370 -520 210 1 0 0 0 1 0 0 0 1 3024.dat
1 2 370 -520 310 1 0 0 0 1 0 0 0 1 3024.dat
1 2 90 -528 210 1 0 0 0 1 0 0 0 1 3623.dat
1 2 100 -528 310 1 0 0 0 1 0 0 0 1 3710.dat
1 2 90 -528 390 1 0 0 0 1 0 0 0 1 3623.dat
1 2 100 -528 90 1 0 0 0 1 0 0 0 1 3023.dat
1 2 130 -528 70 1 0 0 0 1 0 0 0 1 3623.dat
1 2 130 -528 430 1 0 0 0 1 0 0 0 1 3623.dat
1 2 210 -528 390 1 0 0 0 1 0 0 0 1 3024.dat
1 2 310 -528 130 1 0 0 0 1 0 0 0 1 3024.dat
1 2 310 -528 380 0 0 1 0 1 0 -1 0 0 3023.dat
1 2 370 -528 70 1 0 0 0 1 0 0 0 1 3623.dat
1 2 370 -528 430 1 0 0 0 1 0 0 0 1 3623.dat
1 2 420 -528 310 1 0 0 0 1 0 0 0 1 3666.dat
1 2 400 -528 100 1 0 0 0 1 0 0 0 1 3022.dat
1 2 420 -528 210 1 0 0 0 1 0 0 0 1 3710.dat
1 2 430 -528 110 1 0 0 0 1 0 0 0 1 3024.dat
1 2 470 -528 210 1 0 0 0 1 0 0 0 1 3024.dat
1 2 200 -528 210 1 0 0 0 1 0 0 0 1 3460.dat
1 2 220 -528 310 1 0 0 0 1 0 0 0 1 3460.dat
1 2 210 -528 350 0 0 1 0 1 0 -1 0 0 3623.dat
1 2 320 -528 210 1 0 0 0 1 0 0 0 1 3710.dat
1 2 310 -528 170 0 0 1 0 1 0 -1 0 0 3623.dat
1 2 310 -528 280 0 0 1 0 1 0 -1 0 0 3666.dat
1 2 310 -528 350 1 0 0 0 1 0 0 0 1 3024.dat
1 2 340 -528 310 1 0 0 0 1 0 0 0 1 3023.dat
1 2 370 -528 210 1 0 0 0 1 0 0 0 1 3024.dat
1 2 100 -536 210 1 0 0 0 1 0 0 0 1 3710.dat
1 2 100 -536 310 1 0 0 0 1 0 0 0 1 3710.dat
1 2 90 -536 390 1 0 0 0 1 0 0 0 1 3623.dat
1 2 100 -536 90 1 0 0 0 1 0 0 0 1 3023.dat
1 2 130 -536 70 1 0 0 0 1 0 0 0 1 3623.dat
1 2 130 -536 430 1 0 0 0 1 0 0 0 1 3623.dat
1 2 150 -536 310 1 0 0 0 1 0 0 0 1 3024.dat
1 2 210 -536 130 1 0 0 0 1 0 0 0 1 3024.dat
1 2 210 -536 380 0 0 1 0 1 0 -1 0 0 3023.dat
1 2 320 -536 50 1 0 0 0 1 0 0 0 1 3710.dat
1 2 310 -536 140 0 0 1 0 1 0 -1 0 0 3023.dat
1 2 310 -536 370 0 0 1 0 1 0 -1 0 0 3623.dat
1 2 310 -536 430 1 0 0 0 1 0 0 0 1 3024.dat
1 2 370 -536 70 1 0 0 0 1 0 0 0 1 3623.dat
1 2 400 -536 310 1 0 0 0 1 0 0 0 1 3666.dat
1 14 370 -536 430 1 0 0 0 1 0 0 0 1 3623.dat
1 2 420 -536 210 1 0 0 0 1 0 0 0 1 3666.dat
1 14 370 -536 450 1 0 0 0 1 0 0 0 1 3024.dat
1 14 400 -536 100 1 0 0 0 1 0 0 0 1 3022.dat
1 2 430 -536 110 1 0 0 0 1 0 0 0 1 3024.dat
1 2 470 -536 310 1 0 0 0 1 0 0 0 1 3024.dat
1 2 220 -536 210 1 0 0 0 1 0 0 0 1 3460.dat
1 2 240 -536 310 1 0 0 0 1 0 0 0 1 3460.dat
1 2 210 -536 170 0 0 1 0 1 0 -1 0 0 3623.dat
1 2 210 -536 340 0 0 1 0 1 0 -1 0 0 3023.dat
1 2 310 -536 220 0 0 1 0 1 0 -1 0 0 3666.dat
1 2 310 -536 290 1 0 0 0 1 0 0 0 1 3024.dat
1 2 310 -536 330 1 0 0 0 1 0 0 0 1 3024.dat
1 2 340 -536 210 1 0 0 0 1 0 0 0 1 3023.dat
1 2 330 -536 310 1 0 0 0 1 0 0 0 1 3024.dat
1 2 40 -544 240 0 0 1 0 1 0 -1 0 0 3795.dat
1 2 100 -544 310 1 0 0 0 1 0 0 0 1 3460.dat
1 2 60 -544 160 1 0 0 0 1 0 0 0 1 3022.dat
1 2 60 -544 340 1 0 0 0 1 0 0 0 1 3022.dat
1 2 90 -544 130 1 0 0 0 1 0 0 0 1 3623.dat
1 2 100 -544 210 1 0 0 0 1 0 0 0 1 3710.dat
1 2 90 -544 380 1 0 0 0 1 0 0 0 1 3021.dat
1 2 110 -544 90 1 0 0 0 1 0 0 0 1 3623.dat
1 2 140 -544 70 1 0 0 0 1 0 0 0 1 3710.dat
1 2 110 -544 170 0 0 1 0 1 0 -1 0 0 3623.dat
1 2 110 -544 340 0 0 1 0 1 0 -1 0 0 3023.dat
1 2 140 -544 430 1 0 0 0 1 0 0 0 1 3710.dat
1 2 150 -544 210 1 0 0 0 1 0 0 0 1 3024.dat
1 14 240 -544 30 1 0 0 0 1 0 0 0 1 3666.dat
1 14 240 -544 470 1 0 0 0 1 0 0 0 1 3666.dat
1 2 210 -544 140 0 0 1 0 1 0 -1 0 0 3023.dat
1 2 210 -544 370 0 0 1 0 1 0 -1 0 0 3623.dat
1 2 210 -544 430 1 0 0 0 1 0 0 0 1 3024.dat
1 2 310 -544 60 0 0 1 0 1 0 -1 0 0 3710.dat
1 2 310 -544 150 0 0 1 0 1 0 -1 0 0 3623.dat
1 2 330 -544 440 1 0 0 0 1 0 0 0 1 3021.dat
1 14 310 -544 470 1 0 0 0 1 0 0 0 1 3024.dat
1 2 340 -544 60 1 0 0 0 1 0 0 0 1 3022.dat
1 2 400 -544 310 1 0 0 0 1 0 0 0 1 3460.dat
1 2 400 -544 210 1 0 0 0 1 0 0 0 1 3666.dat
1 2 380 -544 80 1 0 0 0 1 0 0 0 1 3022.dat
1 14 380 -544 430 1 0 0 0 1 0 0 0 1 3023.dat
1 2 410 -544 110 1 0 0 0 1 0 0 0 1 3623.dat
1 14 410 -544 90 1 0 0 0 1 0 0 0 1 3024.dat
1 2 420 -544 150 0 0 1 0 1 0 -1 0 0 3021.dat
1 2 410 -544 190 1 0 0 0 1 0 0 0 1 3024.dat
1 2 410 -544 260 0 0 1 0 1 0 -1 0 0 3710.dat
1 2 420 -544 360 0 0 1 0 1 0 -1 0 0 3020.dat
1 2 450 -544 170 0 0 1 0 1 0 -1 0 0 3623.dat
1 2 460 -544 260 0 0 1 0 1 0 -1 0 0 3020.dat
1 2 450 -544 340 0 0 1 0 1 0 -1 0 0 3023.dat
1 2 470 -544 200 0 0 1 0 1 0 -1 0 0 3023.dat
1 2 240 -544 210 1 0 0 0 1 0 0 0 1 3460.dat
1 2 240 -544 310 1 0 0 0 1 0 0 0 1 3666.dat
1 2 210 -544 180 0 0 1 0 1 0 -1 0 0 3023.dat
1 2 210 -544 260 0 0 1 0 1 0 -1 0 0 3710.dat
1 2 210 -544 330 1 0 0 0 1 0 0 0 1 3024.dat
1 2 310 -544 190 1 0 0 0 1 0 0 0 1 3024.dat
1 2 310 -544 260 0 0 1 0 1 0 -1 0 0 3710.dat
1 2 310 -544 310 1 0 0 0 1 0 0 0 1 3024.dat
1 2 330 -544 210 1 0 0 0 1 0 0 0 1 3024.dat
1 2 100 -552 210 1 0 0 0 1 0 0 0 1 3460.dat
1 2 40 -552 260 0 0 1 0 1 0 -1 0 0 3020.dat
1 2 60 -552 170 0 0 1 0 1 0 -1 0 0 3021.dat
1 2 120 -552 310 1 0 0 0 1 0 0 0 1 3460.dat
1 2 60 -552 340 1 0 0 0 1 0 0 0 1 3022.dat
1 2 140 -552 110 1 0 0 0 1 0 0 0 1 3460.dat
1 2 90 -552 130 1 0 0 0 1 0 0 0 1 3623.dat
1 2 90 -552 380 1 0 0 0 1 0 0 0 1 3021.dat
1 2 110 -552 90 1 0 0 0 1 0 0 0 1 3623.dat
1 2 160 -552 410 1 0 0 0 1 0 0 0 1 3460.dat
1 2 160 -552 70 1 0 0 0 1 0 0 0 1 3666.dat
1 2 110 -552 170 0 0 1 0 1 0 -1 0 0 3623.dat
1 2 110 -552 340 0 0 1 0 1 0 -1 0 0 3023.dat
1 2 160 -552 430 1 0 0 0 1 0 0 0 1 3666.dat
1 14 240 -552 30 1 0 0 0 1 0 0 0 1 3710.dat
1 2 210 -552 90 1 0 0 0 1 0 0 0 1 3024.dat
1 2 210 -552 150 0 0 1 0 1 0 -1 0 0 3623.dat
1 14 240 -552 470 1 0 0 0 1 0 0 0 1 3710.dat
1 2 300 -552 110 1 0 0 0 1 0 0 0 1 3460.dat
1 2 320 -552 410 1 0 0 0 1 0 0 0 1 3460.dat
1 14 290 -552 30 1 0 0 0 1 0 0 0 1 3024.dat
1 14 290 -552 470 1 0 0 0 1 0 0 0 1 3024.dat
1 2 330 -552 60 1 0 0 0 1 0 0 0 1 3021.dat
1 2 380 -552 310 1 0 0 0 1 0 0 0 1 3460.dat
1 2 330 -552 440 1 0 0 0 1 0 0 0 1 3021.dat
1 2 400 -552 210 1 0 0 0 1 0 0 0 1 3460.dat
1 2 380 -552 80 1 0 0 0 1 0 0 0 1 3022.dat
1 14 380 -552 430 1 0 0 0 1 0 0 0 1 3023.dat
1 2 410 -552 110 1 0 0 0 1 0 0 0 1 3623.dat
1 14 410 -552 90 1 0 0 0 1 0 0 0 1 3024.dat
1 2 420 -552 160 0 0 1 0 1 0 -1 0 0 3020.dat
1 2 410 -552 260 0 0 1 0 1 0 -1 0 0 3710.dat
1 2 420 -552 360 0 0 1 0 1 0 -1 0 0 3020.dat
1 14 410 -552 410 1 0 0 0 1 0 0 0 1 3024.dat
1 2 450 -552 170 0 0 1 0 1 0 -1 0 0 3623.dat
1 2 460 -552 260 0 0 1 0 1 0 -1 0 0 3020.dat
1 2 450 -552 340 0 0 1 0 1 0 -1 0 0 3023.dat
1 2 240 -552 210 1 0 0 0 1 0 0 0 1 3666.dat
1 2 210 -552 190 1 0 0 0 1 0 0 0 1 3024.dat
1 2 210 -552 260 0 0 1 0 1 0 -1 0 0 3710.dat
1 2 240 -552 310 1 0 0 0 1 0 0 0 1 3710.dat
1 2 290 -552 310 1 0 0 0 1 0 0 0 1 3024.dat
1 2 310 -552 240 0 0 1 0 1 0 -1 0 0 3710.dat
1 2 310 -552 290 1 0 0 0 1 0 0 0 1 3024.dat
1 2 60 -560 240 0 0 1 0 1 0 -1 0 0 3034.dat
1 2 60 -560 330 1 0 0 0 1 0 0 0 1 3023.dat
1 2 90 -560 140 1 0 0 0 1 0 0 0 1 3021.dat
1 2 90 -560 360 1 0 0 0 1 0 0 0 1 3021.dat
1 2 160 -560 110 1 0 0 0 1 0 0 0 1 3460.dat
1 2 160 -560 310 1 0 0 0 1 0 0 0 1 3460.dat
1 2 100 -560 390 1 0 0 0 1 0 0 0 1 3023.dat
1 2 120 -560 90 1 0 0 0 1 0 0 0 1 3023.dat
1 2 110 -560 180 0 0 1 0 1 0 -1 0 0 3023.dat
1 2 110 -560 330 1 0 0 0 1 0 0 0 1 3024.dat
1 2 180 -560 410 1 0 0 0 1 0 0 0 1 3460.dat
1 2 160 -560 70 1 0 0 0 1 0 0 0 1 3710.dat
1 2 160 -560 430 1 0 0 0 1 0 0 0 1 3710.dat
1 2 210 -560 80 0 0 1 0 1 0 -1 0 0 3023.dat
1 2 210 -560 230 1 0 0 0 1 0 0 0 1 3024.dat
1 2 210 -560 280 0 0 1 0 1 0 -1 0 0 3023.dat
1 2 210 -560 430 1 0 0 0 1 0 0 0 1 3024.dat
1 14 250 -560 30 1 0 0 0 1 0 0 0 1 3623.dat
1 14 250 -560 470 1 0 0 0 1 0 0 0 1 3623.dat
1 2 320 -560 110 1 0 0 0 1 0 0 0 1 3460.dat
1 2 320 -560 310 1 0 0 0 1 0 0 0 1 3460.dat
1 2 340 -560 210 1 0 0 0 1 0 0 0 1 3460.dat
1 2 320 -560 410 1 0 0 0 1 0 0 0 1 3666.dat
1 2 320 -560 70 1 0 0 0 1 0 0 0 1 3710.dat
1 2 320 -560 430 1 0 0 0 1 0 0 0 1 3710.dat
1 14 330 -560 50 1 0 0 0 1 0 0 0 1 3623.dat
1 14 330 -560 450 1 0 0 0 1 0 0 0 1 3623.dat
1 14 370 -560 80 0 0 1 0 1 0 -1 0 0 3023.dat
1 14 370 -560 430 1 0 0 0 1 0 0 0 1 3024.dat
1 2 390 -560 90 1 0 0 0 1 0 0 0 1 3024.dat
1 14 400 -560 390 1 0 0 0 1 0 0 0 1 3023.dat
1 2 390 -560 410 1 0 0 0 1 0 0 0 1 3024.dat
1 2 410 -560 140 0 0 1 0 1 0 -1 0 0 3710.dat
1 2 430 -560 190 1 0 0 0 1 0 0 0 1 3623.dat
1 2 420 -560 300 0 0 1 0 1 0 -1 0 0 3034.dat
1 2 430 -560 150 0 0 1 0 1 0 -1 0 0 3623.dat
1 2 440 -560 210 1 0 0 0 1 0 0 0 1 3023.dat
1 2 450 -560 170 1 0 0 0 1 0 0 0 1 3024.dat
1 2 450 -560 280 0 0 1 0 1 0 -1 0 0 3666.dat
1 2 210 -560 250 1 0 0 0 1 0 0 0 1 3024.dat
1 2 250 -560 210 1 0 0 0 1 0 0 0 1 3024.dat
1 2 60 -568 240 0 0 1 0 1 0 -1 0 0 3034.dat
1 2 60 -568 330 1 0 0 0 1 0 0 0 1 3023.dat
1 2 90 -568 140 1 0 0 0 1 0 0 0 1 3021.dat
1 2 90 -568 360 1 0 0 0 1 0 0 0 1 3021.dat
1 2 160 -568 110 1 0 0 0 1 0 0 0 1 3460.dat
1 2 160 -568 310 1 0 0 0 1 0 0 0 1 3460.dat
1 2 100 -568 390 1 0 0 0 1 0 0 0 1 3023.dat
1 2 130 -568 90 1 0 0 0 1 0 0 0 1 3623.dat
1 2 110 -568 180 0 0 1 0 1 0 -1 0 0 3023.dat
1 2 110 -568 330 1 0 0 0 1 0 0 0 1 3024.dat
1 14 180 -568 410 1 0 0 0 1 0 0 0 1 3460.dat
1 2 200 -568 70 1 0 0 0 1 0 0 0 1 3460.dat
1 2 200 -568 430 1 0 0 0 1 0 0 0 1 3460.dat
1 14 240 -568 50 1 0 0 0 1 0 0 0 1 3460.dat
1 14 240 -568 450 1 0 0 0 1 0 0 0 1 3460.dat
1 2 210 -568 260 0 0 1 0 1 0 -1 0 0 3710.dat
1 2 320 -568 110 1 0 0 0 1 0 0 0 1 3460.dat
1 2 320 -568 210 1 0 0 0 1 0 0 0 1 3460.dat
1 2 320 -568 310 1 0 0 0 1 0 0 0 1 3460.dat
1 2 320 -568 410 1 0 0 0 1 0 0 0 1 3666.dat
1 2 320 -568 70 1 0 0 0 1 0 0 0 1 3710.dat
1 2 320 -568 430 1 0 0 0 1 0 0 0 1 3710.dat
1 2 310 -568 360 0 0 1 0 1 0 -1 0 0 3710.dat
1 14 330 -568 50 1 0 0 0 1 0 0 0 1 3024.dat
1 14 330 -568 450 1 0 0 0 1 0 0 0 1 3024.dat
1 2 370 -568 90 1 0 0 0 1 0 0 0 1 3623.dat
1 14 370 -568 70 1 0 0 0 1 0 0 0 1 3024.dat
1 14 370 -568 430 1 0 0 0 1 0 0 0 1 3024.dat
1 2 390 -568 400 0 0 1 0 1 0 -1 0 0 3023.dat
1 14 410 -568 180 0 0 1 0 1 0 -1 0 0 3460.dat
1 2 420 -568 320 0 0 1 0 1 0 -1 0 0 3795.dat
1 14 410 -568 390 1 0 0 0 1 0 0 0 1 3024.dat
1 2 430 -568 180 0 0 1 0 1 0 -1 0 0 3666.dat
1 2 440 -568 250 1 0 0 0 1 0 0 0 1 3023.dat
1 2 450 -568 200 0 0 1 0 1 0 -1 0 0 3710.dat
1 2 450 -568 300 0 0 1 0 1 0 -1 0 0 3710.dat
1 2 100 -576 170 1 0 0 0 1 0 0 0 1 3023.dat
1 2 100 -576 360 0 0 1 0 1 0 -1 0 0 3020.dat
1 2 130 -576 400 0 0 1 0 1 0 -1 0 0 3023.dat
1 2 170 -576 100 0 0 1 0 1 0 -1 0 0 3023.dat
1 2 360 -576 100 1 0 0 0 1 0 0 0 1 3020.dat
1 2 380 -576 400 1 0 0 0 1 0 0 0 1 3022.dat
1 2 400 -576 130 1 0 0 0 1 0 0 0 1 3023.dat
1 2 400 -576 370 1 0 0 0 1 0 0 0 1 3023.dat
1 2 60 -576 240 0 0 1 0 1 0 -1 0 0 3795.dat
1 2 120 -576 310 1 0 0 0 1 0 0 0 1 3460.dat
1 2 90 -576 150 1 0 0 0 1 0 0 0 1 3623.dat
1 2 70 -576 170 1 0 0 0 1 0 0 0 1 3024.dat
1 2 70 -576 340 0 0 1 0 1 0 -1 0 0 3023.dat
1 2 120 -576 110 1 0 0 0 1 0 0 0 1 3710.dat
1 2 100 -576 130 1 0 0 0 1 0 0 0 1 3023.dat
1 2 130 -576 90 1 0 0 0 1 0 0 0 1 3623.dat
1 2 110 -576 190 1 0 0 0 1 0 0 0 1 3024.dat
1 2 110 -576 260 0 0 1 0 1 0 -1 0 0 3710.dat
1 14 110 -576 410 1 0 0 0 1 0 0 0 1 3024.dat
1 2 220 -576 70 1 0 0 0 1 0 0 0 1 3460.dat
1 2 220 -576 420 1 0 0 0 1 0 0 0 1 3034.dat
1 14 240 -576 50 1 0 0 0 1 0 0 0 1 3666.dat
1 2 240 -576 110 1 0 0 0 1 0 0 0 1 3666.dat
1 14 240 -576 450 1 0 0 0 1 0 0 0 1 3666.dat
1 2 210 -576 300 0 0 1 0 1 0 -1 0 0 3460.dat
1 2 210 -576 390 1 0 0 0 1 0 0 0 1 3024.dat
1 2 300 -576 310 1 0 0 0 1 0 0 0 1 3460.dat
1 2 320 -576 210 1 0 0 0 1 0 0 0 1 3460.dat
1 2 310 -576 120 0 0 1 0 1 0 -1 0 0 3460.dat
1 2 310 -576 380 0 0 1 0 1 0 -1 0 0 3666.dat
1 14 310 -576 450 1 0 0 0 1 0 0 0 1 3024.dat
1 2 340 -576 70 1 0 0 0 1 0 0 0 1 3023.dat
1 2 340 -576 420 1 0 0 0 1 0 0 0 1 3022.dat
1 2 420 -576 310 1 0 0 0 1 0 0 0 1 3710.dat
1 14 410 -576 110 1 0 0 0 1 0 0 0 1 3024.dat
1 2 420 -576 220 0 0 1 0 1 0 -1 0 0 3034.dat
1 2 420 -576 340 1 0 0 0 1 0 0 0 1 3022.dat
1 14 410 -576 390 1 0 0 0 1 0 0 0 1 3024.dat
1 14 450 -576 240 0 0 1 0 1 0 -1 0 0 3666.dat
1 2 120 -584 210 1 0 0 0 1 0 0 0 1 3460.dat
1 2 60 -584 260 0 0 1 0 1 0 -1 0 0 3020.dat
1 2 90 -584 160 1 0 0 0 1 0 0 0 1 3021.dat
1 2 90 -584 190 1 0 0 0 1 0 0 0 1 3623.dat
1 2 140 -584 310 1 0 0 0 1 0 0 0 1 3460.dat
1 14 90 -584 340 1 0 0 0 1 0 0 0 1 3021.dat
1 2 100 -584 130 1 0 0 0 1 0 0 0 1 3023.dat
1 2 100 -584 370 1 0 0 0 1 0 0 0 1 3023.dat
1 2 180 -584 110 1 0 0 0 1 0 0 0 1 3460.dat
1 2 110 -584 260 0 0 1 0 1 0 -1 0 0 3710.dat
1 2 120 -584 390 1 0 0 0 1 0 0 0 1 3023.dat
1 2 150 -584 90 1 0 0 0 1 0 0 0 1 3623.dat
1 14 200 -584 410 1 0 0 0 1 0 0 0 1 3460.dat
1 2 220 -584 70 1 0 0 0 1 0 0 0 1 3460.dat
1 2 220 -584 430 1 0 0 0 1 0 0 0 1 3460.dat
1 14 240 -584 50 1 0 0 0 1 0 0 0 1 3666.dat
1 14 240 -584 450 1 0 0 0 1 0 0 0 1 3666.dat
1 2 210 -584 200 0 0 1 0 1 0 -1 0 0 3460.dat
1 2 210 -584 290 1 0 0 0 1 0 0 0 1 3024.dat
1 2 300 -584 210 1 0 0 0 1 0 0 0 1 3460.dat
1 2 300 -584 310 1 0 0 0 1 0 0 0 1 3460.dat
1 2 320 -584 110 1 0 0 0 1 0 0 0 1 3666.dat
1 2 320 -584 410 1 0 0 0 1 0 0 0 1 3710.dat
1 2 310 -584 70 0 0 1 0 1 0 -1 0 0 3623.dat
1 2 330 -584 430 1 0 0 0 1 0 0 0 1 3623.dat
1 14 310 -584 450 1 0 0 0 1 0 0 0 1 3024.dat
1 14 340 -584 80 1 0 0 0 1 0 0 0 1 3022.dat
1 2 370 -584 90 1 0 0 0 1 0 0 0 1 3024.dat
1 14 380 -584 390 1 0 0 0 1 0 0 0 1 3023.dat
1 2 370 -584 410 1 0 0 0 1 0 0 0 1 3024.dat
1 2 390 -584 120 0 0 1 0 1 0 -1 0 0 3023.dat
1 2 420 -584 210 1 0 0 0 1 0 0 0 1 3710.dat
1 2 410 -584 310 1 0 0 0 1 0 0 0 1 3623.dat
1 2 400 -584 370 1 0 0 0 1 0 0 0 1 3023.dat
1 14 410 -584 160 0 0 1 0 1 0 -1 0 0 3710.dat
1 2 420 -584 260 0 0 1 0 1 0 -1 0 0 3020.dat
1 2 420 -584 340 1 0 0 0 1 0 0 0 1 3022.dat
1 2 430 -584 170 0 0 1 0 1 0 -1 0 0 3623.dat
1 14 450 -584 260 0 0 1 0 1 0 -1 0 0 3710.dat
1 2 100 -592 300 0 0 1 0 1 0 -1 0 0 3034.dat
1 2 150 -592 400 0 0 1 0 1 0 -1 0 0 3023.dat
1 2 200 -592 100 1 0 0 0 1 0 0 0 1 3022.dat
1 2 320 -592 100 1 0 0 0 1 0 0 0 1 3020.dat
1 2 360 -592 400 1 0 0 0 1 0 0 0 1 3022.dat
1 2 400 -592 150 1 0 0 0 1 0 0 0 1 3023.dat
1 2 400 -592 360 1 0 0 0 1 0 0 0 1 3022.dat
1 2 70 -592 240 0 0 1 0 1 0 -1 0 0 3460.dat
1 14 70 -592 330 1 0 0 0 1 0 0 0 1 3024.dat
1 2 100 -592 160 0 0 1 0 1 0 -1 0 0 3020.dat
1 2 160 -592 210 1 0 0 0 1 0 0 0 1 3460.dat
1 2 140 -592 110 1 0 0 0 1 0 0 0 1 3710.dat
1 2 120 -592 390 1 0 0 0 1 0 0 0 1 3023.dat
1 2 150 -592 90 1 0 0 0 1 0 0 0 1 3623.dat
1 2 200 -592 310 1 0 0 0 1 0 0 0 1 3460.dat
1 14 130 -592 410 1 0 0 0 1 0 0 0 1 3024.dat
1 14 240 -592 70 1 0 0 0 1 0 0 0 1 3460.dat
1 14 240 -592 420 1 0 0 0 1 0 0 0 1 3034.dat
1 14 250 -592 50 1 0 0 0 1 0 0 0 1 3623.dat
1 2 250 -592 110 1 0 0 0 1 0 0 0 1 3623.dat
1 14 250 -592 450 1 0 0 0 1 0 0 0 1 3623.dat
1 2 320 -592 210 1 0 0 0 1 0 0 0 1 3460.dat
1 14 360 -592 310 1 0 0 0 1 0 0 0 1 3460.dat
1 14 330 -592 70 1 0 0 0 1 0 0 0 1 3024.dat
1 14 330 -592 420 0 0 1 0 1 0 -1 0 0 3023.dat
1 2 370 -592 100 0 0 1 0 1 0 -1 0 0 3023.dat
1 2 390 -592 120 0 0 1 0 1 0 -1 0 0 3023.dat
1 14 390 -592 390 1 0 0 0 1 0 0 0 1 3024.dat
1 14 410 -592 130 1 0 0 0 1 0 0 0 1 3024.dat
1 14 420 -592 220 0 0 1 0 1 0 -1 0 0 3795.dat
1 2 420 -592 290 1 0 0 0 1 0 0 0 1 3023.dat
1 2 420 -592 330 1 0 0 0 1 0 0 0 1 3023.dat
1 2 80 -600 240 0 0 1 0 1 0 -1 0 0 3795.dat
1 2 140 -600 310 1 0 0 0 1 0 0 0 1 3460.dat
1 2 100 -600 160 1 0 0 0 1 0 0 0 1 3022.dat
1 2 100 -600 340 1 0 0 0 1 0 0 0 1 3022.dat
1 2 120 -600 130 1 0 0 0 1 0 0 0 1 3023.dat
1 2 110 -600 240 0 0 1 0 1 0 -1 0 0 3666.dat
1 2 120 -600 370 1 0 0 0 1 0 0 0 1 3023.dat
1 2 200 -600 110 1 0 0 0 1 0 0 0 1 3460.dat
1 2 200 -600 210 1 0 0 0 1 0 0 0 1 3460.dat
1 2 140 -600 390 1 0 0 0 1 0 0 0 1 3023.dat
1 2 220 -600 90 1 0 0 0 1 0 0 0 1 3460.dat
1 2 220 -600 410 1 0 0 0 1 0 0 0 1 3460.dat
1 14 240 -600 70 1 0 0 0 1 0 0 0 1 3460.dat
1 14 240 -600 430 1 0 0 0 1 0 0 0 1 3460.dat
1 2 300 -600 310 1 0 0 0 1 0 0 0 1 3460.dat
1 2 320 -600 110 1 0 0 0 1 0 0 0 1 3710.dat
1 2 360 -600 210 1 0 0 0 1 0 0 0 1 3460.dat
1 2 330 -600 90 1 0 0 0 1 0 0 0 1 3623.dat
1 2 330 -600 410 1 0 0 0 1 0 0 0 1 3623.dat
1 14 330 -600 70 1 0 0 0 1 0 0 0 1 3024.dat
1 14 330 -600 430 1 0 0 0 1 0 0 0 1 3024.dat
1 2 360 -600 390 1 0 0 0 1 0 0 0 1 3023.dat
1 2 370 -600 120 0 0 1 0 1 0 -1 0 0 3023.dat
1 2 380 -600 370 1 0 0 0 1 0 0 0 1 3023.dat
1 2 390 -600 150 0 0 1 0 1 0 -1 0 0 3623.dat
1 14 400 -600 330 0 0 1 0 1 0 -1 0 0 3021.dat
1 2 410 -600 170 0 0 1 0 1 0 -1 0 0 3623.dat
1 2 420 -600 260 0 0 1 0 1 0 -1 0 0 3020.dat
1 14 430 -600 190 1 0 0 0 1 0 0 0 1 3024.dat
1 14 430 -600 310 1 0 0 0 1 0 0 0 1 3024.dat
1 2 140 -608 210 1 0 0 0 1 0 0 0 1 3460.dat
1 2 80 -608 260 0 0 1 0 1 0 -1 0 0 3020.dat
1 2 100 -608 170 0 0 1 0 1 0 -1 0 0 3021.dat
1 2 160 -608 310 1 0 0 0 1 0 0 0 1 3460.dat
1 2 100 -608 340 1 0 0 0 1 0 0 0 1 3022.dat
1 2 120 -608 130 1 0 0 0 1 0 0 0 1 3023.dat
1 2 110 -608 260 0 0 1 0 1 0 -1 0 0 3710.dat
1 2 120 -608 370 1 0 0 0 1 0 0 0 1 3023.dat
1 2 200 -608 110 1 0 0 0 1 0 0 0 1 3460.dat
1 2 160 -608 390 1 0 0 0 1 0 0 0 1 3710.dat
1 2 220 -608 90 1 0 0 0 1 0 0 0 1 3460.dat
1 2 220 -608 410 1 0 0 0 1 0 0 0 1 3460.dat
1 14 240 -608 70 1 0 0 0 1 0 0 0 1 3710.dat
1 2 210 -608 360 0 0 1 0 1 0 -1 0 0 3710.dat
1 14 240 -608 430 1 0 0 0 1 0 0 0 1 3710.dat
1 2 300 -608 210 1 0 0 0 1 0 0 0 1 3460.dat
1 2 320 -608 310 1 0 0 0 1 0 0 0 1 3460.dat
1 14 290 -608 70 1 0 0 0 1 0 0 0 1 3024.dat
1 2 320 -608 110 1 0 0 0 1 0 0 0 1 3710.dat
1 14 290 -608 430 1 0 0 0 1 0 0 0 1 3024.dat
1 2 330 -608 90 1 0 0 0 1 0 0 0 1 3623.dat
1 2 310 -608 160 0 0 1 0 1 0 -1 0 0 3710.dat
1 2 310 -608 360 0 0 1 0 1 0 -1 0 0 3710.dat
1 14 330 -608 410 1 0 0 0 1 0 0 0 1 3623.dat
1 2 350 -608 390 1 0 0 0 1 0 0 0 1 3623.dat
1 2 370 -608 120 0 0 1 0 1 0 -1 0 0 3023.dat
1 2 380 -608 370 1 0 0 0 1 0 0 0 1 3023.dat
1 2 390 -608 160 0 0 1 0 1 0 -1 0 0 3710.dat
1 2 410 -608 210 1 0 0 0 1 0 0 0 1 3623.dat
1 2 400 -608 340 1 0 0 0 1 0 0 0 1 3022.dat
1 2 410 -608 170 0 0 1 0 1 0 -1 0 0 3623.dat
1 2 420 -608 260 0 0 1 0 1 0 -1 0 0 3020.dat
1 2 90 -616 250 1 0 0 0 1 0 0 0 1 3623.dat
1 2 100 -616 200 0 0 1 0 1 0 -1 0 0 3020.dat
1 2 100 -616 300 0 0 1 0 1 0 -1 0 0 3020.dat
1 2 120 -616 150 1 0 0 0 1 0 0 0 1 3023.dat
1 2 120 -616 350 1 0 0 0 1 0 0 0 1 3023.dat
1 2 140 -616 130 1 0 0 0 1 0 0 0 1 3023.dat
1 2 200 -616 210 1 0 0 0 1 0 0 0 1 3460.dat
1 2 200 -616 310 1 0 0 0 1 0 0 0 1 3460.dat
1 2 140 -616 370 1 0 0 0 1 0 0 0 1 3023.dat
1 2 220 -616 110 1 0 0 0 1 0 0 0 1 3460.dat
1 2 180 -616 390 1 0 0 0 1 0 0 0 1 3710.dat
1 14 240 -616 90 1 0 0 0 1 0 0 0 1 3460.dat
1 14 240 -616 410 1 0 0 0 1 0 0 0 1 3460.dat
1 2 210 -616 160 0 0 1 0 1 0 -1 0 0 3710.dat
1 2 210 -616 350 0 0 1 0 1 0 -1 0 0 3623.dat
1 14 230 -616 390 1 0 0 0 1 0 0 0 1 3024.dat
1 14 250 -616 70 1 0 0 0 1 0 0 0 1 3024.dat
1 14 250 -616 430 1 0 0 0 1 0 0 0 1 3024.dat
1 2 300 -616 390 1 0 0 0 1 0 0 0 1 3710.dat
1 2 340 -616 210 1 0 0 0 1 0 0 0 1 3666.dat
1 2 340 -616 310 1 0 0 0 1 0 0 0 1 3666.dat
1 2 310 -616 140 0 0 1 0 1 0 -1 0 0 3710.dat
1 2 310 -616 190 1 0 0 0 1 0 0 0 1 3024.dat
1 2 310 -616 350 0 0 1 0 1 0 -1 0 0 3623.dat
1 2 330 -616 100 0 0 1 0 1 0 -1 0 0 3023.dat
1 14 330 -616 410 1 0 0 0 1 0 0 0 1 3024.dat
1 2 350 -616 120 0 0 1 0 1 0 -1 0 0 3023.dat
1 14 360 -616 370 1 0 0 0 1 0 0 0 1 3023.dat
1 2 350 -616 390 1 0 0 0 1 0 0 0 1 3024.dat
1 2 370 -616 140 0 0 1 0 1 0 -1 0 0 3023.dat
1 2 380 -616 350 1 0 0 0 1 0 0 0 1 3023.dat
1 2 390 -616 170 0 0 1 0 1 0 -1 0 0 3623.dat
1 2 400 -616 230 1 0 0 0 1 0 0 0 1 3023.dat
1 2 400 -616 280 1 0 0 0 1 0 0 0 1 3022.dat
1 2 400 -616 330 1 0 0 0 1 0 0 0 1 3023.dat
1 14 410 -616 190 0 0 1 0 1 0 -1 0 0 3623.dat
1 2 420 -616 250 1 0 0 0 1 0 0 0 1 3023.dat
1 2 100 -624 240 0 0 1 0 1 0 -1 0 0 3795.dat
1 2 160 -624 310 1 0 0 0 1 0 0 0 1 3460.dat
1 2 120 -624 160 1 0 0 0 1 0 0 0 1 3022.dat
1 2 120 -624 340 1 0 0 0 1 0 0 0 1 3022.dat
1 2 150 -624 130 1 0 0 0 1 0 0 0 1 3623.dat
1 2 200 -624 210 1 0 0 0 1 0 0 0 1 3460.dat
1 2 150 -624 370 1 0 0 0 1 0 0 0 1 3623.dat
1 2 220 -624 110 1 0 0 0 1 0 0 0 1 3460.dat
1 14 220 -624 390 1 0 0 0 1 0 0 0 1 3460.dat
1 14 240 -624 90 1 0 0 0 1 0 0 0 1 3666.dat
1 14 240 -624 410 1 0 0 0 1 0 0 0 1 3666.dat
1 2 210 -624 160 0 0 1 0 1 0 -1 0 0 3710.dat
1 2 210 -624 350 0 0 1 0 1 0 -1 0 0 3623.dat
1 14 320 -624 310 1 0 0 0 1 0 0 0 1 3460.dat
1 2 340 -624 210 1 0 0 0 1 0 0 0 1 3666.dat
1 2 310 -624 140 0 0 1 0 1 0 -1 0 0 3666.dat
1 2 310 -624 360 0 0 1 0 1 0 -1 0 0 3710.dat
1 14 310 -624 410 1 0 0 0 1 0 0 0 1 3024.dat
1 14 340 -624 120 1 0 0 0 1 0 0 0 1 3022.dat
1 14 340 -624 380 1 0 0 0 1 0 0 0 1 3022.dat
1 2 370 -624 150 0 0 1 0 1 0 -1 0 0 3623.dat
1 2 380 -624 340 1 0 0 0 1 0 0 0 1 3022.dat
1 14 370 -624 370 1 0 0 0 1 0 0 0 1 3024.dat
1 2 390 -624 170 0 0 1 0 1 0 -1 0 0 3623.dat
1 2 400 -624 260 0 0 1 0 1 0 -1 0 0 3020.dat
1 14 410 -624 200 0 0 1 0 1 0 -1 0 0 3023.dat
1 2 100 -632 250 0 0 1 0 1 0 -1 0 0 3021.dat
1 2 120 -632 190 0 0 1 0 1 0 -1 0 0 3021.dat
1 2 120 -632 310 0 0 1 0 1 0 -1 0 0 3021.dat
1 2 140 -632 150 1 0 0 0 1 0 0 0 1 3023.dat
1 2 140 -632 350 1 0 0 0 1 0 0 0 1 3023.dat
1 2 180 -632 130 1 0 0 0 1 0 0 0 1 3710.dat
1 2 220 -632 210 1 0 0 0 1 0 0 0 1 3460.dat
1 2 220 -632 310 1 0 0 0 1 0 0 0 1 3460.dat
1 2 180 -632 370 1 0 0 0 1 0 0 0 1 3710.dat
1 14 240 -632 110 1 0 0 0 1 0 0 0 1 3460.dat
1 2 240 -632 390 1 0 0 0 1 0 0 0 1 3460.dat
1 2 210 -632 170 0 0 1 0 1 0 -1 0 0 3623.dat
1 2 210 -632 340 0 0 1 0 1 0 -1 0 0 3023.dat
1 14 250 -632 90 1 0 0 0 1 0 0 0 1 3623.dat
1 14 250 -632 410 1 0 0 0 1 0 0 0 1 3623.dat
1 2 320 -632 130 1 0 0 0 1 0 0 0 1 3710.dat
1 2 320 -632 370 1 0 0 0 1 0 0 0 1 3710.dat
1 2 310 -632 220 0 0 1 0 1 0 -1 0 0 3460.dat
1 2 340 -632 310 1 0 0 0 1 0 0 0 1 3710.dat
1 2 310 -632 340 0 0 1 0 1 0 -1 0 0 3023.dat
1 14 330 -632 110 1 0 0 0 1 0 0 0 1 3024.dat
1 2 360 -632 210 1 0 0 0 1 0 0 0 1 3710.dat
1 14 330 -632 390 1 0 0 0 1 0 0 0 1 3024.dat
1 2 360 -632 150 1 0 0 0 1 0 0 0 1 3023.dat
1 2 360 -632 350 1 0 0 0 1 0 0 0 1 3023.dat
1 2 380 -632 180 1 0 0 0 1 0 0 0 1 3022.dat
1 2 380 -632 290 1 0 0 0 1 0 0 0 1 3023.dat
1 2 380 -632 330 1 0 0 0 1 0 0 0 1 3023.dat
1 2 400 -632 250 0 0 1 0 1 0 -1 0 0 3021.dat
1 14 390 -632 310 1 0 0 0 1 0 0 0 1 3024.dat
1 2 120 -640 240 0 0 1 0 1 0 -1 0 0 3795.dat
1 2 180 -640 310 1 0 0 0 1 0 0 0 1 3460.dat
1 2 140 -640 170 1 0 0 0 1 0 0 0 1 3023.dat
1 2 140 -640 330 1 0 0 0 1 0 0 0 1 3023.dat
1 14 220 -640 130 1 0 0 0 1 0 0 0 1 3460.dat
1 2 160 -640 150 1 0 0 0 1 0 0 0 1 3023.dat
1 2 220 -640 210 1 0 0 0 1 0 0 0 1 3460.dat
1 14 160 -640 360 1 0 0 0 1 0 0 0 1 3022.dat
1 14 240 -640 110 1 0 0 0 1 0 0 0 1 3666.dat
1 2 240 -640 380 1 0 0 0 1 0 0 0 1 3795.dat
1 2 210 -640 170 0 0 1 0 1 0 -1 0 0 3623.dat
1 2 210 -640 340 0 0 1 0 1 0 -1 0 0 3023.dat
1 2 320 -640 310 1 0 0 0 1 0 0 0 1 3666.dat
1 14 310 -640 180 0 0 1 0 1 0 -1 0 0 3460.dat
1 2 310 -640 280 0 0 1 0 1 0 -1 0 0 3023.dat
1 2 310 -640 360 0 0 1 0 1 0 -1 0 0 3710.dat
1 14 340 -640 140 1 0 0 0 1 0 0 0 1 3022.dat
1 2 360 -640 210 1 0 0 0 1 0 0 0 1 3710.dat
1 2 340 -640 360 1 0 0 0 1 0 0 0 1 3022.dat
1 2 360 -640 170 1 0 0 0 1 0 0 0 1 3023.dat
1 14 360 -640 330 1 0 0 0 1 0 0 0 1 3023.dat
1 2 380 -640 190 1 0 0 0 1 0 0 0 1 3023.dat
1 2 380 -640 260 0 0 1 0 1 0 -1 0 0 3020.dat
1 14 390 -640 310 1 0 0 0 1 0 0 0 1 3024.dat
1 2 150 -648 210 0 0 1 0 1 0 -1 0 0 3623.dat
1 2 150 -648 300 0 0 1 0 1 0 -1 0 0 3710.dat
1 14 170 -648 170 1 0 0 0 1 0 0 0 1 3024.dat
1 2 170 -648 340 0 0 1 0 1 0 -1 0 0 3023.dat
1 2 210 -648 150 1 0 0 0 1 0 0 0 1 3623.dat
1 2 210 -648 360 1 0 0 0 1 0 0 0 1 3021.dat
1 14 300 -648 150 1 0 0 0 1 0 0 0 1 3710.dat
1 14 290 -648 360 1 0 0 0 1 0 0 0 1 3021.dat
1 2 350 -648 170 1 0 0 0 1 0 0 0 1 3623.dat
1 14 340 -648 340 1 0 0 0 1 0 0 0 1 3022.dat
1 14 360 -648 210 0 0 1 0 1 0 -1 0 0 3021.dat
1 2 360 -648 290 0 0 1 0 1 0 -1 0 0 3021.dat
1 2 120 -648 250 1 0 0 0 1 0 0 0 1 3023.dat
1 2 130 -648 200 0 0 1 0 1 0 -1 0 0 3710.dat
1 2 130 -648 300 0 0 1 0 1 0 -1 0 0 3710.dat
1 2 150 -648 160 0 0 1 0 1 0 -1 0 0 3023.dat
1 14 150 -648 350 1 0 0 0 1 0 0 0 1 3024.dat
1 2 170 -648 150 1 0 0 0 1 0 0 0 1 3024.dat
1 2 240 -648 210 1 0 0 0 1 0 0 0 1 3460.dat
1 2 240 -648 310 1 0 0 0 1 0 0 0 1 3460.dat
1 14 240 -648 130 1 0 0 0 1 0 0 0 1 3666.dat
1 2 210 -648 180 0 0 1 0 1 0 -1 0 0 3023.dat
1 2 210 -648 330 1 0 0 0 1 0 0 0 1 3024.dat
1 14 250 -648 110 1 0 0 0 1 0 0 0 1 3024.dat
1 2 250 -648 380 0 0 1 0 1 0 -1 0 0 3023.dat
1 14 310 -648 130 1 0 0 0 1 0 0 0 1 3024.dat
1 2 310 -648 180 0 0 1 0 1 0 -1 0 0 3023.dat
1 2 310 -648 260 0 0 1 0 1 0 -1 0 0 3710.dat
1 2 310 -648 330 1 0 0 0 1 0 0 0 1 3024.dat
1 2 330 -648 210 1 0 0 0 1 0 0 0 1 3024.dat
1 2 330 -648 310 1 0 0 0 1 0 0 0 1 3024.dat
1 14 350 -648 150 1 0 0 0 1 0 0 0 1 3024.dat
1 2 380 -648 250 1 0 0 0 1 0 0 0 1 3023.dat
1 14 370 -648 330 1 0 0 0 1 0 0 0 1 3024.dat
1 2 200 -656 210 1 0 0 0 1 0 0 0 1 3460.dat
1 2 140 -656 260 0 0 1 0 1 0 -1 0 0 3020.dat
1 14 180 -656 170 1 0 0 0 1 0 0 0 1 3710.dat
1 2 160 -656 190 1 0 0 0 1 0 0 0 1 3023.dat
1 2 220 -656 310 1 0 0 0 1 0 0 0 1 3460.dat
1 2 180 -656 330 1 0 0 0 1 0 0 0 1 3710.dat
1 14 240 -656 150 1 0 0 0 1 0 0 0 1 3460.dat
1 14 240 -656 350 1 0 0 0 1 0 0 0 1 3460.dat
1 14 240 -656 130 1 0 0 0 1 0 0 0 1 3710.dat
1 2 210 -656 190 1 0 0 0 1 0 0 0 1 3024.dat
1 2 240 -656 370 1 0 0 0 1 0 0 0 1 3710.dat
1 14 290 -656 130 1 0 0 0 1 0 0 0 1 3024.dat
1 2 320 -656 210 1 0 0 0 1 0 0 0 1 3710.dat
1 14 290 -656 370 1 0 0 0 1 0 0 0 1 3024.dat
1 14 330 -656 180 1 0 0 0 1 0 0 0 1 3021.dat
1 2 310 -656 280 0 0 1 0 1 0 -1 0 0 3666.dat
1 14 330 -656 150 1 0 0 0 1 0 0 0 1 3024.dat
1 14 340 -656 320 1 0 0 0 1 0 0 0 1 3022.dat
1 14 330 -656 350 1 0 0 0 1 0 0 0 1 3024.dat
1 2 360 -656 260 0 0 1 0 1 0 -1 0 0 3020.dat
1 14 370 -656 210 1 0 0 0 1 0 0 0 1 3024.dat
1 2 220 -664 210 1 0 0 0 1 0 0 0 1 3460.dat
1 2 160 -664 260 0 0 1 0 1 0 -1 0 0 3020.dat
1 14 240 -664 170 1 0 0 0 1 0 0 0 1 3460.dat
1 2 190 -664 190 1 0 0 0 1 0 0 0 1 3623.dat
1 14 240 -664 320 1 0 0 0 1 0 0 0 1 3034.dat
1 14 240 -664 150 1 0 0 0 1 0 0 0 1 3710.dat
1 2 210 -664 260 0 0 1 0 1 0 -1 0 0 3710.dat
1 14 240 -664 350 1 0 0 0 1 0 0 0 1 3710.dat
1 14 290 -664 150 1 0 0 0 1 0 0 0 1 3024.dat
1 14 310 -664 190 1 0 0 0 1 0 0 0 1 3623.dat
1 14 290 -664 350 1 0 0 0 1 0 0 0 1 3024.dat
1 14 320 -664 240 0 0 1 0 1 0 -1 0 0 3020.dat
1 2 330 -664 290 1 0 0 0 1 0 0 0 1 3623.dat
1 14 330 -664 170 1 0 0 0 1 0 0 0 1 3024.dat
1 14 330 -664 320 0 0 1 0 1 0 -1 0 0 3023.dat
1 2 350 -664 240 0 0 1 0 1 0 -1 0 0 3710.dat
1 2 240 -672 220 1 0 0 0 1 0 0 0 1 3034.dat
1 2 200 -672 260 1 0 0 0 1 0 0 0 1 3020.dat
1 14 240 -672 290 1 0 0 0 1 0 0 0 1 3460.dat
1 14 240 -672 190 1 0 0 0 1 0 0 0 1 3666.dat
1 14 240 -672 310 1 0 0 0 1 0 0 0 1 3666.dat
1 14 240 -672 170 1 0 0 0 1 0 0 0 1 3710.dat
1 14 240 -672 330 1 0 0 0 1 0 0 0 1 3710.dat
1 2 280 -672 270 1 0 0 0 1 0 0 0 1 3710.dat
1 2 300 -672 250 1 0 0 0 1 0 0 0 1 3710.dat
1 14 290 -672 170 1 0 0 0 1 0 0 0 1 3024.dat
1 14 290 -672 330 1 0 0 0 1 0 0 0 1 3024.dat
1 14 310 -672 190 1 0 0 0 1 0 0 0 1 3024.dat
1 14 310 -672 310 1 0 0 0 1 0 0 0 1 3024.dat
1 14 330 -672 220 0 0 1 0 1 0 -1 0 0 3023.dat
1 2 330 -672 280 0 0 1 0 1 0 -1 0 0 3023.dat
1 14 220 -680 240 1 0 0 0 1 0 0 0 1 3031.dat
1 14 240 -680 290 1 0 0 0 1 0 0 0 1 3666.dat
1 14 250 -680 190 1 0 0 0 1 0 0 0 1 3623.dat
1 14 250 -680 310 1 0 0 0 1 0 0 0 1 3623.dat
1 2 280 -680 240 0 0 1 0 1 0 -1 0 0 3020.dat
1 2 310 -680 240 0 0 1 0 1 0 -1 0 0 3710.dat
1 14 310 -680 290 1 0 0 0 1 0 0 0 1 3024.dat
1 14 250 -688 250 1 0 0 0 1 0 0 0 1 3024.dat
