0 BrickForgerAI Refined - mushroom
0 Name: BrickForgerAI Refined - mushroom.ldr
0 Author: BrickForgerAI
0 !LDRAW_ORG Unofficial_Model
0 BFC CERTIFY CCW
0 // Generated by BrickForgerAI (core/brickforge). Do not hand-edit.

1 25 250 -24 110 1 0 0 0 1 0 0 0 1 3005.dat
1 25 250 -24 390 1 0 0 0 1 0 0 0 1 3005.dat
1 25 210 -40 330 1 0 0 0 1 0 0 0 1 3005.dat
1 25 310 -40 190 1 0 0 0 1 0 0 0 1 3005.dat
1 25 250 -48 110 1 0 0 0 1 0 0 0 1 3005.dat
1 25 250 -48 390 1 0 0 0 1 0 0 0 1 3005.dat
1 25 210 -64 330 1 0 0 0 1 0 0 0 1 3005.dat
1 25 310 -64 190 1 0 0 0 1 0 0 0 1 3005.dat
1 25 250 -72 110 1 0 0 0 1 0 0 0 1 3005.dat
1 25 250 -72 390 1 0 0 0 1 0 0 0 1 3005.dat
1 25 210 -88 330 1 0 0 0 1 0 0 0 1 3005.dat
1 25 310 -88 190 1 0 0 0 1 0 0 0 1 3005.dat
1 25 250 -96 110 1 0 0 0 1 0 0 0 1 3005.dat
1 25 250 -96 390 1 0 0 0 1 0 0 0 1 3005.dat
1 25 210 -112 330 1 0 0 0 1 0 0 0 1 3005.dat
1 25 310 -112 190 1 0 0 0 1 0 0 0 1 3005.dat
1 25 250 -120 110 1 0 0 0 1 0 0 0 1 3005.dat
1 25 250 -120 390 1 0 0 0 1 0 0 0 1 3005.dat
1 25 210 -136 330 1 0 0 0 1 0 0 0 1 3005.dat
1 25 310 -136 190 1 0 0 0 1 0 0 0 1 3005.dat
1 25 250 -144 110 1 0 0 0 1 0 0 0 1 3005.dat
1 25 250 -144 390 1 0 0 0 1 0 0 0 1 3005.dat
1 25 210 -160 330 1 0 0 0 1 0 0 0 1 3005.dat
1 25 210 -168 170 1 0 0 0 1 0 0 0 1 3005.dat
1 25 250 -168 110 1 0 0 0 1 0 0 0 1 3005.dat
1 25 250 -168 390 1 0 0 0 1 0 0 0 1 3005.dat
1 4 210 -176 190 1 0 0 0 1 0 0 0 1 3005.dat
1 25 170 -176 210 1 0 0 0 1 0 0 0 1 3005.dat
1 25 250 -192 110 1 0 0 0 1 0 0 0 1 3005.dat
1 25 250 -192 390 1 0 0 0 1 0 0 0 1 3005.dat
1 4 210 -200 330 1 0 0 0 1 0 0 0 1 3005.dat
1 25 390 -200 250 1 0 0 0 1 0 0 0 1 3005.dat
1 4 150 -216 230 1 0 0 0 1 0 0 0 1 3005.dat
1 25 250 -216 110 1 0 0 0 1 0 0 0 1 3005.dat
1 25 250 -216 390 1 0 0 0 1 0 0 0 1 3005.dat
1 25 390 -224 250 1 0 0 0 1 0 0 0 1 3005.dat
1 4 170 -232 170 1 0 0 0 1 0 0 0 1 3005.dat
1 4 170 -232 330 1 0 0 0 1 0 0 0 1 3005.dat
1 4 210 -232 330 1 0 0 0 1 0 0 0 1 3005.dat
1 25 150 -248 330 1 0 0 0 1 0 0 0 1 3005.dat
1 25 170 -248 150 1 0 0 0 1 0 0 0 1 3005.dat
1 25 330 -248 350 1 0 0 0 1 0 0 0 1 3005.dat
1 25 350 -248 170 1 0 0 0 1 0 0 0 1 3005.dat
1 4 210 -304 90 1 0 0 0 1 0 0 0 1 3005.dat
1 4 90 -320 210 1 0 0 0 1 0 0 0 1 3005.dat
1 4 90 -336 310 1 0 0 0 1 0 0 0 1 3005.dat
1 4 310 -336 90 1 0 0 0 1 0 0 0 1 3005.dat
1 25 210 -344 90 1 0 0 0 1 0 0 0 1 3005.dat
1 4 70 -352 210 1 0 0 0 1 0 0 0 1 3005.dat
1 4 210 -360 70 1 0 0 0 1 0 0 0 1 3005.dat
1 4 210 -360 430 1 0 0 0 1 0 0 0 1 3005.dat
1 4 70 -368 310 1 0 0 0 1 0 0 0 1 3005.dat
1 4 110 -368 130 1 0 0 0 1 0 0 0 1 3005.dat
1 4 310 -368 70 1 0 0 0 1 0 0 0 1 3005.dat
1 4 310 -368 430 1 0 0 0 1 0 0 0 1 3005.dat
1 4 370 -368 50 1 0 0 0 1 0 0 0 1 3005.dat
1 4 370 -368 450 1 0 0 0 1 0 0 0 1 3005.dat
1 4 410 -368 170 1 0 0 0 1 0 0 0 1 3005.dat
1 25 210 -368 90 1 0 0 0 1 0 0 0 1 3005.dat
1 4 70 -376 210 1 0 0 0 1 0 0 0 1 3005.dat
1 4 130 -384 110 1 0 0 0 1 0 0 0 1 3005.dat
1 4 70 -392 310 1 0 0 0 1 0 0 0 1 3005.dat
1 4 310 -392 70 1 0 0 0 1 0 0 0 1 3005.dat
1 25 210 -392 90 1 0 0 0 1 0 0 0 1 3005.dat
1 4 110 -400 130 1 0 0 0 1 0 0 0 1 3005.dat
1 4 210 -400 70 1 0 0 0 1 0 0 0 1 3005.dat
1 4 210 -400 430 1 0 0 0 1 0 0 0 1 3005.dat
1 4 410 -400 150 1 0 0 0 1 0 0 0 1 3005.dat
1 25 410 -400 330 1 0 0 0 1 0 0 0 1 3005.dat
1 25 210 -416 90 1 0 0 0 1 0 0 0 1 3005.dat
1 4 310 -432 70 1 0 0 0 1 0 0 0 1 3005.dat
1 4 50 -440 210 1 0 0 0 1 0 0 0 1 3005.dat
1 4 110 -440 390 1 0 0 0 1 0 0 0 1 3005.dat
1 25 310 -440 90 1 0 0 0 1 0 0 0 1 3005.dat
1 4 210 -448 50 1 0 0 0 1 0 0 0 1 3005.dat
1 4 210 -448 450 1 0 0 0 1 0 0 0 1 3005.dat
1 25 210 -448 430 1 0 0 0 1 0 0 0 1 3005.dat
1 25 370 -448 110 1 0 0 0 1 0 0 0 1 3005.dat
1 4 310 -456 70 1 0 0 0 1 0 0 0 1 3005.dat
1 25 410 -464 330 1 0 0 0 1 0 0 0 1 3005.dat
1 4 130 -472 110 1 0 0 0 1 0 0 0 1 3005.dat
1 25 210 -472 90 1 0 0 0 1 0 0 0 1 3005.dat
1 4 310 -480 70 1 0 0 0 1 0 0 0 1 3005.dat
1 25 210 -496 90 1 0 0 0 1 0 0 0 1 3005.dat
1 4 310 -528 430 1 0 0 0 1 0 0 0 1 3005.dat
1 4 370 -528 450 1 0 0 0 1 0 0 0 1 3005.dat
1 4 310 -568 90 1 0 0 0 1 0 0 0 1 3005.dat
1 4 410 -624 310 1 0 0 0 1 0 0 0 1 3005.dat
1 25 180 -8 250 1 0 0 0 1 0 0 0 1 3460.dat
1 25 200 -8 200 1 0 0 0 1 0 0 0 1 3034.dat
1 25 200 -8 230 1 0 0 0 1 0 0 0 1 3460.dat
1 25 200 -8 280 1 0 0 0 1 0 0 0 1 3034.dat
1 25 200 -8 310 1 0 0 0 1 0 0 0 1 3460.dat
1 25 220 -8 160 1 0 0 0 1 0 0 0 1 3034.dat
1 25 220 -8 340 1 0 0 0 1 0 0 0 1 3034.dat
1 25 240 -8 130 1 0 0 0 1 0 0 0 1 3666.dat
1 25 240 -8 370 1 0 0 0 1 0 0 0 1 3666.dat
1 25 320 -8 250 1 0 0 0 1 0 0 0 1 3666.dat
1 25 320 -8 200 1 0 0 0 1 0 0 0 1 3020.dat
1 25 320 -8 230 1 0 0 0 1 0 0 0 1 3710.dat
1 25 320 -8 280 1 0 0 0 1 0 0 0 1 3020.dat
1 25 320 -8 310 1 0 0 0 1 0 0 0 1 3710.dat
1 25 310 -8 150 0 0 1 0 1 0 -1 0 0 3623.dat
1 25 330 -8 340 1 0 0 0 1 0 0 0 1 3021.dat
1 25 310 -8 370 1 0 0 0 1 0 0 0 1 3024.dat
1 25 340 -8 160 1 0 0 0 1 0 0 0 1 3022.dat
1 25 370 -8 210 0 0 1 0 1 0 -1 0 0 3623.dat
1 25 370 -8 290 0 0 1 0 1 0 -1 0 0 3623.dat
1 25 390 -8 250 1 0 0 0 1 0 0 0 1 3024.dat
1 25 160 -16 250 1 0 0 0 1 0 0 0 1 3666.dat
1 25 180 -16 200 1 0 0 0 1 0 0 0 1 3795.dat
1 25 180 -16 230 1 0 0 0 1 0 0 0 1 3666.dat
1 25 180 -16 280 1 0 0 0 1 0 0 0 1 3795.dat
1 25 180 -16 310 1 0 0 0 1 0 0 0 1 3666.dat
1 25 200 -16 160 1 0 0 0 1 0 0 0 1 3795.dat
1 25 200 -16 340 1 0 0 0 1 0 0 0 1 3795.dat
1 25 220 -16 130 1 0 0 0 1 0 0 0 1 3710.dat
1 25 220 -16 370 1 0 0 0 1 0 0 0 1 3710.dat
1 25 300 -16 250 1 0 0 0 1 0 0 0 1 3460.dat
1 25 300 -16 200 1 0 0 0 1 0 0 0 1 3795.dat
1 25 300 -16 230 1 0 0 0 1 0 0 0 1 3666.dat
1 25 300 -16 280 1 0 0 0 1 0 0 0 1 3795.dat
1 25 300 -16 310 1 0 0 0 1 0 0 0 1 3666.dat
1 25 290 -16 140 1 0 0 0 1 0 0 0 1 3021.dat
1 25 300 -16 170 1 0 0 0 1 0 0 0 1 3710.dat
1 25 300 -16 340 1 0 0 0 1 0 0 0 1 3020.dat
1 25 290 -16 370 1 0 0 0 1 0 0 0 1 3623.dat
1 25 340 -16 150 1 0 0 0 1 0 0 0 1 3023.dat
1 25 350 -16 170 1 0 0 0 1 0 0 0 1 3024.dat
1 25 350 -16 340 0 0 1 0 1 0 -1 0 0 3023.dat
1 25 370 -16 200 0 0 1 0 1 0 -1 0 0 3023.dat
1 25 370 -16 230 1 0 0 0 1 0 0 0 1 3024.dat
1 25 370 -16 280 0 0 1 0 1 0 -1 0 0 3023.dat
1 25 370 -16 310 1 0 0 0 1 0 0 0 1 3024.dat
1 25 390 -16 250 1 0 0 0 1 0 0 0 1 3024.dat
1 25 120 -24 250 1 0 0 0 1 0 0 0 1 3023.dat
1 25 140 -24 210 0 0 1 0 1 0 -1 0 0 3021.dat
1 25 140 -24 290 0 0 1 0 1 0 -1 0 0 3021.dat
1 25 180 -24 150 1 0 0 0 1 0 0 0 1 3710.dat
1 25 160 -24 170 1 0 0 0 1 0 0 0 1 3023.dat
1 25 160 -24 340 1 0 0 0 1 0 0 0 1 3022.dat
1 25 240 -24 210 1 0 0 0 1 0 0 0 1 3460.dat
1 25 240 -24 310 1 0 0 0 1 0 0 0 1 3460.dat
1 25 240 -24 130 1 0 0 0 1 0 0 0 1 3666.dat
1 25 210 -24 360 1 0 0 0 1 0 0 0 1 3021.dat
1 25 210 -24 180 0 0 1 0 1 0 -1 0 0 3023.dat
1 25 210 -24 260 0 0 1 0 1 0 -1 0 0 3710.dat
1 25 230 -24 150 1 0 0 0 1 0 0 0 1 3024.dat
1 25 280 -24 370 1 0 0 0 1 0 0 0 1 3710.dat
1 25 300 -24 150 1 0 0 0 1 0 0 0 1 3710.dat
1 25 300 -24 350 1 0 0 0 1 0 0 0 1 3710.dat
1 25 310 -24 130 1 0 0 0 1 0 0 0 1 3024.dat
1 25 330 -24 170 1 0 0 0 1 0 0 0 1 3623.dat
1 25 310 -24 260 0 0 1 0 1 0 -1 0 0 3710.dat
1 25 330 -24 330 1 0 0 0 1 0 0 0 1 3623.dat
1 25 350 -24 210 1 0 0 0 1 0 0 0 1 3623.dat
1 25 350 -24 310 1 0 0 0 1 0 0 0 1 3623.dat
1 25 350 -24 150 1 0 0 0 1 0 0 0 1 3024.dat
1 25 360 -24 190 1 0 0 0 1 0 0 0 1 3023.dat
1 25 360 -24 230 1 0 0 0 1 0 0 0 1 3023.dat
1 25 360 -24 280 1 0 0 0 1 0 0 0 1 3022.dat
1 25 350 -24 350 1 0 0 0 1 0 0 0 1 3024.dat
1 25 380 -24 250 1 0 0 0 1 0 0 0 1 3023.dat
1 25 110 -32 250 1 0 0 0 1 0 0 0 1 3024.dat
1 25 130 -32 240 0 0 1 0 1 0 -1 0 0 3666.dat
1 25 200 -32 310 1 0 0 0 1 0 0 0 1 3460.dat
1 25 150 -32 180 0 0 1 0 1 0 -1 0 0 3710.dat
1 25 150 -32 230 1 0 0 0 1 0 0 0 1 3024.dat
1 25 150 -32 280 0 0 1 0 1 0 -1 0 0 3023.dat
1 25 160 -32 330 1 0 0 0 1 0 0 0 1 3023.dat
1 25 180 -32 350 1 0 0 0 1 0 0 0 1 3710.dat
1 25 200 -32 150 1 0 0 0 1 0 0 0 1 3710.dat
1 25 170 -32 170 1 0 0 0 1 0 0 0 1 3024.dat
1 25 220 -32 210 1 0 0 0 1 0 0 0 1 3666.dat
1 25 220 -32 130 1 0 0 0 1 0 0 0 1 3710.dat
1 25 240 -32 370 1 0 0 0 1 0 0 0 1 3666.dat
1 25 210 -32 170 1 0 0 0 1 0 0 0 1 3024.dat
1 25 210 -32 190 1 0 0 0 1 0 0 0 1 3024.dat
1 25 210 -32 250 0 0 1 0 1 0 -1 0 0 3623.dat
1 25 210 -32 290 1 0 0 0 1 0 0 0 1 3024.dat
1 25 230 -32 350 1 0 0 0 1 0 0 0 1 3024.dat
1 25 290 -32 140 1 0 0 0 1 0 0 0 1 3021.dat
1 25 290 -32 350 1 0 0 0 1 0 0 0 1 3623.dat
1 25 320 -32 210 1 0 0 0 1 0 0 0 1 3710.dat
1 25 320 -32 310 1 0 0 0 1 0 0 0 1 3710.dat
1 25 320 -32 170 1 0 0 0 1 0 0 0 1 3023.dat
1 25 310 -32 250 0 0 1 0 1 0 -1 0 0 3623.dat
1 25 310 -32 290 1 0 0 0 1 0 0 0 1 3024.dat
1 25 320 -32 330 1 0 0 0 1 0 0 0 1 3023.dat
1 25 310 -32 370 1 0 0 0 1 0 0 0 1 3024.dat
1 25 340 -32 150 1 0 0 0 1 0 0 0 1 3023.dat
1 25 340 -32 350 1 0 0 0 1 0 0 0 1 3023.dat
1 25 350 -32 180 0 0 1 0 1 0 -1 0 0 3023.dat
1 25 350 -32 230 1 0 0 0 1 0 0 0 1 3024.dat
1 25 360 -32 270 1 0 0 0 1 0 0 0 1 3023.dat
1 25 360 -32 290 1 0 0 0 1 0 0 0 1 3023.dat
1 25 350 -32 330 1 0 0 0 1 0 0 0 1 3024.dat
1 25 370 -32 220 0 0 1 0 1 0 -1 0 0 3710.dat
1 25 370 -32 310 1 0 0 0 1 0 0 0 1 3024.dat
1 25 390 -32 250 1 0 0 0 1 0 0 0 1 3024.dat
1 25 120 -40 250 1 0 0 0 1 0 0 0 1 3023.dat
1 25 140 -40 210 0 0 1 0 1 0 -1 0 0 3021.dat
1 25 140 -40 290 0 0 1 0 1 0 -1 0 0 3021.dat
1 25 180 -40 150 1 0 0 0 1 0 0 0 1 3710.dat
1 25 160 -40 170 1 0 0 0 1 0 0 0 1 3023.dat
1 25 160 -40 340 1 0 0 0 1 0 0 0 1 3022.dat
1 25 240 -40 210 1 0 0 0 1 0 0 0 1 3460.dat
1 25 240 -40 310 1 0 0 0 1 0 0 0 1 3460.dat
1 25 240 -40 130 1 0 0 0 1 0 0 0 1 3666.dat
1 25 210 -40 360 1 0 0 0 1 0 0 0 1 3021.dat
1 25 210 -40 180 0 0 1 0 1 0 -1 0 0 3023.dat
1 25 210 -40 260 0 0 1 0 1 0 -1 0 0 3710.dat
1 25 230 -40 150 1 0 0 0 1 0 0 0 1 3024.dat
1 25 280 -40 370 1 0 0 0 1 0 0 0 1 3710.dat
1 25 300 -40 150 1 0 0 0 1 0 0 0 1 3710.dat
1 25 300 -40 350 1 0 0 0 1 0 0 0 1 3710.dat
1 25 310 -40 130 1 0 0 0 1 0 0 0 1 3024.dat
1 25 330 -40 170 1 0 0 0 1 0 0 0 1 3623.dat
1 25 310 -40 260 0 0 1 0 1 0 -1 0 0 3710.dat
1 25 330 -40 330 1 0 0 0 1 0 0 0 1 3623.dat
1 25 350 -40 210 1 0 0 0 1 0 0 0 1 3623.dat
1 25 350 -40 310 1 0 0 0 1 0 0 0 1 3623.dat
1 25 350 -40 150 1 0 0 0 1 0 0 0 1 3024.dat
1 25 360 -40 190 1 0 0 0 1 0 0 0 1 3023.dat
1 25 360 -40 230 1 0 0 0 1 0 0 0 1 3023.dat
1 25 360 -40 280 1 0 0 0 1 0 0 0 1 3022.dat
1 25 350 -40 350 1 0 0 0 1 0 0 0 1 3024.dat
1 25 380 -40 250 1 0 0 0 1 0 0 0 1 3023.dat
1 25 110 -48 250 1 0 0 0 1 0 0 0 1 3024.dat
1 25 130 -48 240 0 0 1 0 1 0 -1 0 0 3666.dat
1 25 200 -48 310 1 0 0 0 1 0 0 0 1 3460.dat
1 25 150 -48 180 0 0 1 0 1 0 -1 0 0 3710.dat
1 25 150 -48 230 1 0 0 0 1 0 0 0 1 3024.dat
1 25 150 -48 280 0 0 1 0 1 0 -1 0 0 3023.dat
1 25 160 -48 330 1 0 0 0 1 0 0 0 1 3023.dat
1 25 180 -48 350 1 0 0 0 1 0 0 0 1 3710.dat
1 25 200 -48 150 1 0 0 0 1 0 0 0 1 3710.dat
1 25 170 -48 170 1 0 0 0 1 0 0 0 1 3024.dat
1 25 220 -48 210 1 0 0 0 1 0 0 0 1 3666.dat
1 25 220 -48 130 1 0 0 0 1 0 0 0 1 3710.dat
1 25 240 -48 370 1 0 0 0 1 0 0 0 1 3666.dat
1 25 210 -48 170 1 0 0 0 1 0 0 0 1 3024.dat
1 25 210 -48 190 1 0 0 0 1 0 0 0 1 3024.dat
1 25 210 -48 250 0 0 1 0 1 0 -1 0 0 3623.dat
1 25 210 -48 290 1 0 0 0 1 0 0 0 1 3024.dat
1 25 230 -48 350 1 0 0 0 1 0 0 0 1 3024.dat
1 25 290 -48 140 1 0 0 0 1 0 0 0 1 3021.dat
1 25 290 -48 350 1 0 0 0 1 0 0 0 1 3623.dat
1 25 320 -48 210 1 0 0 0 1 0 0 0 1 3710.dat
1 25 320 -48 310 1 0 0 0 1 0 0 0 1 3710.dat
1 25 320 -48 170 1 0 0 0 1 0 0 0 1 3023.dat
1 25 310 -48 250 0 0 1 0 1 0 -1 0 0 3623.dat
1 25 310 -48 290 1 0 0 0 1 0 0 0 1 3024.dat
1 25 320 -48 330 1 0 0 0 1 0 0 0 1 3023.dat
1 25 310 -48 370 1 0 0 0 1 0 0 0 1 3024.dat
1 25 340 -48 150 1 0 0 0 1 0 0 0 1 3023.dat
1 25 340 -48 350 1 0 0 0 1 0 0 0 1 3023.dat
1 25 350 -48 180 0 0 1 0 1 0 -1 0 0 3023.dat
1 25 350 -48 230 1 0 0 0 1 0 0 0 1 3024.dat
1 25 360 -48 270 1 0 0 0 1 0 0 0 1 3023.dat
1 25 360 -48 290 1 0 0 0 1 0 0 0 1 3023.dat
1 25 350 -48 330 1 0 0 0 1 0 0 0 1 3024.dat
1 25 370 -48 220 0 0 1 0 1 0 -1 0 0 3710.dat
1 25 370 -48 310 1 0 0 0 1 0 0 0 1 3024.dat
1 25 390 -48 250 1 0 0 0 1 0 0 0 1 3024.dat
1 25 120 -56 250 1 0 0 0 1 0 0 0 1 3023.dat
1 25 140 -56 210 0 0 1 0 1 0 -1 0 0 3021.dat
1 25 140 -56 290 0 0 1 0 1 0 -1 0 0 3021.dat
1 25 180 -56 150 1 0 0 0 1 0 0 0 1 3710.dat
1 25 160 -56 170 1 0 0 0 1 0 0 0 1 3023.dat
1 25 160 -56 340 1 0 0 0 1 0 0 0 1 3022.dat
1 25 240 -56 210 1 0 0 0 1 0 0 0 1 3460.dat
1 25 240 -56 310 1 0 0 0 1 0 0 0 1 3460.dat
1 25 240 -56 130 1 0 0 0 1 0 0 0 1 3666.dat
1 25 210 -56 360 1 0 0 0 1 0 0 0 1 3021.dat
1 25 210 -56 180 0 0 1 0 1 0 -1 0 0 3023.dat
1 25 210 -56 260 0 0 1 0 1 0 -1 0 0 3710.dat
1 25 230 -56 150 1 0 0 0 1 0 0 0 1 3024.dat
1 25 280 -56 370 1 0 0 0 1 0 0 0 1 3710.dat
1 25 300 -56 150 1 0 0 0 1 0 0 0 1 3710.dat
1 25 300 -56 350 1 0 0 0 1 0 0 0 1 3710.dat
1 25 310 -56 130 1 0 0 0 1 0 0 0 1 3024.dat
1 25 330 -56 170 1 0 0 0 1 0 0 0 1 3623.dat
1 25 310 -56 260 0 0 1 0 1 0 -1 0 0 3710.dat
1 25 330 -56 330 1 0 0 0 1 0 0 0 1 3623.dat
1 25 350 -56 210 1 0 0 0 1 0 0 0 1 3623.dat
1 25 350 -56 310 1 0 0 0 1 0 0 0 1 3623.dat
1 25 350 -56 150 1 0 0 0 1 0 0 0 1 3024.dat
1 25 360 -56 190 1 0 0 0 1 0 0 0 1 3023.dat
1 25 360 -56 230 1 0 0 0 1 0 0 0 1 3023.dat
1 25 360 -56 280 1 0 0 0 1 0 0 0 1 3022.dat
1 25 350 -56 350 1 0 0 0 1 0 0 0 1 3024.dat
1 25 380 -56 250 1 0 0 0 1 0 0 0 1 3023.dat
1 25 110 -64 250 1 0 0 0 1 0 0 0 1 3024.dat
1 25 130 -64 240 0 0 1 0 1 0 -1 0 0 3666.dat
1 25 200 -64 310 1 0 0 0 1 0 0 0 1 3460.dat
1 25 150 -64 180 0 0 1 0 1 0 -1 0 0 3710.dat
1 25 150 -64 230 1 0 0 0 1 0 0 0 1 3024.dat
1 25 150 -64 280 0 0 1 0 1 0 -1 0 0 3023.dat
1 25 160 -64 330 1 0 0 0 1 0 0 0 1 3023.dat
1 25 180 -64 350 1 0 0 0 1 0 0 0 1 3710.dat
1 25 200 -64 150 1 0 0 0 1 0 0 0 1 3710.dat
1 25 170 -64 170 1 0 0 0 1 0 0 0 1 3024.dat
1 25 220 -64 210 1 0 0 0 1 0 0 0 1 3666.dat
1 25 220 -64 130 1 0 0 0 1 0 0 0 1 3710.dat
1 25 240 -64 370 1 0 0 0 1 0 0 0 1 3666.dat
1 25 210 -64 170 1 0 0 0 1 0 0 0 1 3024.dat
1 25 210 -64 190 1 0 0 0 1 0 0 0 1 3024.dat
1 25 210 -64 250 0 0 1 0 1 0 -1 0 0 3623.dat
1 25 210 -64 290 1 0 0 0 1 0 0 0 1 3024.dat
1 25 230 -64 350 1 0 0 0 1 0 0 0 1 3024.dat
1 25 290 -64 140 1 0 0 0 1 0 0 0 1 3021.dat
1 25 290 -64 350 1 0 0 0 1 0 0 0 1 3623.dat
1 25 320 -64 210 1 0 0 0 1 0 0 0 1 3710.dat
1 25 320 -64 310 1 0 0 0 1 0 0 0 1 3710.dat
1 25 320 -64 170 1 0 0 0 1 0 0 0 1 3023.dat
1 25 310 -64 250 0 0 1 0 1 0 -1 0 0 3623.dat
1 25 310 -64 290 1 0 0 0 1 0 0 0 1 3024.dat
1 25 320 -64 330 1 0 0 0 1 0 0 0 1 3023.dat
1 25 310 -64 370 1 0 0 0 1 0 0 0 1 3024.dat
1 25 340 -64 150 1 0 0 0 1 0 0 0 1 3023.dat
1 25 340 -64 350 1 0 0 0 1 0 0 0 1 3023.dat
1 25 350 -64 180 0 0 1 0 1 0 -1 0 0 3023.dat
1 25 350 -64 230 1 0 0 0 1 0 0 0 1 3024.dat
1 25 360 -64 270 1 0 0 0 1 0 0 0 1 3023.dat
1 25 360 -64 290 1 0 0 0 1 0 0 0 1 3023.dat
1 25 350 -64 330 1 0 0 0 1 0 0 0 1 3024.dat
1 25 370 -64 220 0 0 1 0 1 0 -1 0 0 3710.dat
1 25 370 -64 310 1 0 0 0 1 0 0 0 1 3024.dat
1 25 390 -64 250 1 0 0 0 1 0 0 0 1 3024.dat
1 25 120 -72 250 1 0 0 0 1 0 0 0 1 3023.dat
1 25 140 -72 210 0 0 1 0 1 0 -1 0 0 3021.dat
1 25 140 -72 290 0 0 1 0 1 0 -1 0 0 3021.dat
1 25 180 -72 150 1 0 0 0 1 0 0 0 1 3710.dat
1 25 160 -72 170 1 0 0 0 1 0 0 0 1 3023.dat
1 25 160 -72 340 1 0 0 0 1 0 0 0 1 3022.dat
1 25 240 -72 210 1 0 0 0 1 0 0 0 1 3460.dat
1 25 240 -72 310 1 0 0 0 1 0 0 0 1 3460.dat
1 25 240 -72 130 1 0 0 0 1 0 0 0 1 3666.dat
1 25 210 -72 360 1 0 0 0 1 0 0 0 1 3021.dat
1 25 210 -72 180 0 0 1 0 1 0 -1 0 0 3023.dat
1 25 210 -72 260 0 0 1 0 1 0 -1 0 0 3710.dat
1 25 230 -72 150 1 0 0 0 1 0 0 0 1 3024.dat
1 25 280 -72 370 1 0 0 0 1 0 0 0 1 3710.dat
1 25 300 -72 150 1 0 0 0 1 0 0 0 1 3710.dat
1 25 300 -72 350 1 0 0 0 1 0 0 0 1 3710.dat
1 25 310 -72 130 1 0 0 0 1 0 0 0 1 3024.dat
1 25 330 -72 170 1 0 0 0 1 0 0 0 1 3623.dat
1 25 310 -72 260 0 0 1 0 1 0 -1 0 0 3710.dat
1 25 330 -72 330 1 0 0 0 1 0 0 0 1 3623.dat
1 25 350 -72 210 1 0 0 0 1 0 0 0 1 3623.dat
1 25 350 -72 310 1 0 0 0 1 0 0 0 1 3623.dat
1 25 350 -72 150 1 0 0 0 1 0 0 0 1 3024.dat
1 25 360 -72 190 1 0 0 0 1 0 0 0 1 3023.dat
1 25 360 -72 230 1 0 0 0 1 0 0 0 1 3023.dat
1 25 360 -72 280 1 0 0 0 1 0 0 0 1 3022.dat
1 25 350 -72 350 1 0 0 0 1 0 0 0 1 3024.dat
1 25 380 -72 250 1 0 0 0 1 0 0 0 1 3023.dat
1 25 110 -80 250 1 0 0 0 1 0 0 0 1 3024.dat
1 25 130 -80 240 0 0 1 0 1 0 -1 0 0 3666.dat
1 25 200 -80 310 1 0 0 0 1 0 0 0 1 3460.dat
1 25 150 -80 180 0 0 1 0 1 0 -1 0 0 3710.dat
1 25 150 -80 230 1 0 0 0 1 0 0 0 1 3024.dat
1 25 150 -80 280 0 0 1 0 1 0 -1 0 0 3023.dat
1 25 160 -80 330 1 0 0 0 1 0 0 0 1 3023.dat
1 25 180 -80 350 1 0 0 0 1 0 0 0 1 3710.dat
1 25 200 -80 150 1 0 0 0 1 0 0 0 1 3710.dat
1 25 170 -80 170 1 0 0 0 1 0 0 0 1 3024.dat
1 25 220 -80 210 1 0 0 0 1 0 0 0 1 3666.dat
1 25 220 -80 130 1 0 0 0 1 0 0 0 1 3710.dat
1 25 240 -80 370 1 0 0 0 1 0 0 0 1 3666.dat
1 25 210 -80 170 1 0 0 0 1 0 0 0 1 3024.dat
1 25 210 -80 190 1 0 0 0 1 0 0 0 1 3024.dat
1 25 210 -80 250 0 0 1 0 1 0 -1 0 0 3623.dat
1 25 210 -80 290 1 0 0 0 1 0 0 0 1 3024.dat
1 25 230 -80 350 1 0 0 0 1 0 0 0 1 3024.dat
1 25 290 -80 140 1 0 0 0 1 0 0 0 1 3021.dat
1 25 290 -80 350 1 0 0 0 1 0 0 0 1 3623.dat
1 25 320 -80 210 1 0 0 0 1 0 0 0 1 3710.dat
1 25 320 -80 310 1 0 0 0 1 0 0 0 1 3710.dat
1 25 320 -80 170 1 0 0 0 1 0 0 0 1 3023.dat
1 25 310 -80 250 0 0 1 0 1 0 -1 0 0 3623.dat
1 25 310 -80 290 1 0 0 0 1 0 0 0 1 3024.dat
1 25 320 -80 330 1 0 0 0 1 0 0 0 1 3023.dat
1 25 310 -80 370 1 0 0 0 1 0 0 0 1 3024.dat
1 25 340 -80 150 1 0 0 0 1 0 0 0 1 3023.dat
1 25 340 -80 350 1 0 0 0 1 0 0 0 1 3023.dat
1 25 350 -80 180 0 0 1 0 1 0 -1 0 0 3023.dat
1 25 350 -80 230 1 0 0 0 1 0 0 0 1 3024.dat
1 25 360 -80 270 1 0 0 0 1 0 0 0 1 3023.dat
1 25 360 -80 290 1 0 0 0 1 0 0 0 1 3023.dat
1 25 350 -80 330 1 0 0 0 1 0 0 0 1 3024.dat
1 25 370 -80 220 0 0 1 0 1 0 -1 0 0 3710.dat
1 25 370 -80 310 1 0 0 0 1 0 0 0 1 3024.dat
1 25 390 -80 250 1 0 0 0 1 0 0 0 1 3024.dat
1 25 120 -88 250 1 0 0 0 1 0 0 0 1 3023.dat
1 25 140 -88 210 0 0 1 0 1 0 -1 0 0 3021.dat
1 25 140 -88 290 0 0 1 0 1 0 -1 0 0 3021.dat
1 25 180 -88 150 1 0 0 0 1 0 0 0 1 3710.dat
1 25 160 -88 170 1 0 0 0 1 0 0 0 1 3023.dat
1 25 160 -88 340 1 0 0 0 1 0 0 0 1 3022.dat
1 25 240 -88 210 1 0 0 0 1 0 0 0 1 3460.dat
1 25 240 -88 310 1 0 0 0 1 0 0 0 1 3460.dat
1 25 240 -88 130 1 0 0 0 1 0 0 0 1 3666.dat
1 25 210 -88 360 1 0 0 0 1 0 0 0 1 3021.dat
1 25 210 -88 180 0 0 1 0 1 0 -1 0 0 3023.dat
1 25 210 -88 260 0 0 1 0 1 0 -1 0 0 3710.dat
1 25 230 -88 150 1 0 0 0 1 0 0 0 1 3024.dat
1 25 280 -88 370 1 0 0 0 1 0 0 0 1 3710.dat
1 25 300 -88 150 1 0 0 0 1 0 0 0 1 3710.dat
1 25 300 -88 350 1 0 0 0 1 0 0 0 1 3710.dat
1 25 310 -88 130 1 0 0 0 1 0 0 0 1 3024.dat
1 25 330 -88 170 1 0 0 0 1 0 0 0 1 3623.dat
1 25 310 -88 260 0 0 1 0 1 0 -1 0 0 3710.dat
1 25 330 -88 330 1 0 0 0 1 0 0 0 1 3623.dat
1 25 350 -88 210 1 0 0 0 1 0 0 0 1 3623.dat
1 25 350 -88 310 1 0 0 0 1 0 0 0 1 3623.dat
1 25 350 -88 150 1 0 0 0 1 0 0 0 1 3024.dat
1 25 360 -88 190 1 0 0 0 1 0 0 0 1 3023.dat
1 25 360 -88 230 1 0 0 0 1 0 0 0 1 3023.dat
1 25 360 -88 280 1 0 0 0 1 0 0 0 1 3022.dat
1 25 350 -88 350 1 0 0 0 1 0 0 0 1 3024.dat
1 25 380 -88 250 1 0 0 0 1 0 0 0 1 3023.dat
1 25 110 -96 250 1 0 0 0 1 0 0 0 1 3024.dat
1 25 130 -96 240 0 0 1 0 1 0 -1 0 0 3666.dat
1 25 200 -96 310 1 0 0 0 1 0 0 0 1 3460.dat
1 25 150 -96 180 0 0 1 0 1 0 -1 0 0 3710.dat
1 25 150 -96 230 1 0 0 0 1 0 0 0 1 3024.dat
1 25 150 -96 280 0 0 1 0 1 0 -1 0 0 3023.dat
1 25 160 -96 330 1 0 0 0 1 0 0 0 1 3023.dat
1 25 180 -96 350 1 0 0 0 1 0 0 0 1 3710.dat
1 25 200 -96 150 1 0 0 0 1 0 0 0 1 3710.dat
1 25 170 -96 170 1 0 0 0 1 0 0 0 1 3024.dat
1 25 220 -96 210 1 0 0 0 1 0 0 0 1 3666.dat
1 25 220 -96 130 1 0 0 0 1 0 0 0 1 3710.dat
1 25 240 -96 370 1 0 0 0 1 0 0 0 1 3666.dat
1 25 210 -96 170 1 0 0 0 1 0 0 0 1 3024.dat
1 25 210 -96 190 1 0 0 0 1 0 0 0 1 3024.dat
1 25 210 -96 250 0 0 1 0 1 0 -1 0 0 3623.dat
1 25 210 -96 290 1 0 0 0 1 0 0 0 1 3024.dat
1 25 230 -96 350 1 0 0 0 1 0 0 0 1 3024.dat
1 25 290 -96 140 1 0 0 0 1 0 0 0 1 3021.dat
1 25 290 -96 350 1 0 0 0 1 0 0 0 1 3623.dat
1 25 320 -96 210 1 0 0 0 1 0 0 0 1 3710.dat
1 25 320 -96 310 1 0 0 0 1 0 0 0 1 3710.dat
1 25 320 -96 170 1 0 0 0 1 0 0 0 1 3023.dat
1 25 310 -96 250 0 0 1 0 1 0 -1 0 0 3623.dat
1 25 310 -96 290 1 0 0 0 1 0 0 0 1 3024.dat
1 25 320 -96 330 1 0 0 0 1 0 0 0 1 3023.dat
1 25 310 -96 370 1 0 0 0 1 0 0 0 1 3024.dat
1 25 340 -96 150 1 0 0 0 1 0 0 0 1 3023.dat
1 25 340 -96 350 1 0 0 0 1 0 0 0 1 3023.dat
1 25 350 -96 180 0 0 1 0 1 0 -1 0 0 3023.dat
1 25 350 -96 230 1 0 0 0 1 0 0 0 1 3024.dat
1 25 360 -96 270 1 0 0 0 1 0 0 0 1 3023.dat
1 25 360 -96 290 1 0 0 0 1 0 0 0 1 3023.dat
1 25 350 -96 330 1 0 0 0 1 0 0 0 1 3024.dat
1 25 370 -96 220 0 0 1 0 1 0 -1 0 0 3710.dat
1 25 370 -96 310 1 0 0 0 1 0 0 0 1 3024.dat
1 25 390 -96 250 1 0 0 0 1 0 0 0 1 3024.dat
1 25 120 -104 250 1 0 0 0 1 0 0 0 1 3023.dat
1 25 140 -104 210 0 0 1 0 1 0 -1 0 0 3021.dat
1 25 140 -104 290 0 0 1 0 1 0 -1 0 0 3021.dat
1 25 180 -104 150 1 0 0 0 1 0 0 0 1 3710.dat
1 25 160 -104 170 1 0 0 0 1 0 0 0 1 3023.dat
1 25 160 -104 340 1 0 0 0 1 0 0 0 1 3022.dat
1 25 240 -104 210 1 0 0 0 1 0 0 0 1 3460.dat
1 25 240 -104 310 1 0 0 0 1 0 0 0 1 3460.dat
1 25 240 -104 130 1 0 0 0 1 0 0 0 1 3666.dat
1 25 210 -104 360 1 0 0 0 1 0 0 0 1 3021.dat
1 25 210 -104 180 0 0 1 0 1 0 -1 0 0 3023.dat
1 25 210 -104 260 0 0 1 0 1 0 -1 0 0 3710.dat
1 25 230 -104 150 1 0 0 0 1 0 0 0 1 3024.dat
1 25 280 -104 370 1 0 0 0 1 0 0 0 1 3710.dat
1 25 300 -104 150 1 0 0 0 1 0 0 0 1 3710.dat
1 25 300 -104 350 1 0 0 0 1 0 0 0 1 3710.dat
1 25 310 -104 130 1 0 0 0 1 0 0 0 1 3024.dat
1 25 330 -104 170 1 0 0 0 1 0 0 0 1 3623.dat
1 25 310 -104 260 0 0 1 0 1 0 -1 0 0 3710.dat
1 25 330 -104 330 1 0 0 0 1 0 0 0 1 3623.dat
1 25 350 -104 210 1 0 0 0 1 0 0 0 1 3623.dat
1 25 350 -104 310 1 0 0 0 1 0 0 0 1 3623.dat
1 25 350 -104 150 1 0 0 0 1 0 0 0 1 3024.dat
1 25 360 -104 190 1 0 0 0 1 0 0 0 1 3023.dat
1 25 360 -104 230 1 0 0 0 1 0 0 0 1 3023.dat
1 25 360 -104 280 1 0 0 0 1 0 0 0 1 3022.dat
1 25 350 -104 350 1 0 0 0 1 0 0 0 1 3024.dat
1 25 380 -104 250 1 0 0 0 1 0 0 0 1 3023.dat
1 25 110 -112 250 1 0 0 0 1 0 0 0 1 3024.dat
1 25 130 -112 240 0 0 1 0 1 0 -1 0 0 3666.dat
1 25 200 -112 310 1 0 0 0 1 0 0 0 1 3460.dat
1 25 150 -112 180 0 0 1 0 1 0 -1 0 0 3710.dat
1 25 150 -112 230 1 0 0 0 1 0 0 0 1 3024.dat
1 25 150 -112 280 0 0 1 0 1 0 -1 0 0 3023.dat
1 25 160 -112 330 1 0 0 0 1 0 0 0 1 3023.dat
1 25 180 -112 350 1 0 0 0 1 0 0 0 1 3710.dat
1 25 200 -112 150 1 0 0 0 1 0 0 0 1 3710.dat
1 25 170 -112 170 1 0 0 0 1 0 0 0 1 3024.dat
1 25 220 -112 210 1 0 0 0 1 0 0 0 1 3666.dat
1 25 220 -112 130 1 0 0 0 1 0 0 0 1 3710.dat
1 25 240 -112 370 1 0 0 0 1 0 0 0 1 3666.dat
1 25 210 -112 170 1 0 0 0 1 0 0 0 1 3024.dat
1 25 210 -112 190 1 0 0 0 1 0 0 0 1 3024.dat
1 25 210 -112 250 0 0 1 0 1 0 -1 0 0 3623.dat
1 25 210 -112 290 1 0 0 0 1 0 0 0 1 3024.dat
1 25 230 -112 350 1 0 0 0 1 0 0 0 1 3024.dat
1 25 290 -112 140 1 0 0 0 1 0 0 0 1 3021.dat
1 25 290 -112 350 1 0 0 0 1 0 0 0 1 3623.dat
1 25 320 -112 210 1 0 0 0 1 0 0 0 1 3710.dat
1 25 320 -112 310 1 0 0 0 1 0 0 0 1 3710.dat
1 25 320 -112 170 1 0 0 0 1 0 0 0 1 3023.dat
1 25 310 -112 250 0 0 1 0 1 0 -1 0 0 3623.dat
1 25 310 -112 290 1 0 0 0 1 0 0 0 1 3024.dat
1 25 320 -112 330 1 0 0 0 1 0 0 0 1 3023.dat
1 25 310 -112 370 1 0 0 0 1 0 0 0 1 3024.dat
1 25 340 -112 150 1 0 0 0 1 0 0 0 1 3023.dat
1 25 340 -112 350 1 0 0 0 1 0 0 0 1 3023.dat
1 25 350 -112 180 0 0 1 0 1 0 -1 0 0 3023.dat
1 25 350 -112 230 1 0 0 0 1 0 0 0 1 3024.dat
1 25 360 -112 270 1 0 0 0 1 0 0 0 1 3023.dat
1 25 360 -112 290 1 0 0 0 1 0 0 0 1 3023.dat
1 25 350 -112 330 1 0 0 0 1 0 0 0 1 3024.dat
1 25 370 -112 220 0 0 1 0 1 0 -1 0 0 3710.dat
1 25 370 -112 310 1 0 0 0 1 0 0 0 1 3024.dat
1 25 390 -112 250 1 0 0 0 1 0 0 0 1 3024.dat
1 4 210 -120 250 1 0 0 0 1 0 0 0 1 3024.dat
1 4 250 -120 210 1 0 0 0 1 0 0 0 1 3024.dat
1 25 120 -120 250 1 0 0 0 1 0 0 0 1 3023.dat
1 25 140 -120 210 0 0 1 0 1 0 -1 0 0 3021.dat
1 25 140 -120 290 0 0 1 0 1 0 -1 0 0 3021.dat
1 25 180 -120 150 1 0 0 0 1 0 0 0 1 3710.dat
1 25 160 -120 170 1 0 0 0 1 0 0 0 1 3023.dat
1 25 160 -120 340 1 0 0 0 1 0 0 0 1 3022.dat
1 25 200 -120 210 1 0 0 0 1 0 0 0 1 3710.dat
1 25 240 -120 310 1 0 0 0 1 0 0 0 1 3460.dat
1 25 240 -120 130 1 0 0 0 1 0 0 0 1 3666.dat
1 25 210 -120 360 1 0 0 0 1 0 0 0 1 3021.dat
1 25 210 -120 180 0 0 1 0 1 0 -1 0 0 3023.dat
1 25 210 -120 230 1 0 0 0 1 0 0 0 1 3024.dat
1 25 210 -120 280 0 0 1 0 1 0 -1 0 0 3023.dat
1 25 230 -120 150 1 0 0 0 1 0 0 0 1 3024.dat
1 25 280 -120 370 1 0 0 0 1 0 0 0 1 3710.dat
1 25 300 -120 150 1 0 0 0 1 0 0 0 1 3710.dat
1 25 320 -120 210 1 0 0 0 1 0 0 0 1 3666.dat
1 25 300 -120 350 1 0 0 0 1 0 0 0 1 3710.dat
1 25 310 -120 130 1 0 0 0 1 0 0 0 1 3024.dat
1 25 330 -120 170 1 0 0 0 1 0 0 0 1 3623.dat
1 25 310 -120 260 0 0 1 0 1 0 -1 0 0 3710.dat
1 25 330 -120 330 1 0 0 0 1 0 0 0 1 3623.dat
1 25 350 -120 310 1 0 0 0 1 0 0 0 1 3623.dat
1 25 350 -120 150 1 0 0 0 1 0 0 0 1 3024.dat
1 25 360 -120 190 1 0 0 0 1 0 0 0 1 3023.dat
1 25 360 -120 230 1 0 0 0 1 0 0 0 1 3023.dat
1 25 360 -120 280 1 0 0 0 1 0 0 0 1 3022.dat
1 25 350 -120 350 1 0 0 0 1 0 0 0 1 3024.dat
1 25 380 -120 250 1 0 0 0 1 0 0 0 1 3023.dat
1 4 210 -128 250 0 0 1 0 1 0 -1 0 0 3623.dat
1 4 250 -128 210 1 0 0 0 1 0 0 0 1 3623.dat
1 25 110 -128 250 1 0 0 0 1 0 0 0 1 3024.dat
1 25 130 -128 240 0 0 1 0 1 0 -1 0 0 3666.dat
1 25 200 -128 310 1 0 0 0 1 0 0 0 1 3460.dat
1 25 150 -128 180 0 0 1 0 1 0 -1 0 0 3710.dat
1 25 150 -128 230 1 0 0 0 1 0 0 0 1 3024.dat
1 25 150 -128 280 0 0 1 0 1 0 -1 0 0 3023.dat
1 25 160 -128 330 1 0 0 0 1 0 0 0 1 3023.dat
1 25 180 -128 350 1 0 0 0 1 0 0 0 1 3710.dat
1 25 200 -128 150 1 0 0 0 1 0 0 0 1 3710.dat
1 25 170 -128 170 1 0 0 0 1 0 0 0 1 3024.dat
1 25 190 -128 210 1 0 0 0 1 0 0 0 1 3623.dat
1 25 220 -128 130 1 0 0 0 1 0 0 0 1 3710.dat
1 25 240 -128 370 1 0 0 0 1 0 0 0 1 3666.dat
1 25 210 -128 170 1 0 0 0 1 0 0 0 1 3024.dat
1 25 210 -128 190 1 0 0 0 1 0 0 0 1 3024.dat
1 25 210 -128 290 1 0 0 0 1 0 0 0 1 3024.dat
1 25 230 -128 350 1 0 0 0 1 0 0 0 1 3024.dat
1 25 290 -128 140 1 0 0 0 1 0 0 0 1 3021.dat
1 25 290 -128 350 1 0 0 0 1 0 0 0 1 3623.dat
1 25 320 -128 210 1 0 0 0 1 0 0 0 1 3710.dat
1 25 320 -128 310 1 0 0 0 1 0 0 0 1 3710.dat
1 25 320 -128 170 1 0 0 0 1 0 0 0 1 3023.dat
1 25 310 -128 250 0 0 1 0 1 0 -1 0 0 3623.dat
1 25 310 -128 290 1 0 0 0 1 0 0 0 1 3024.dat
1 25 320 -128 330 1 0 0 0 1 0 0 0 1 3023.dat
1 25 310 -128 370 1 0 0 0 1 0 0 0 1 3024.dat
1 25 340 -128 150 1 0 0 0 1 0 0 0 1 3023.dat
1 25 340 -128 350 1 0 0 0 1 0 0 0 1 3023.dat
1 25 350 -128 180 0 0 1 0 1 0 -1 0 0 3023.dat
1 25 350 -128 230 1 0 0 0 1 0 0 0 1 3024.dat
1 25 360 -128 270 1 0 0 0 1 0 0 0 1 3023.dat
1 25 360 -128 290 1 0 0 0 1 0 0 0 1 3023.dat
1 25 350 -128 330 1 0 0 0 1 0 0 0 1 3024.dat
1 25 370 -128 220 0 0 1 0 1 0 -1 0 0 3710.dat
1 25 370 -128 310 1 0 0 0 1 0 0 0 1 3024.dat
1 25 390 -128 250 1 0 0 0 1 0 0 0 1 3024.dat
1 4 210 -136 240 0 0 1 0 1 0 -1 0 0 3023.dat
1 4 210 -136 270 1 0 0 0 1 0 0 0 1 3024.dat
1 4 240 -136 210 1 0 0 0 1 0 0 0 1 3023.dat
1 4 270 -136 210 1 0 0 0 1 0 0 0 1 3024.dat
1 25 120 -136 250 1 0 0 0 1 0 0 0 1 3023.dat
1 25 140 -136 210 0 0 1 0 1 0 -1 0 0 3021.dat
1 25 140 -136 290 0 0 1 0 1 0 -1 0 0 3021.dat
1 25 180 -136 150 1 0 0 0 1 0 0 0 1 3710.dat
1 25 160 -136 170 1 0 0 0 1 0 0 0 1 3023.dat
1 25 160 -136 340 1 0 0 0 1 0 0 0 1 3022.dat
1 25 180 -136 210 1 0 0 0 1 0 0 0 1 3023.dat
1 25 240 -136 310 1 0 0 0 1 0 0 0 1 3460.dat
1 25 240 -136 130 1 0 0 0 1 0 0 0 1 3666.dat
1 25 210 -136 360 1 0 0 0 1 0 0 0 1 3021.dat
1 25 210 -136 190 0 0 1 0 1 0 -1 0 0 3623.dat
1 25 210 -136 290 1 0 0 0 1 0 0 0 1 3024.dat
1 25 230 -136 150 1 0 0 0 1 0 0 0 1 3024.dat
1 25 280 -136 370 1 0 0 0 1 0 0 0 1 3710.dat
1 25 300 -136 150 1 0 0 0 1 0 0 0 1 3710.dat
1 25 300 -136 350 1 0 0 0 1 0 0 0 1 3710.dat
1 25 310 -136 210 1 0 0 0 1 0 0 0 1 3623.dat
1 25 310 -136 130 1 0 0 0 1 0 0 0 1 3024.dat
1 25 330 -136 170 1 0 0 0 1 0 0 0 1 3623.dat
1 25 310 -136 260 0 0 1 0 1 0 -1 0 0 3710.dat
1 25 330 -136 330 1 0 0 0 1 0 0 0 1 3623.dat
1 25 350 -136 310 1 0 0 0 1 0 0 0 1 3623.dat
1 25 350 -136 150 1 0 0 0 1 0 0 0 1 3024.dat
1 25 360 -136 210 0 0 1 0 1 0 -1 0 0 3021.dat
1 25 360 -136 280 1 0 0 0 1 0 0 0 1 3022.dat
1 25 350 -136 350 1 0 0 0 1 0 0 0 1 3024.dat
1 25 380 -136 250 1 0 0 0 1 0 0 0 1 3023.dat
1 4 240 -144 210 1 0 0 0 1 0 0 0 1 3710.dat
1 4 210 -144 260 0 0 1 0 1 0 -1 0 0 3710.dat
1 4 250 -144 310 1 0 0 0 1 0 0 0 1 3024.dat
1 4 290 -144 210 1 0 0 0 1 0 0 0 1 3024.dat
1 4 310 -144 250 1 0 0 0 1 0 0 0 1 3024.dat
1 25 110 -144 250 1 0 0 0 1 0 0 0 1 3024.dat
1 25 130 -144 240 0 0 1 0 1 0 -1 0 0 3666.dat
1 25 180 -144 310 1 0 0 0 1 0 0 0 1 3666.dat
1 25 150 -144 180 0 0 1 0 1 0 -1 0 0 3710.dat
1 25 150 -144 230 1 0 0 0 1 0 0 0 1 3024.dat
1 25 150 -144 280 0 0 1 0 1 0 -1 0 0 3023.dat
1 25 160 -144 330 1 0 0 0 1 0 0 0 1 3023.dat
1 25 180 -144 350 1 0 0 0 1 0 0 0 1 3710.dat
1 25 200 -144 150 1 0 0 0 1 0 0 0 1 3710.dat
1 25 170 -144 170 1 0 0 0 1 0 0 0 1 3024.dat
1 25 170 -144 210 1 0 0 0 1 0 0 0 1 3024.dat
1 25 220 -144 130 1 0 0 0 1 0 0 0 1 3710.dat
1 25 190 -144 210 1 0 0 0 1 0 0 0 1 3024.dat
1 25 240 -144 370 1 0 0 0 1 0 0 0 1 3666.dat
1 25 210 -144 180 0 0 1 0 1 0 -1 0 0 3023.dat
1 25 230 -144 350 1 0 0 0 1 0 0 0 1 3024.dat
1 25 290 -144 140 1 0 0 0 1 0 0 0 1 3021.dat
1 25 320 -144 310 1 0 0 0 1 0 0 0 1 3666.dat
1 25 290 -144 350 1 0 0 0 1 0 0 0 1 3623.dat
1 25 310 -144 200 0 0 1 0 1 0 -1 0 0 3710.dat
1 25 310 -144 280 0 0 1 0 1 0 -1 0 0 3023.dat
1 25 320 -144 330 1 0 0 0 1 0 0 0 1 3023.dat
1 25 310 -144 370 1 0 0 0 1 0 0 0 1 3024.dat
1 25 340 -144 160 1 0 0 0 1 0 0 0 1 3022.dat
1 25 350 -144 210 1 0 0 0 1 0 0 0 1 3623.dat
1 25 340 -144 350 1 0 0 0 1 0 0 0 1 3023.dat
1 25 360 -144 190 1 0 0 0 1 0 0 0 1 3023.dat
1 25 360 -144 230 1 0 0 0 1 0 0 0 1 3023.dat
1 25 360 -144 270 1 0 0 0 1 0 0 0 1 3023.dat
1 25 360 -144 290 1 0 0 0 1 0 0 0 1 3023.dat
1 25 350 -144 330 1 0 0 0 1 0 0 0 1 3024.dat
1 25 370 -144 250 1 0 0 0 1 0 0 0 1 3024.dat
1 25 390 -144 250 1 0 0 0 1 0 0 0 1 3024.dat
1 4 210 -152 240 0 0 1 0 1 0 -1 0 0 3710.dat
1 4 210 -152 290 1 0 0 0 1 0 0 0 1 3024.dat
1 4 260 -152 210 1 0 0 0 1 0 0 0 1 3710.dat
1 4 250 -152 310 1 0 0 0 1 0 0 0 1 3623.dat
1 4 310 -152 250 0 0 1 0 1 0 -1 0 0 3623.dat
1 25 120 -152 250 1 0 0 0 1 0 0 0 1 3023.dat
1 25 140 -152 210 0 0 1 0 1 0 -1 0 0 3021.dat
1 25 140 -152 290 0 0 1 0 1 0 -1 0 0 3021.dat
1 25 180 -152 150 1 0 0 0 1 0 0 0 1 3710.dat
1 25 160 -152 170 1 0 0 0 1 0 0 0 1 3023.dat
1 25 160 -152 340 1 0 0 0 1 0 0 0 1 3022.dat
1 25 180 -152 210 1 0 0 0 1 0 0 0 1 3023.dat
1 25 190 -152 310 1 0 0 0 1 0 0 0 1 3623.dat
1 25 240 -152 130 1 0 0 0 1 0 0 0 1 3666.dat
1 25 210 -152 360 1 0 0 0 1 0 0 0 1 3021.dat
1 25 210 -152 190 1 0 0 0 1 0 0 0 1 3024.dat
1 25 230 -152 150 1 0 0 0 1 0 0 0 1 3024.dat
1 25 280 -152 370 1 0 0 0 1 0 0 0 1 3710.dat
1 25 300 -152 150 1 0 0 0 1 0 0 0 1 3710.dat
1 25 300 -152 350 1 0 0 0 1 0 0 0 1 3710.dat
1 25 320 -152 310 1 0 0 0 1 0 0 0 1 3710.dat
1 25 310 -152 130 1 0 0 0 1 0 0 0 1 3024.dat
1 25 330 -152 170 1 0 0 0 1 0 0 0 1 3623.dat
1 25 310 -152 200 0 0 1 0 1 0 -1 0 0 3023.dat
1 25 310 -152 290 1 0 0 0 1 0 0 0 1 3024.dat
1 25 330 -152 330 1 0 0 0 1 0 0 0 1 3623.dat
1 25 340 -152 210 1 0 0 0 1 0 0 0 1 3023.dat
1 25 350 -152 150 1 0 0 0 1 0 0 0 1 3024.dat
1 25 350 -152 190 1 0 0 0 1 0 0 0 1 3024.dat
1 25 350 -152 230 1 0 0 0 1 0 0 0 1 3024.dat
1 25 360 -152 280 1 0 0 0 1 0 0 0 1 3022.dat
1 25 350 -152 350 1 0 0 0 1 0 0 0 1 3024.dat
1 25 370 -152 220 0 0 1 0 1 0 -1 0 0 3710.dat
1 25 370 -152 310 1 0 0 0 1 0 0 0 1 3024.dat
1 25 390 -152 250 1 0 0 0 1 0 0 0 1 3024.dat
1 4 240 -160 210 1 0 0 0 1 0 0 0 1 3666.dat
1 4 210 -160 260 0 0 1 0 1 0 -1 0 0 3710.dat
1 4 240 -160 310 1 0 0 0 1 0 0 0 1 3710.dat
1 4 290 -160 310 1 0 0 0 1 0 0 0 1 3024.dat
1 4 310 -160 240 0 0 1 0 1 0 -1 0 0 3710.dat
1 4 310 -160 290 1 0 0 0 1 0 0 0 1 3024.dat
1 25 110 -160 250 1 0 0 0 1 0 0 0 1 3024.dat
1 25 130 -160 240 0 0 1 0 1 0 -1 0 0 3666.dat
1 25 160 -160 310 1 0 0 0 1 0 0 0 1 3710.dat
1 25 150 -160 180 0 0 1 0 1 0 -1 0 0 3710.dat
1 25 150 -160 230 1 0 0 0 1 0 0 0 1 3024.dat
1 25 150 -160 280 0 0 1 0 1 0 -1 0 0 3023.dat
1 25 160 -160 330 1 0 0 0 1 0 0 0 1 3023.dat
1 25 180 -160 350 1 0 0 0 1 0 0 0 1 3710.dat
1 25 200 -160 150 1 0 0 0 1 0 0 0 1 3710.dat
1 25 170 -160 170 1 0 0 0 1 0 0 0 1 3024.dat
1 25 220 -160 130 1 0 0 0 1 0 0 0 1 3710.dat
1 25 240 -160 370 1 0 0 0 1 0 0 0 1 3666.dat
1 25 230 -160 350 1 0 0 0 1 0 0 0 1 3024.dat
1 25 290 -160 140 1 0 0 0 1 0 0 0 1 3021.dat
1 25 290 -160 350 1 0 0 0 1 0 0 0 1 3623.dat
1 25 320 -160 170 1 0 0 0 1 0 0 0 1 3023.dat
1 25 310 -160 190 1 0 0 0 1 0 0 0 1 3024.dat
1 25 330 -160 320 1 0 0 0 1 0 0 0 1 3021.dat
1 25 310 -160 370 1 0 0 0 1 0 0 0 1 3024.dat
1 25 340 -160 150 1 0 0 0 1 0 0 0 1 3023.dat
1 25 350 -160 210 1 0 0 0 1 0 0 0 1 3623.dat
1 25 340 -160 350 1 0 0 0 1 0 0 0 1 3023.dat
1 25 350 -160 180 0 0 1 0 1 0 -1 0 0 3023.dat
1 25 360 -160 230 1 0 0 0 1 0 0 0 1 3023.dat
1 25 360 -160 270 1 0 0 0 1 0 0 0 1 3023.dat
1 25 360 -160 290 1 0 0 0 1 0 0 0 1 3023.dat
1 25 370 -160 190 1 0 0 0 1 0 0 0 1 3024.dat
1 25 380 -160 250 1 0 0 0 1 0 0 0 1 3023.dat
1 25 370 -160 310 1 0 0 0 1 0 0 0 1 3024.dat
1 4 220 -168 210 1 0 0 0 1 0 0 0 1 3710.dat
1 4 210 -168 250 0 0 1 0 1 0 -1 0 0 3623.dat
1 4 210 -168 300 0 0 1 0 1 0 -1 0 0 3023.dat
1 4 260 -168 310 1 0 0 0 1 0 0 0 1 3710.dat
1 4 290 -168 210 1 0 0 0 1 0 0 0 1 3623.dat
1 4 310 -168 260 0 0 1 0 1 0 -1 0 0 3710.dat
1 25 120 -168 250 1 0 0 0 1 0 0 0 1 3023.dat
1 25 140 -168 210 0 0 1 0 1 0 -1 0 0 3021.dat
1 25 140 -168 290 0 0 1 0 1 0 -1 0 0 3021.dat
1 25 180 -168 150 1 0 0 0 1 0 0 0 1 3710.dat
1 25 160 -168 170 1 0 0 0 1 0 0 0 1 3023.dat
1 25 160 -168 340 1 0 0 0 1 0 0 0 1 3022.dat
1 25 180 -168 310 1 0 0 0 1 0 0 0 1 3023.dat
1 25 240 -168 130 1 0 0 0 1 0 0 0 1 3666.dat
1 25 210 -168 360 1 0 0 0 1 0 0 0 1 3021.dat
1 25 210 -168 330 1 0 0 0 1 0 0 0 1 3024.dat
1 25 230 -168 150 1 0 0 0 1 0 0 0 1 3024.dat
1 25 280 -168 370 1 0 0 0 1 0 0 0 1 3710.dat
1 25 300 -168 150 1 0 0 0 1 0 0 0 1 3710.dat
1 25 300 -168 350 1 0 0 0 1 0 0 0 1 3710.dat
1 25 310 -168 130 1 0 0 0 1 0 0 0 1 3024.dat
1 25 330 -168 170 1 0 0 0 1 0 0 0 1 3623.dat
1 25 310 -168 190 1 0 0 0 1 0 0 0 1 3024.dat
1 25 340 -168 310 1 0 0 0 1 0 0 0 1 3710.dat
1 25 330 -168 330 1 0 0 0 1 0 0 0 1 3623.dat
1 25 340 -168 210 1 0 0 0 1 0 0 0 1 3023.dat
1 25 350 -168 150 1 0 0 0 1 0 0 0 1 3024.dat
1 25 360 -168 190 1 0 0 0 1 0 0 0 1 3023.dat
1 25 350 -168 230 1 0 0 0 1 0 0 0 1 3024.dat
1 25 360 -168 280 1 0 0 0 1 0 0 0 1 3022.dat
1 25 350 -168 350 1 0 0 0 1 0 0 0 1 3024.dat
1 25 370 -168 230 0 0 1 0 1 0 -1 0 0 3623.dat
1 25 390 -168 250 1 0 0 0 1 0 0 0 1 3024.dat
1 4 240 -176 210 1 0 0 0 1 0 0 0 1 3666.dat
1 4 240 -176 310 1 0 0 0 1 0 0 0 1 3666.dat
1 4 210 -176 260 0 0 1 0 1 0 -1 0 0 3710.dat
1 4 310 -176 240 0 0 1 0 1 0 -1 0 0 3666.dat
1 4 310 -176 310 1 0 0 0 1 0 0 0 1 3024.dat
1 25 110 -176 250 1 0 0 0 1 0 0 0 1 3024.dat
1 25 130 -176 240 0 0 1 0 1 0 -1 0 0 3666.dat
1 25 150 -176 310 1 0 0 0 1 0 0 0 1 3623.dat
1 25 150 -176 180 0 0 1 0 1 0 -1 0 0 3710.dat
1 25 150 -176 230 1 0 0 0 1 0 0 0 1 3024.dat
1 25 150 -176 280 0 0 1 0 1 0 -1 0 0 3023.dat
1 25 160 -176 330 1 0 0 0 1 0 0 0 1 3023.dat
1 25 180 -176 350 1 0 0 0 1 0 0 0 1 3710.dat
1 25 200 -176 150 1 0 0 0 1 0 0 0 1 3710.dat
1 25 170 -176 170 1 0 0 0 1 0 0 0 1 3024.dat
1 25 220 -176 130 1 0 0 0 1 0 0 0 1 3710.dat
1 25 240 -176 370 1 0 0 0 1 0 0 0 1 3666.dat
1 25 210 -176 170 1 0 0 0 1 0 0 0 1 3024.dat
1 25 210 -176 330 1 0 0 0 1 0 0 0 1 3024.dat
1 25 230 -176 350 1 0 0 0 1 0 0 0 1 3024.dat
1 25 290 -176 140 1 0 0 0 1 0 0 0 1 3021.dat
1 25 290 -176 350 1 0 0 0 1 0 0 0 1 3623.dat
1 25 320 -176 170 1 0 0 0 1 0 0 0 1 3023.dat
1 25 320 -176 330 1 0 0 0 1 0 0 0 1 3023.dat
1 25 310 -176 370 1 0 0 0 1 0 0 0 1 3024.dat
1 25 340 -176 150 1 0 0 0 1 0 0 0 1 3023.dat
1 25 350 -176 210 1 0 0 0 1 0 0 0 1 3623.dat
1 25 350 -176 310 1 0 0 0 1 0 0 0 1 3623.dat
1 25 340 -176 350 1 0 0 0 1 0 0 0 1 3023.dat
1 25 350 -176 180 0 0 1 0 1 0 -1 0 0 3023.dat
1 25 360 -176 230 1 0 0 0 1 0 0 0 1 3023.dat
1 25 360 -176 270 1 0 0 0 1 0 0 0 1 3023.dat
1 25 360 -176 290 1 0 0 0 1 0 0 0 1 3023.dat
1 25 350 -176 330 1 0 0 0 1 0 0 0 1 3024.dat
1 25 370 -176 190 1 0 0 0 1 0 0 0 1 3024.dat
1 25 380 -176 250 1 0 0 0 1 0 0 0 1 3023.dat
1 4 240 -184 210 1 0 0 0 1 0 0 0 1 3460.dat
1 4 220 -184 310 1 0 0 0 1 0 0 0 1 3710.dat
1 4 210 -184 180 0 0 1 0 1 0 -1 0 0 3023.dat
1 4 210 -184 250 0 0 1 0 1 0 -1 0 0 3623.dat
1 4 210 -184 290 1 0 0 0 1 0 0 0 1 3024.dat
1 4 290 -184 310 1 0 0 0 1 0 0 0 1 3623.dat
1 4 310 -184 190 1 0 0 0 1 0 0 0 1 3024.dat
1 4 310 -184 260 0 0 1 0 1 0 -1 0 0 3710.dat
1 4 330 -184 210 1 0 0 0 1 0 0 0 1 3024.dat
1 25 120 -184 250 1 0 0 0 1 0 0 0 1 3023.dat
1 25 140 -184 210 0 0 1 0 1 0 -1 0 0 3021.dat
1 25 140 -184 290 0 0 1 0 1 0 -1 0 0 3021.dat
1 25 180 -184 150 1 0 0 0 1 0 0 0 1 3710.dat
1 25 160 -184 170 1 0 0 0 1 0 0 0 1 3023.dat
1 25 160 -184 340 1 0 0 0 1 0 0 0 1 3022.dat
1 25 170 -184 310 1 0 0 0 1 0 0 0 1 3024.dat
1 25 240 -184 130 1 0 0 0 1 0 0 0 1 3666.dat
1 25 210 -184 360 1 0 0 0 1 0 0 0 1 3021.dat
1 25 230 -184 150 1 0 0 0 1 0 0 0 1 3024.dat
1 25 280 -184 370 1 0 0 0 1 0 0 0 1 3710.dat
1 25 300 -184 150 1 0 0 0 1 0 0 0 1 3710.dat
1 25 300 -184 350 1 0 0 0 1 0 0 0 1 3710.dat
1 25 310 -184 130 1 0 0 0 1 0 0 0 1 3024.dat
1 25 330 -184 170 1 0 0 0 1 0 0 0 1 3623.dat
1 25 330 -184 330 1 0 0 0 1 0 0 0 1 3623.dat
1 25 340 -184 310 1 0 0 0 1 0 0 0 1 3023.dat
1 25 350 -184 150 1 0 0 0 1 0 0 0 1 3024.dat
1 25 360 -184 210 0 0 1 0 1 0 -1 0 0 3021.dat
1 25 360 -184 280 1 0 0 0 1 0 0 0 1 3022.dat
1 25 350 -184 350 1 0 0 0 1 0 0 0 1 3024.dat
1 25 370 -184 250 1 0 0 0 1 0 0 0 1 3024.dat
1 25 370 -184 310 1 0 0 0 1 0 0 0 1 3024.dat
1 4 220 -192 210 1 0 0 0 1 0 0 0 1 3666.dat
1 4 240 -192 310 1 0 0 0 1 0 0 0 1 3666.dat
1 4 210 -192 170 1 0 0 0 1 0 0 0 1 3024.dat
1 4 210 -192 190 1 0 0 0 1 0 0 0 1 3024.dat
1 4 210 -192 260 0 0 1 0 1 0 -1 0 0 3710.dat
1 4 310 -192 210 1 0 0 0 1 0 0 0 1 3623.dat
1 4 310 -192 190 1 0 0 0 1 0 0 0 1 3024.dat
1 4 310 -192 250 0 0 1 0 1 0 -1 0 0 3623.dat
1 4 310 -192 300 0 0 1 0 1 0 -1 0 0 3023.dat
1 25 110 -192 250 1 0 0 0 1 0 0 0 1 3024.dat
1 25 130 -192 240 0 0 1 0 1 0 -1 0 0 3666.dat
1 25 150 -192 310 1 0 0 0 1 0 0 0 1 3623.dat
1 25 150 -192 180 0 0 1 0 1 0 -1 0 0 3710.dat
1 25 150 -192 230 1 0 0 0 1 0 0 0 1 3024.dat
1 25 150 -192 280 0 0 1 0 1 0 -1 0 0 3023.dat
1 25 160 -192 330 1 0 0 0 1 0 0 0 1 3023.dat
1 25 180 -192 350 1 0 0 0 1 0 0 0 1 3710.dat
1 25 200 -192 150 1 0 0 0 1 0 0 0 1 3710.dat
1 25 170 -192 170 1 0 0 0 1 0 0 0 1 3024.dat
1 25 220 -192 130 1 0 0 0 1 0 0 0 1 3710.dat
1 25 240 -192 370 1 0 0 0 1 0 0 0 1 3666.dat
1 25 230 -192 350 1 0 0 0 1 0 0 0 1 3024.dat
1 25 290 -192 140 1 0 0 0 1 0 0 0 1 3021.dat
1 25 290 -192 350 1 0 0 0 1 0 0 0 1 3623.dat
1 25 320 -192 170 1 0 0 0 1 0 0 0 1 3023.dat
1 25 320 -192 330 1 0 0 0 1 0 0 0 1 3023.dat
1 25 310 -192 370 1 0 0 0 1 0 0 0 1 3024.dat
1 25 340 -192 150 1 0 0 0 1 0 0 0 1 3023.dat
1 25 350 -192 310 1 0 0 0 1 0 0 0 1 3623.dat
1 25 340 -192 350 1 0 0 0 1 0 0 0 1 3023.dat
1 25 350 -192 200 0 0 1 0 1 0 -1 0 0 3710.dat
1 25 360 -192 270 1 0 0 0 1 0 0 0 1 3023.dat
1 25 360 -192 290 1 0 0 0 1 0 0 0 1 3023.dat
1 25 350 -192 330 1 0 0 0 1 0 0 0 1 3024.dat
1 25 370 -192 220 0 0 1 0 1 0 -1 0 0 3710.dat
1 4 150 -200 270 1 0 0 0 1 0 0 0 1 3024.dat
1 4 240 -200 210 1 0 0 0 1 0 0 0 1 3460.dat
1 4 240 -200 310 1 0 0 0 1 0 0 0 1 3460.dat
1 4 210 -200 180 0 0 1 0 1 0 -1 0 0 3023.dat
1 4 210 -200 250 0 0 1 0 1 0 -1 0 0 3623.dat
1 4 210 -200 290 1 0 0 0 1 0 0 0 1 3024.dat
1 4 230 -200 150 1 0 0 0 1 0 0 0 1 3024.dat
1 4 230 -200 350 1 0 0 0 1 0 0 0 1 3024.dat
1 4 270 -200 150 1 0 0 0 1 0 0 0 1 3024.dat
1 4 270 -200 350 1 0 0 0 1 0 0 0 1 3024.dat
1 4 310 -200 180 0 0 1 0 1 0 -1 0 0 3023.dat
1 4 310 -200 260 0 0 1 0 1 0 -1 0 0 3710.dat
1 4 310 -200 330 1 0 0 0 1 0 0 0 1 3024.dat
1 4 330 -200 210 1 0 0 0 1 0 0 0 1 3024.dat
1 4 330 -200 310 1 0 0 0 1 0 0 0 1 3024.dat
1 4 350 -200 230 1 0 0 0 1 0 0 0 1 3024.dat
1 4 350 -200 270 1 0 0 0 1 0 0 0 1 3024.dat
1 25 120 -200 250 1 0 0 0 1 0 0 0 1 3023.dat
1 25 140 -200 200 1 0 0 0 1 0 0 0 1 3022.dat
1 25 130 -200 230 1 0 0 0 1 0 0 0 1 3024.dat
1 25 130 -200 290 0 0 1 0 1 0 -1 0 0 3623.dat
1 25 180 -200 150 1 0 0 0 1 0 0 0 1 3710.dat
1 25 160 -200 170 1 0 0 0 1 0 0 0 1 3023.dat
1 25 150 -200 320 0 0 1 0 1 0 -1 0 0 3710.dat
1 25 170 -200 340 0 0 1 0 1 0 -1 0 0 3023.dat
1 25 240 -200 130 1 0 0 0 1 0 0 0 1 3666.dat
1 25 200 -200 360 1 0 0 0 1 0 0 0 1 3022.dat
1 25 260 -200 370 1 0 0 0 1 0 0 0 1 3710.dat
1 25 320 -200 150 1 0 0 0 1 0 0 0 1 3710.dat
1 25 320 -200 350 1 0 0 0 1 0 0 0 1 3710.dat
1 25 310 -200 130 1 0 0 0 1 0 0 0 1 3024.dat
1 25 310 -200 370 1 0 0 0 1 0 0 0 1 3024.dat
1 25 340 -200 170 1 0 0 0 1 0 0 0 1 3023.dat
1 25 340 -200 330 1 0 0 0 1 0 0 0 1 3023.dat
1 25 360 -200 200 1 0 0 0 1 0 0 0 1 3022.dat
1 25 360 -200 300 1 0 0 0 1 0 0 0 1 3022.dat
1 25 370 -200 250 0 0 1 0 1 0 -1 0 0 3623.dat
1 4 220 -208 210 1 0 0 0 1 0 0 0 1 3460.dat
1 4 150 -208 280 0 0 1 0 1 0 -1 0 0 3023.dat
1 4 220 -208 310 1 0 0 0 1 0 0 0 1 3666.dat
1 4 210 -208 170 0 0 1 0 1 0 -1 0 0 3623.dat
1 4 210 -208 260 0 0 1 0 1 0 -1 0 0 3710.dat
1 4 210 -208 340 0 0 1 0 1 0 -1 0 0 3023.dat
1 4 230 -208 150 1 0 0 0 1 0 0 0 1 3024.dat
1 4 230 -208 350 1 0 0 0 1 0 0 0 1 3024.dat
1 4 280 -208 150 1 0 0 0 1 0 0 0 1 3023.dat
1 4 280 -208 350 1 0 0 0 1 0 0 0 1 3023.dat
1 4 310 -208 310 1 0 0 0 1 0 0 0 1 3623.dat
1 4 310 -208 220 0 0 1 0 1 0 -1 0 0 3666.dat
1 4 310 -208 290 1 0 0 0 1 0 0 0 1 3024.dat
1 4 310 -208 330 1 0 0 0 1 0 0 0 1 3024.dat
1 4 340 -208 210 1 0 0 0 1 0 0 0 1 3023.dat
1 4 350 -208 230 1 0 0 0 1 0 0 0 1 3024.dat
1 4 350 -208 280 0 0 1 0 1 0 -1 0 0 3023.dat
1 25 110 -208 250 1 0 0 0 1 0 0 0 1 3024.dat
1 25 130 -208 240 0 0 1 0 1 0 -1 0 0 3666.dat
1 25 140 -208 310 1 0 0 0 1 0 0 0 1 3023.dat
1 25 160 -208 160 1 0 0 0 1 0 0 0 1 3022.dat
1 25 150 -208 190 1 0 0 0 1 0 0 0 1 3024.dat
1 25 160 -208 340 1 0 0 0 1 0 0 0 1 3022.dat
1 25 220 -208 130 1 0 0 0 1 0 0 0 1 3710.dat
1 25 190 -208 150 1 0 0 0 1 0 0 0 1 3024.dat
1 25 190 -208 360 0 0 1 0 1 0 -1 0 0 3023.dat
1 25 260 -208 370 1 0 0 0 1 0 0 0 1 3666.dat
1 25 290 -208 130 1 0 0 0 1 0 0 0 1 3623.dat
1 25 330 -208 150 1 0 0 0 1 0 0 0 1 3623.dat
1 25 330 -208 350 1 0 0 0 1 0 0 0 1 3623.dat
1 25 330 -208 170 1 0 0 0 1 0 0 0 1 3024.dat
1 25 330 -208 330 1 0 0 0 1 0 0 0 1 3024.dat
1 25 350 -208 180 0 0 1 0 1 0 -1 0 0 3023.dat
1 25 360 -208 310 1 0 0 0 1 0 0 0 1 3023.dat
1 25 350 -208 330 1 0 0 0 1 0 0 0 1 3024.dat
1 25 370 -208 240 0 0 1 0 1 0 -1 0 0 3666.dat
1 4 200 -216 210 1 0 0 0 1 0 0 0 1 3666.dat
1 4 150 -216 270 1 0 0 0 1 0 0 0 1 3024.dat
1 4 150 -216 290 1 0 0 0 1 0 0 0 1 3024.dat
1 4 240 -216 310 1 0 0 0 1 0 0 0 1 3460.dat
1 4 220 -216 150 1 0 0 0 1 0 0 0 1 3023.dat
1 4 210 -216 180 0 0 1 0 1 0 -1 0 0 3023.dat
1 4 210 -216 250 0 0 1 0 1 0 -1 0 0 3623.dat
1 4 210 -216 290 1 0 0 0 1 0 0 0 1 3024.dat
1 4 220 -216 350 1 0 0 0 1 0 0 0 1 3023.dat
1 4 270 -216 150 1 0 0 0 1 0 0 0 1 3024.dat
1 4 300 -216 210 1 0 0 0 1 0 0 0 1 3710.dat
1 4 270 -216 350 1 0 0 0 1 0 0 0 1 3024.dat
1 4 290 -216 150 1 0 0 0 1 0 0 0 1 3024.dat
1 4 290 -216 350 1 0 0 0 1 0 0 0 1 3024.dat
1 4 320 -216 170 1 0 0 0 1 0 0 0 1 3023.dat
1 4 310 -216 190 1 0 0 0 1 0 0 0 1 3024.dat
1 4 310 -216 260 0 0 1 0 1 0 -1 0 0 3710.dat
1 4 320 -216 330 1 0 0 0 1 0 0 0 1 3023.dat
1 4 330 -216 310 1 0 0 0 1 0 0 0 1 3024.dat
1 4 350 -216 220 0 0 1 0 1 0 -1 0 0 3023.dat
1 4 350 -216 270 1 0 0 0 1 0 0 0 1 3024.dat
1 4 350 -216 290 1 0 0 0 1 0 0 0 1 3024.dat
1 25 120 -216 250 1 0 0 0 1 0 0 0 1 3023.dat
1 25 130 -216 210 0 0 1 0 1 0 -1 0 0 3623.dat
1 25 130 -216 290 0 0 1 0 1 0 -1 0 0 3623.dat
1 25 170 -216 150 1 0 0 0 1 0 0 0 1 3623.dat
1 25 150 -216 180 0 0 1 0 1 0 -1 0 0 3023.dat
1 25 150 -216 330 0 0 1 0 1 0 -1 0 0 3623.dat
1 25 180 -216 350 1 0 0 0 1 0 0 0 1 3023.dat
1 25 240 -216 130 1 0 0 0 1 0 0 0 1 3666.dat
1 25 240 -216 370 1 0 0 0 1 0 0 0 1 3666.dat
1 25 310 -216 140 0 0 1 0 1 0 -1 0 0 3023.dat
1 25 320 -216 350 1 0 0 0 1 0 0 0 1 3023.dat
1 25 310 -216 370 1 0 0 0 1 0 0 0 1 3024.dat
1 25 340 -216 150 1 0 0 0 1 0 0 0 1 3023.dat
1 25 350 -216 170 1 0 0 0 1 0 0 0 1 3024.dat
1 25 360 -216 190 1 0 0 0 1 0 0 0 1 3023.dat
1 25 350 -216 330 0 0 1 0 1 0 -1 0 0 3623.dat
1 25 370 -216 260 0 0 1 0 1 0 -1 0 0 3666.dat
1 4 150 -224 210 0 0 1 0 1 0 -1 0 0 3623.dat
1 4 150 -224 290 0 0 1 0 1 0 -1 0 0 3623.dat
1 4 240 -224 210 1 0 0 0 1 0 0 0 1 3460.dat
1 4 220 -224 310 1 0 0 0 1 0 0 0 1 3666.dat
1 4 210 -224 150 1 0 0 0 1 0 0 0 1 3623.dat
1 4 210 -224 350 1 0 0 0 1 0 0 0 1 3623.dat
1 4 210 -224 170 1 0 0 0 1 0 0 0 1 3024.dat
1 4 210 -224 190 1 0 0 0 1 0 0 0 1 3024.dat
1 4 210 -224 260 0 0 1 0 1 0 -1 0 0 3710.dat
1 4 290 -224 150 1 0 0 0 1 0 0 0 1 3623.dat
1 4 290 -224 350 1 0 0 0 1 0 0 0 1 3623.dat
1 4 320 -224 310 1 0 0 0 1 0 0 0 1 3710.dat
1 4 310 -224 180 0 0 1 0 1 0 -1 0 0 3023.dat
1 4 310 -224 250 0 0 1 0 1 0 -1 0 0 3623.dat
1 4 310 -224 290 1 0 0 0 1 0 0 0 1 3024.dat
1 4 310 -224 330 1 0 0 0 1 0 0 0 1 3024.dat
1 4 330 -224 170 1 0 0 0 1 0 0 0 1 3024.dat
1 4 340 -224 210 1 0 0 0 1 0 0 0 1 3023.dat
1 4 330 -224 330 1 0 0 0 1 0 0 0 1 3024.dat
1 4 350 -224 190 1 0 0 0 1 0 0 0 1 3024.dat
1 4 350 -224 230 1 0 0 0 1 0 0 0 1 3024.dat
1 4 350 -224 280 0 0 1 0 1 0 -1 0 0 3023.dat
1 25 110 -224 250 1 0 0 0 1 0 0 0 1 3024.dat
1 25 130 -224 240 0 0 1 0 1 0 -1 0 0 3666.dat
1 25 130 -224 310 1 0 0 0 1 0 0 0 1 3024.dat
1 25 160 -224 150 1 0 0 0 1 0 0 0 1 3023.dat
1 25 150 -224 170 1 0 0 0 1 0 0 0 1 3024.dat
1 25 150 -224 340 0 0 1 0 1 0 -1 0 0 3023.dat
1 25 170 -224 350 1 0 0 0 1 0 0 0 1 3024.dat
1 25 220 -224 130 1 0 0 0 1 0 0 0 1 3710.dat
1 25 220 -224 370 1 0 0 0 1 0 0 0 1 3710.dat
1 25 250 -224 110 1 0 0 0 1 0 0 0 1 3024.dat
1 25 250 -224 390 1 0 0 0 1 0 0 0 1 3024.dat
1 25 290 -224 130 1 0 0 0 1 0 0 0 1 3623.dat
1 25 290 -224 370 1 0 0 0 1 0 0 0 1 3623.dat
1 25 330 -224 150 1 0 0 0 1 0 0 0 1 3024.dat
1 25 340 -224 350 1 0 0 0 1 0 0 0 1 3023.dat
1 25 350 -224 160 0 0 1 0 1 0 -1 0 0 3023.dat
1 25 350 -224 330 1 0 0 0 1 0 0 0 1 3024.dat
1 25 370 -224 240 0 0 1 0 1 0 -1 0 0 3666.dat
1 25 370 -224 310 1 0 0 0 1 0 0 0 1 3024.dat
1 4 130 -232 250 0 0 1 0 1 0 -1 0 0 3623.dat
1 4 150 -232 200 0 0 1 0 1 0 -1 0 0 3023.dat
1 4 150 -232 230 1 0 0 0 1 0 0 0 1 3024.dat
1 4 150 -232 280 0 0 1 0 1 0 -1 0 0 3023.dat
1 4 220 -232 310 1 0 0 0 1 0 0 0 1 3460.dat
1 4 220 -232 210 1 0 0 0 1 0 0 0 1 3666.dat
1 4 200 -232 150 1 0 0 0 1 0 0 0 1 3023.dat
1 4 200 -232 350 1 0 0 0 1 0 0 0 1 3023.dat
1 4 210 -232 180 0 0 1 0 1 0 -1 0 0 3023.dat
1 4 210 -232 250 0 0 1 0 1 0 -1 0 0 3623.dat
1 4 210 -232 290 1 0 0 0 1 0 0 0 1 3024.dat
1 4 250 -232 130 1 0 0 0 1 0 0 0 1 3623.dat
1 4 230 -232 150 1 0 0 0 1 0 0 0 1 3024.dat
1 4 230 -232 360 0 0 1 0 1 0 -1 0 0 3023.dat
1 4 260 -232 370 1 0 0 0 1 0 0 0 1 3023.dat
1 4 280 -232 150 1 0 0 0 1 0 0 0 1 3023.dat
1 4 280 -232 350 1 0 0 0 1 0 0 0 1 3023.dat
1 4 320 -232 210 1 0 0 0 1 0 0 0 1 3710.dat
1 4 310 -232 170 0 0 1 0 1 0 -1 0 0 3623.dat
1 4 310 -232 280 0 0 1 0 1 0 -1 0 0 3666.dat
1 4 310 -232 350 1 0 0 0 1 0 0 0 1 3024.dat
1 4 330 -232 170 1 0 0 0 1 0 0 0 1 3024.dat
1 4 340 -232 310 1 0 0 0 1 0 0 0 1 3023.dat
1 4 330 -232 330 1 0 0 0 1 0 0 0 1 3024.dat
1 4 350 -232 190 1 0 0 0 1 0 0 0 1 3024.dat
1 4 360 -232 230 1 0 0 0 1 0 0 0 1 3023.dat
1 4 360 -232 270 1 0 0 0 1 0 0 0 1 3023.dat
1 4 350 -232 290 1 0 0 0 1 0 0 0 1 3024.dat
1 4 370 -232 250 1 0 0 0 1 0 0 0 1 3024.dat
1 25 110 -232 250 1 0 0 0 1 0 0 0 1 3024.dat
1 25 130 -232 200 0 0 1 0 1 0 -1 0 0 3023.dat
1 25 130 -232 300 0 0 1 0 1 0 -1 0 0 3023.dat
1 25 150 -232 160 0 0 1 0 1 0 -1 0 0 3023.dat
1 25 160 -232 350 1 0 0 0 1 0 0 0 1 3023.dat
1 25 200 -232 130 1 0 0 0 1 0 0 0 1 3023.dat
1 25 200 -232 370 1 0 0 0 1 0 0 0 1 3023.dat
1 25 250 -232 110 1 0 0 0 1 0 0 0 1 3024.dat
1 25 250 -232 390 1 0 0 0 1 0 0 0 1 3024.dat
1 25 300 -232 130 1 0 0 0 1 0 0 0 1 3023.dat
1 25 300 -232 370 1 0 0 0 1 0 0 0 1 3023.dat
1 25 340 -232 150 1 0 0 0 1 0 0 0 1 3023.dat
1 25 350 -232 340 0 0 1 0 1 0 -1 0 0 3023.dat
1 25 370 -232 200 0 0 1 0 1 0 -1 0 0 3023.dat
1 25 370 -232 300 0 0 1 0 1 0 -1 0 0 3023.dat
1 25 390 -232 250 1 0 0 0 1 0 0 0 1 3024.dat
1 4 120 -240 250 1 0 0 0 1 0 0 0 1 3023.dat
1 4 200 -240 210 1 0 0 0 1 0 0 0 1 3460.dat
1 4 140 -240 230 1 0 0 0 1 0 0 0 1 3023.dat
1 4 140 -240 280 1 0 0 0 1 0 0 0 1 3022.dat
1 4 150 -240 150 1 0 0 0 1 0 0 0 1 3024.dat
1 4 150 -240 190 1 0 0 0 1 0 0 0 1 3070b.dat
1 4 200 -240 310 1 0 0 0 1 0 0 0 1 3666.dat
1 4 150 -240 350 1 0 0 0 1 0 0 0 1 3024.dat
1 4 170 -240 170 1 0 0 0 1 0 0 0 1 3070b.dat
1 4 170 -240 330 1 0 0 0 1 0 0 0 1 3070b.dat
1 4 210 -240 150 1 0 0 0 1 0 0 0 1 3623.dat
1 4 210 -240 350 1 0 0 0 1 0 0 0 1 3623.dat
1 4 240 -240 130 1 0 0 0 1 0 0 0 1 3710.dat
1 4 210 -240 170 1 0 0 0 1 0 0 0 1 3024.dat
1 4 210 -240 190 1 0 0 0 1 0 0 0 1 3024.dat
1 4 210 -240 260 0 0 1 0 1 0 -1 0 0 3710.dat
1 4 210 -240 330 1 0 0 0 1 0 0 0 1 3024.dat
1 4 240 -240 370 1 0 0 0 1 0 0 0 1 3710.dat
1 4 250 -240 110 1 0 0 0 1 0 0 0 1 3024.dat
1 4 250 -240 390 1 0 0 0 1 0 0 0 1 3024.dat
1 4 290 -240 150 1 0 0 0 1 0 0 0 1 3623.dat
1 4 300 -240 310 1 0 0 0 1 0 0 0 1 3710.dat
1 4 290 -240 350 1 0 0 0 1 0 0 0 1 3623.dat
1 4 290 -240 130 1 0 0 0 1 0 0 0 1 3024.dat
1 4 310 -240 210 1 0 0 0 1 0 0 0 1 3623.dat
1 4 290 -240 370 1 0 0 0 1 0 0 0 1 3024.dat
1 4 320 -240 170 1 0 0 0 1 0 0 0 1 3023.dat
1 4 310 -240 190 1 0 0 0 1 0 0 0 1 3024.dat
1 4 310 -240 260 0 0 1 0 1 0 -1 0 0 3710.dat
1 4 320 -240 330 1 0 0 0 1 0 0 0 1 3023.dat
1 4 350 -240 150 1 0 0 0 1 0 0 0 1 3024.dat
1 4 350 -240 210 0 0 1 0 1 0 -1 0 0 3623.dat
1 4 360 -240 280 1 0 0 0 1 0 0 0 1 3022.dat
1 4 350 -240 310 1 0 0 0 1 0 0 0 1 3024.dat
1 4 350 -240 350 1 0 0 0 1 0 0 0 1 3024.dat
1 4 370 -240 230 0 0 1 0 1 0 -1 0 0 3623.dat
1 4 390 -240 250 1 0 0 0 1 0 0 0 1 3024.dat
1 25 130 -240 190 1 0 0 0 1 0 0 0 1 3024.dat
1 25 130 -240 310 1 0 0 0 1 0 0 0 1 3024.dat
1 25 150 -240 170 1 0 0 0 1 0 0 0 1 3024.dat
1 25 170 -240 350 1 0 0 0 1 0 0 0 1 3024.dat
1 25 190 -240 130 1 0 0 0 1 0 0 0 1 3024.dat
1 25 190 -240 370 1 0 0 0 1 0 0 0 1 3024.dat
1 25 310 -240 130 1 0 0 0 1 0 0 0 1 3024.dat
1 25 310 -240 370 1 0 0 0 1 0 0 0 1 3024.dat
1 25 330 -240 150 1 0 0 0 1 0 0 0 1 3024.dat
1 25 350 -240 330 1 0 0 0 1 0 0 0 1 3024.dat
1 25 370 -240 190 1 0 0 0 1 0 0 0 1 3024.dat
1 25 370 -240 310 1 0 0 0 1 0 0 0 1 3024.dat
1 4 110 -248 240 0 0 1 0 1 0 -1 0 0 3666.dat
1 4 180 -248 310 1 0 0 0 1 0 0 0 1 3460.dat
1 4 130 -248 180 0 0 1 0 1 0 -1 0 0 3023.dat
1 4 130 -248 250 1 0 0 0 1 0 0 0 1 3070b.dat
1 4 130 -248 330 1 0 0 0 1 0 0 0 1 3024.dat
1 4 150 -248 150 1 0 0 0 1 0 0 0 1 3024.dat
1 4 220 -248 210 1 0 0 0 1 0 0 0 1 3460.dat
1 4 150 -248 350 1 0 0 0 1 0 0 0 1 3024.dat
1 4 180 -248 130 1 0 0 0 1 0 0 0 1 3023.dat
1 4 180 -248 370 1 0 0 0 1 0 0 0 1 3023.dat
1 4 240 -248 110 1 0 0 0 1 0 0 0 1 3666.dat
1 4 240 -248 390 1 0 0 0 1 0 0 0 1 3666.dat
1 4 210 -248 170 0 0 1 0 1 0 -1 0 0 3623.dat
1 4 210 -248 250 0 0 1 0 1 0 -1 0 0 3623.dat
1 4 210 -248 290 1 0 0 0 1 0 0 0 1 3024.dat
1 4 210 -248 340 0 0 1 0 1 0 -1 0 0 3023.dat
1 4 250 -248 130 1 0 0 0 1 0 0 0 1 3070b.dat
1 4 250 -248 370 1 0 0 0 1 0 0 0 1 3070b.dat
1 4 320 -248 310 1 0 0 0 1 0 0 0 1 3666.dat
1 4 310 -248 180 0 0 1 0 1 0 -1 0 0 3460.dat
1 4 310 -248 280 0 0 1 0 1 0 -1 0 0 3023.dat
1 4 310 -248 360 0 0 1 0 1 0 -1 0 0 3710.dat
1 4 330 -248 130 1 0 0 0 1 0 0 0 1 3024.dat
1 4 340 -248 210 1 0 0 0 1 0 0 0 1 3023.dat
1 4 330 -248 370 1 0 0 0 1 0 0 0 1 3024.dat
1 4 350 -248 150 1 0 0 0 1 0 0 0 1 3024.dat
1 4 350 -248 350 1 0 0 0 1 0 0 0 1 3024.dat
1 4 370 -248 180 0 0 1 0 1 0 -1 0 0 3023.dat
1 4 380 -248 250 1 0 0 0 1 0 0 0 1 3023.dat
1 4 370 -248 330 1 0 0 0 1 0 0 0 1 3024.dat
1 4 390 -248 210 0 0 1 0 1 0 -1 0 0 3623.dat
1 4 390 -248 290 0 0 1 0 1 0 -1 0 0 3623.dat
1 25 130 -248 220 0 0 1 0 1 0 -1 0 0 3023.dat
1 25 130 -248 280 0 0 1 0 1 0 -1 0 0 3023.dat
1 25 150 -248 170 1 0 0 0 1 0 0 0 1 3070b.dat
1 25 170 -248 350 1 0 0 0 1 0 0 0 1 3070b.dat
1 25 220 -248 130 1 0 0 0 1 0 0 0 1 3023.dat
1 25 220 -248 370 1 0 0 0 1 0 0 0 1 3023.dat
1 25 280 -248 130 1 0 0 0 1 0 0 0 1 3023.dat
1 25 280 -248 370 1 0 0 0 1 0 0 0 1 3023.dat
1 25 330 -248 150 1 0 0 0 1 0 0 0 1 3070b.dat
1 25 350 -248 330 1 0 0 0 1 0 0 0 1 3070b.dat
1 25 370 -248 220 0 0 1 0 1 0 -1 0 0 3023.dat
1 25 370 -248 280 0 0 1 0 1 0 -1 0 0 3023.dat
1 4 100 -256 250 0 0 1 0 1 0 -1 0 0 3021.dat
1 4 110 -256 190 0 0 1 0 1 0 -1 0 0 3623.dat
1 4 110 -256 310 0 0 1 0 1 0 -1 0 0 3623.dat
1 4 140 -256 150 1 0 0 0 1 0 0 0 1 3023.dat
1 4 130 -256 170 1 0 0 0 1 0 0 0 1 3024.dat
1 4 130 -256 340 0 0 1 0 1 0 -1 0 0 3023.dat
1 4 160 -256 130 1 0 0 0 1 0 0 0 1 3023.dat
1 4 150 -256 360 0 0 1 0 1 0 -1 0 0 3023.dat
1 4 240 -256 110 1 0 0 0 1 0 0 0 1 3460.dat
1 4 240 -256 210 1 0 0 0 1 0 0 0 1 3460.dat
1 4 240 -256 310 1 0 0 0 1 0 0 0 1 3460.dat
1 4 170 -256 380 0 0 1 0 1 0 -1 0 0 3023.dat
1 4 260 -256 390 1 0 0 0 1 0 0 0 1 3460.dat
1 4 210 -256 180 0 0 1 0 1 0 -1 0 0 3023.dat
1 4 210 -256 260 0 0 1 0 1 0 -1 0 0 3710.dat
1 4 210 -256 330 1 0 0 0 1 0 0 0 1 3024.dat
1 4 250 -256 90 1 0 0 0 1 0 0 0 1 3623.dat
1 4 250 -256 410 1 0 0 0 1 0 0 0 1 3623.dat
1 4 310 -256 180 0 0 1 0 1 0 -1 0 0 3023.dat
1 4 310 -256 260 0 0 1 0 1 0 -1 0 0 3710.dat
1 4 310 -256 330 1 0 0 0 1 0 0 0 1 3024.dat
1 4 330 -256 120 0 0 1 0 1 0 -1 0 0 3023.dat
1 4 330 -256 210 1 0 0 0 1 0 0 0 1 3024.dat
1 4 330 -256 310 1 0 0 0 1 0 0 0 1 3024.dat
1 4 340 -256 370 1 0 0 0 1 0 0 0 1 3023.dat
1 4 350 -256 140 0 0 1 0 1 0 -1 0 0 3023.dat
1 4 360 -256 350 1 0 0 0 1 0 0 0 1 3023.dat
1 4 370 -256 160 0 0 1 0 1 0 -1 0 0 3023.dat
1 4 380 -256 330 1 0 0 0 1 0 0 0 1 3023.dat
1 4 390 -256 240 0 0 1 0 1 0 -1 0 0 3460.dat
1 4 410 -256 250 0 0 1 0 1 0 -1 0 0 3623.dat
1 25 130 -256 200 0 0 1 0 1 0 -1 0 0 3023.dat
1 25 130 -256 300 0 0 1 0 1 0 -1 0 0 3023.dat
1 25 150 -256 210 1 0 0 0 1 0 0 0 1 3024.dat
1 25 150 -256 310 1 0 0 0 1 0 0 0 1 3024.dat
1 25 200 -256 130 1 0 0 0 1 0 0 0 1 3023.dat
1 25 200 -256 370 1 0 0 0 1 0 0 0 1 3023.dat
1 25 210 -256 150 1 0 0 0 1 0 0 0 1 3024.dat
1 25 210 -256 350 1 0 0 0 1 0 0 0 1 3024.dat
1 25 300 -256 130 1 0 0 0 1 0 0 0 1 3023.dat
1 25 300 -256 370 1 0 0 0 1 0 0 0 1 3023.dat
1 25 310 -256 150 1 0 0 0 1 0 0 0 1 3024.dat
1 25 310 -256 350 1 0 0 0 1 0 0 0 1 3024.dat
1 25 360 -256 210 1 0 0 0 1 0 0 0 1 3023.dat
1 25 360 -256 310 1 0 0 0 1 0 0 0 1 3023.dat
1 25 370 -256 190 1 0 0 0 1 0 0 0 1 3070b.dat
1 25 370 -256 290 1 0 0 0 1 0 0 0 1 3070b.dat
1 4 90 -264 240 0 0 1 0 1 0 -1 0 0 3666.dat
1 4 100 -264 310 1 0 0 0 1 0 0 0 1 3023.dat
1 4 110 -264 180 0 0 1 0 1 0 -1 0 0 3710.dat
1 4 110 -264 230 1 0 0 0 1 0 0 0 1 3024.dat
1 4 110 -264 280 0 0 1 0 1 0 -1 0 0 3023.dat
1 4 120 -264 340 1 0 0 0 1 0 0 0 1 3022.dat
1 4 150 -264 130 1 0 0 0 1 0 0 0 1 3623.dat
1 4 130 -264 160 0 0 1 0 1 0 -1 0 0 3023.dat
1 4 150 -264 370 1 0 0 0 1 0 0 0 1 3623.dat
1 4 180 -264 110 1 0 0 0 1 0 0 0 1 3710.dat
1 4 180 -264 390 1 0 0 0 1 0 0 0 1 3710.dat
1 4 220 -264 210 1 0 0 0 1 0 0 0 1 3666.dat
1 4 240 -264 90 1 0 0 0 1 0 0 0 1 3666.dat
1 4 240 -264 310 1 0 0 0 1 0 0 0 1 3666.dat
1 4 240 -264 410 1 0 0 0 1 0 0 0 1 3666.dat
1 4 210 -264 170 1 0 0 0 1 0 0 0 1 3024.dat
1 4 210 -264 190 1 0 0 0 1 0 0 0 1 3024.dat
1 4 210 -264 250 0 0 1 0 1 0 -1 0 0 3623.dat
1 4 210 -264 290 1 0 0 0 1 0 0 0 1 3024.dat
1 4 210 -264 330 1 0 0 0 1 0 0 0 1 3024.dat
1 4 230 -264 110 1 0 0 0 1 0 0 0 1 3024.dat
1 4 230 -264 390 1 0 0 0 1 0 0 0 1 3024.dat
1 4 300 -264 110 1 0 0 0 1 0 0 0 1 3710.dat
1 4 300 -264 390 1 0 0 0 1 0 0 0 1 3710.dat
1 4 310 -264 210 1 0 0 0 1 0 0 0 1 3623.dat
1 4 310 -264 90 1 0 0 0 1 0 0 0 1 3024.dat
1 4 310 -264 190 1 0 0 0 1 0 0 0 1 3024.dat
1 4 310 -264 250 0 0 1 0 1 0 -1 0 0 3623.dat
1 4 310 -264 300 0 0 1 0 1 0 -1 0 0 3023.dat
1 4 310 -264 410 1 0 0 0 1 0 0 0 1 3024.dat
1 4 350 -264 130 1 0 0 0 1 0 0 0 1 3623.dat
1 4 350 -264 370 1 0 0 0 1 0 0 0 1 3623.dat
1 4 350 -264 110 1 0 0 0 1 0 0 0 1 3024.dat
1 4 350 -264 390 1 0 0 0 1 0 0 0 1 3024.dat
1 4 380 -264 160 1 0 0 0 1 0 0 0 1 3022.dat
1 4 380 -264 340 1 0 0 0 1 0 0 0 1 3022.dat
1 4 400 -264 210 0 0 1 0 1 0 -1 0 0 3021.dat
1 4 400 -264 290 0 0 1 0 1 0 -1 0 0 3021.dat
1 4 410 -264 250 1 0 0 0 1 0 0 0 1 3024.dat
1 25 110 -264 250 1 0 0 0 1 0 0 0 1 3024.dat
1 25 140 -264 210 1 0 0 0 1 0 0 0 1 3023.dat
1 25 150 -264 310 1 0 0 0 1 0 0 0 1 3623.dat
1 25 210 -264 140 0 0 1 0 1 0 -1 0 0 3023.dat
1 25 210 -264 360 0 0 1 0 1 0 -1 0 0 3023.dat
1 25 250 -264 110 1 0 0 0 1 0 0 0 1 3024.dat
1 25 250 -264 390 1 0 0 0 1 0 0 0 1 3070b.dat
1 25 310 -264 150 0 0 1 0 1 0 -1 0 0 3623.dat
1 25 310 -264 350 0 0 1 0 1 0 -1 0 0 3623.dat
1 25 350 -264 310 1 0 0 0 1 0 0 0 1 3623.dat
1 25 350 -264 210 1 0 0 0 1 0 0 0 1 3024.dat
1 25 370 -264 210 1 0 0 0 1 0 0 0 1 3024.dat
1 25 390 -264 250 1 0 0 0 1 0 0 0 1 3024.dat
1 4 90 -272 240 0 0 1 0 1 0 -1 0 0 3460.dat
1 4 100 -272 330 1 0 0 0 1 0 0 0 1 3023.dat
1 4 110 -272 170 0 0 1 0 1 0 -1 0 0 3623.dat
1 4 110 -272 210 1 0 0 0 1 0 0 0 1 3024.dat
1 4 110 -272 300 0 0 1 0 1 0 -1 0 0 3023.dat
1 4 120 -272 350 1 0 0 0 1 0 0 0 1 3023.dat
1 4 140 -272 130 1 0 0 0 1 0 0 0 1 3023.dat
1 4 130 -272 150 1 0 0 0 1 0 0 0 1 3070b.dat
1 4 140 -272 370 1 0 0 0 1 0 0 0 1 3023.dat
1 4 170 -272 110 1 0 0 0 1 0 0 0 1 3623.dat
1 4 170 -272 390 1 0 0 0 1 0 0 0 1 3623.dat
1 4 240 -272 90 1 0 0 0 1 0 0 0 1 3460.dat
1 4 240 -272 410 1 0 0 0 1 0 0 0 1 3460.dat
1 4 240 -272 210 1 0 0 0 1 0 0 0 1 3666.dat
1 4 210 -272 110 1 0 0 0 1 0 0 0 1 3024.dat
1 4 210 -272 190 1 0 0 0 1 0 0 0 1 3024.dat
1 4 210 -272 260 0 0 1 0 1 0 -1 0 0 3710.dat
1 4 240 -272 310 1 0 0 0 1 0 0 0 1 3710.dat
1 4 210 -272 390 1 0 0 0 1 0 0 0 1 3024.dat
1 4 250 -272 70 1 0 0 0 1 0 0 0 1 3024.dat
1 4 250 -272 430 1 0 0 0 1 0 0 0 1 3024.dat
1 4 320 -272 110 1 0 0 0 1 0 0 0 1 3710.dat
1 4 290 -272 310 1 0 0 0 1 0 0 0 1 3024.dat
1 4 320 -272 390 1 0 0 0 1 0 0 0 1 3710.dat
1 4 310 -272 240 0 0 1 0 1 0 -1 0 0 3710.dat
1 4 310 -272 290 1 0 0 0 1 0 0 0 1 3024.dat
1 4 330 -272 90 1 0 0 0 1 0 0 0 1 3024.dat
1 4 330 -272 410 1 0 0 0 1 0 0 0 1 3024.dat
1 4 360 -272 130 1 0 0 0 1 0 0 0 1 3023.dat
1 4 360 -272 370 1 0 0 0 1 0 0 0 1 3023.dat
1 4 380 -272 150 1 0 0 0 1 0 0 0 1 3023.dat
1 4 380 -272 350 1 0 0 0 1 0 0 0 1 3023.dat
1 4 400 -272 190 0 0 1 0 1 0 -1 0 0 3021.dat
1 4 400 -272 310 0 0 1 0 1 0 -1 0 0 3021.dat
1 4 410 -272 250 0 0 1 0 1 0 -1 0 0 3623.dat
1 25 110 -272 250 0 0 1 0 1 0 -1 0 0 3623.dat
1 25 150 -272 210 1 0 0 0 1 0 0 0 1 3623.dat
1 25 160 -272 310 1 0 0 0 1 0 0 0 1 3710.dat
1 25 210 -272 150 0 0 1 0 1 0 -1 0 0 3623.dat
1 25 210 -272 350 0 0 1 0 1 0 -1 0 0 3623.dat
1 25 250 -272 110 1 0 0 0 1 0 0 0 1 3623.dat
1 25 230 -272 390 1 0 0 0 1 0 0 0 1 3070b.dat
1 25 270 -272 390 1 0 0 0 1 0 0 0 1 3070b.dat
1 25 310 -272 160 0 0 1 0 1 0 -1 0 0 3710.dat
1 25 340 -272 310 1 0 0 0 1 0 0 0 1 3710.dat
1 25 310 -272 340 0 0 1 0 1 0 -1 0 0 3023.dat
1 25 310 -272 370 1 0 0 0 1 0 0 0 1 3024.dat
1 25 350 -272 210 1 0 0 0 1 0 0 0 1 3623.dat
1 25 390 -272 250 0 0 1 0 1 0 -1 0 0 63864.dat
1 4 80 -280 240 0 0 1 0 1 0 -1 0 0 3020.dat
1 4 80 -280 290 1 0 0 0 1 0 0 0 1 3023.dat
1 4 100 -280 170 0 0 1 0 1 0 -1 0 0 3021.dat
1 4 100 -280 330 0 0 1 0 1 0 -1 0 0 3021.dat
1 4 120 -280 130 1 0 0 0 1 0 0 0 1 3023.dat
1 4 120 -280 370 1 0 0 0 1 0 0 0 1 3023.dat
1 4 160 -280 110 1 0 0 0 1 0 0 0 1 3710.dat
1 4 160 -280 390 1 0 0 0 1 0 0 0 1 3710.dat
1 4 220 -280 90 1 0 0 0 1 0 0 0 1 3460.dat
1 4 220 -280 410 1 0 0 0 1 0 0 0 1 3460.dat
1 4 240 -280 70 1 0 0 0 1 0 0 0 1 3710.dat
1 4 240 -280 210 1 0 0 0 1 0 0 0 1 3710.dat
1 4 210 -280 250 0 0 1 0 1 0 -1 0 0 3623.dat
1 4 210 -280 290 1 0 0 0 1 0 0 0 1 3024.dat
1 4 240 -280 430 1 0 0 0 1 0 0 0 1 3710.dat
1 4 250 -280 310 1 0 0 0 1 0 0 0 1 3623.dat
1 4 290 -280 70 1 0 0 0 1 0 0 0 1 3024.dat
1 4 290 -280 210 1 0 0 0 1 0 0 0 1 3024.dat
1 4 290 -280 430 1 0 0 0 1 0 0 0 1 3024.dat
1 4 330 -280 100 1 0 0 0 1 0 0 0 1 3021.dat
1 4 310 -280 250 0 0 1 0 1 0 -1 0 0 3623.dat
1 4 330 -280 400 1 0 0 0 1 0 0 0 1 3021.dat
1 4 370 -280 120 0 0 1 0 1 0 -1 0 0 3023.dat
1 4 380 -280 370 1 0 0 0 1 0 0 0 1 3023.dat
1 4 370 -280 390 1 0 0 0 1 0 0 0 1 3024.dat
1 4 390 -280 160 0 0 1 0 1 0 -1 0 0 3710.dat
1 4 400 -280 330 0 0 1 0 1 0 -1 0 0 3021.dat
1 4 410 -280 220 0 0 1 0 1 0 -1 0 0 3460.dat
1 4 430 -280 240 0 0 1 0 1 0 -1 0 0 3710.dat
1 4 430 -280 290 1 0 0 0 1 0 0 0 1 3024.dat
1 25 140 -280 210 1 0 0 0 1 0 0 0 1 3710.dat
1 25 110 -280 260 0 0 1 0 1 0 -1 0 0 3710.dat
1 25 150 -280 310 1 0 0 0 1 0 0 0 1 3623.dat
1 25 190 -280 210 1 0 0 0 1 0 0 0 1 3024.dat
1 25 200 -280 310 1 0 0 0 1 0 0 0 1 3023.dat
1 25 240 -280 110 1 0 0 0 1 0 0 0 1 3710.dat
1 25 210 -280 160 0 0 1 0 1 0 -1 0 0 3710.dat
1 25 210 -280 360 0 0 1 0 1 0 -1 0 0 3710.dat
1 25 290 -280 110 1 0 0 0 1 0 0 0 1 3024.dat
1 25 320 -280 310 1 0 0 0 1 0 0 0 1 3710.dat
1 25 310 -280 150 0 0 1 0 1 0 -1 0 0 3623.dat
1 25 310 -280 200 0 0 1 0 1 0 -1 0 0 3023.dat
1 25 310 -280 290 1 0 0 0 1 0 0 0 1 3024.dat
1 25 310 -280 350 0 0 1 0 1 0 -1 0 0 3623.dat
1 25 360 -280 210 1 0 0 0 1 0 0 0 1 3710.dat
1 25 370 -280 310 1 0 0 0 1 0 0 0 1 3024.dat
1 4 80 -288 300 1 0 0 0 1 0 0 0 1 3022.dat
1 4 280 -288 420 1 0 0 0 1 0 0 0 1 3020.dat
1 4 390 -288 370 1 0 0 0 1 0 0 0 1 3024.dat
1 4 430 -288 280 0 0 1 0 1 0 -1 0 0 3710.dat
1 4 280 -288 90 1 0 0 0 1 0 0 0 1 3666.dat
1 4 370 -288 110 1 0 0 0 1 0 0 0 1 3024.dat
1 4 370 -288 380 0 0 1 0 1 0 -1 0 0 3023.dat
1 4 210 -288 420 1 0 0 0 1 0 0 0 1 3021.dat
1 4 410 -288 320 0 0 1 0 1 0 -1 0 0 3710.dat
1 4 110 -288 360 0 0 1 0 1 0 -1 0 0 3023.dat
1 4 210 -288 290 1 0 0 0 1 0 0 0 1 3024.dat
1 4 190 -288 110 1 0 0 0 1 0 0 0 1 3024.dat
1 4 160 -288 410 1 0 0 0 1 0 0 0 1 3023.dat
1 4 390 -288 150 0 0 1 0 1 0 -1 0 0 3623.dat
1 4 90 -288 250 0 0 1 0 1 0 -1 0 0 3623.dat
1 4 340 -288 400 1 0 0 0 1 0 0 0 1 3022.dat
1 4 300 -288 70 1 0 0 0 1 0 0 0 1 3023.dat
1 4 260 -288 210 1 0 0 0 1 0 0 0 1 3710.dat
1 4 210 -288 240 0 0 1 0 1 0 -1 0 0 3023.dat
1 4 100 -288 180 1 0 0 0 1 0 0 0 1 3022.dat
1 4 310 -288 390 1 0 0 0 1 0 0 0 1 3024.dat
1 4 330 -288 110 1 0 0 0 1 0 0 0 1 3623.dat
1 4 130 -288 380 0 0 1 0 1 0 -1 0 0 3023.dat
1 4 210 -288 210 1 0 0 0 1 0 0 0 1 3024.dat
1 4 430 -288 210 0 0 1 0 1 0 -1 0 0 3623.dat
1 4 410 -288 240 0 0 1 0 1 0 -1 0 0 3710.dat
1 4 110 -288 330 1 0 0 0 1 0 0 0 1 3024.dat
1 4 180 -288 90 1 0 0 0 1 0 0 0 1 3023.dat
1 4 100 -288 150 1 0 0 0 1 0 0 0 1 3023.dat
1 4 410 -288 190 1 0 0 0 1 0 0 0 1 3024.dat
1 4 70 -288 250 0 0 1 0 1 0 -1 0 0 3623.dat
1 4 350 -288 90 1 0 0 0 1 0 0 0 1 3024.dat
1 4 230 -288 70 1 0 0 0 1 0 0 0 1 3623.dat
1 4 270 -288 70 1 0 0 0 1 0 0 0 1 3024.dat
1 4 70 -288 200 0 0 1 0 1 0 -1 0 0 3023.dat
1 4 150 -288 100 0 0 1 0 1 0 -1 0 0 3023.dat
1 4 90 -288 210 1 0 0 0 1 0 0 0 1 3024.dat
1 4 410 -288 160 0 0 1 0 1 0 -1 0 0 3023.dat
1 4 130 -288 120 0 0 1 0 1 0 -1 0 0 3023.dat
1 4 210 -288 270 1 0 0 0 1 0 0 0 1 3024.dat
1 4 110 -288 310 1 0 0 0 1 0 0 0 1 3024.dat
1 4 90 -288 340 0 0 1 0 1 0 -1 0 0 3023.dat
1 4 190 -288 70 1 0 0 0 1 0 0 0 1 3024.dat
1 4 170 -288 390 1 0 0 0 1 0 0 0 1 3070b.dat
1 4 390 -288 330 0 0 1 0 1 0 -1 0 0 3623.dat
1 4 110 -288 130 1 0 0 0 1 0 0 0 1 3024.dat
1 4 150 -288 390 1 0 0 0 1 0 0 0 1 3024.dat
1 4 370 -288 130 1 0 0 0 1 0 0 0 1 3070b.dat
1 4 170 -288 110 1 0 0 0 1 0 0 0 1 3024.dat
1 25 110 -288 240 0 0 1 0 1 0 -1 0 0 3710.dat
1 25 110 -288 290 1 0 0 0 1 0 0 0 1 3024.dat
1 25 160 -288 210 1 0 0 0 1 0 0 0 1 3710.dat
1 25 200 -288 310 1 0 0 0 1 0 0 0 1 3460.dat
1 25 210 -288 140 0 0 1 0 1 0 -1 0 0 3710.dat
1 25 210 -288 190 1 0 0 0 1 0 0 0 1 3024.dat
1 25 210 -288 350 0 0 1 0 1 0 -1 0 0 3623.dat
1 25 210 -288 390 1 0 0 0 1 0 0 0 1 3024.dat
1 25 260 -288 110 1 0 0 0 1 0 0 0 1 3710.dat
1 25 310 -288 310 1 0 0 0 1 0 0 0 1 3623.dat
1 25 310 -288 200 0 0 1 0 1 0 -1 0 0 3460.dat
1 25 310 -288 290 1 0 0 0 1 0 0 0 1 3024.dat
1 25 310 -288 340 0 0 1 0 1 0 -1 0 0 3023.dat
1 25 310 -288 370 1 0 0 0 1 0 0 0 1 3024.dat
1 25 350 -288 210 1 0 0 0 1 0 0 0 1 3623.dat
1 25 360 -288 310 1 0 0 0 1 0 0 0 1 3023.dat
1 25 390 -288 210 1 0 0 0 1 0 0 0 1 3024.dat
1 4 80 -296 240 0 0 1 0 1 0 -1 0 0 3034.dat
1 4 90 -296 330 1 0 0 0 1 0 0 0 1 3623.dat
1 4 100 -296 140 1 0 0 0 1 0 0 0 1 3022.dat
1 4 100 -296 360 1 0 0 0 1 0 0 0 1 3022.dat
1 4 140 -296 110 1 0 0 0 1 0 0 0 1 3710.dat
1 4 110 -296 170 1 0 0 0 1 0 0 0 1 3024.dat
1 4 130 -296 390 1 0 0 0 1 0 0 0 1 3623.dat
1 4 160 -296 90 1 0 0 0 1 0 0 0 1 3710.dat
1 4 200 -296 410 1 0 0 0 1 0 0 0 1 3460.dat
1 4 240 -296 70 1 0 0 0 1 0 0 0 1 3460.dat
1 4 240 -296 430 1 0 0 0 1 0 0 0 1 3460.dat
1 4 210 -296 250 0 0 1 0 1 0 -1 0 0 3623.dat
1 4 250 -296 50 1 0 0 0 1 0 0 0 1 3623.dat
1 4 250 -296 210 1 0 0 0 1 0 0 0 1 3623.dat
1 4 250 -296 450 1 0 0 0 1 0 0 0 1 3623.dat
1 4 320 -296 90 1 0 0 0 1 0 0 0 1 3710.dat
1 4 320 -296 410 1 0 0 0 1 0 0 0 1 3710.dat
1 4 330 -296 70 1 0 0 0 1 0 0 0 1 3024.dat
1 4 360 -296 110 1 0 0 0 1 0 0 0 1 3710.dat
1 4 330 -296 430 1 0 0 0 1 0 0 0 1 3024.dat
1 4 370 -296 390 1 0 0 0 1 0 0 0 1 3623.dat
1 4 370 -296 90 1 0 0 0 1 0 0 0 1 3024.dat
1 4 370 -296 410 1 0 0 0 1 0 0 0 1 3024.dat
1 4 400 -296 140 1 0 0 0 1 0 0 0 1 3022.dat
1 4 400 -296 360 1 0 0 0 1 0 0 0 1 3022.dat
1 4 420 -296 240 0 0 1 0 1 0 -1 0 0 3034.dat
1 4 420 -296 330 1 0 0 0 1 0 0 0 1 3023.dat
1 25 110 -296 240 0 0 1 0 1 0 -1 0 0 3666.dat
1 25 180 -296 310 1 0 0 0 1 0 0 0 1 3460.dat
1 25 150 -296 210 1 0 0 0 1 0 0 0 1 3623.dat
1 25 240 -296 110 1 0 0 0 1 0 0 0 1 3666.dat
1 25 200 -296 210 1 0 0 0 1 0 0 0 1 3023.dat
1 25 210 -296 160 0 0 1 0 1 0 -1 0 0 3710.dat
1 25 210 -296 290 1 0 0 0 1 0 0 0 1 3024.dat
1 25 210 -296 360 0 0 1 0 1 0 -1 0 0 3710.dat
1 25 320 -296 310 1 0 0 0 1 0 0 0 1 3666.dat
1 25 340 -296 210 1 0 0 0 1 0 0 0 1 3666.dat
1 25 310 -296 140 0 0 1 0 1 0 -1 0 0 3710.dat
1 25 310 -296 190 1 0 0 0 1 0 0 0 1 3024.dat
1 25 310 -296 260 0 0 1 0 1 0 -1 0 0 3710.dat
1 25 310 -296 360 0 0 1 0 1 0 -1 0 0 3710.dat
1 25 390 -296 310 1 0 0 0 1 0 0 0 1 3024.dat
1 4 60 -304 240 0 0 1 0 1 0 -1 0 0 3020.dat
1 4 60 -304 290 1 0 0 0 1 0 0 0 1 3023.dat
1 4 90 -304 160 1 0 0 0 1 0 0 0 1 3021.dat
1 4 80 -304 190 1 0 0 0 1 0 0 0 1 3023.dat
1 4 80 -304 330 0 0 1 0 1 0 -1 0 0 3021.dat
1 4 100 -304 130 1 0 0 0 1 0 0 0 1 3023.dat
1 4 100 -304 370 1 0 0 0 1 0 0 0 1 3023.dat
1 4 130 -304 110 1 0 0 0 1 0 0 0 1 3623.dat
1 4 110 -304 340 0 0 1 0 1 0 -1 0 0 3023.dat
1 4 120 -304 390 1 0 0 0 1 0 0 0 1 3023.dat
1 4 150 -304 90 1 0 0 0 1 0 0 0 1 3623.dat
1 4 180 -304 410 1 0 0 0 1 0 0 0 1 3666.dat
1 4 220 -304 70 1 0 0 0 1 0 0 0 1 3460.dat
1 4 220 -304 430 1 0 0 0 1 0 0 0 1 3460.dat
1 4 170 -304 110 1 0 0 0 1 0 0 0 1 3024.dat
1 4 240 -304 50 1 0 0 0 1 0 0 0 1 3666.dat
1 4 240 -304 450 1 0 0 0 1 0 0 0 1 3666.dat
1 4 300 -304 410 1 0 0 0 1 0 0 0 1 3666.dat
1 4 310 -304 70 0 0 1 0 1 0 -1 0 0 3623.dat
1 4 330 -304 430 1 0 0 0 1 0 0 0 1 3623.dat
1 4 310 -304 450 1 0 0 0 1 0 0 0 1 3024.dat
1 4 340 -304 90 0 0 1 0 1 0 -1 0 0 3021.dat
1 4 370 -304 100 0 0 1 0 1 0 -1 0 0 3023.dat
1 4 380 -304 390 1 0 0 0 1 0 0 0 1 3023.dat
1 4 370 -304 410 1 0 0 0 1 0 0 0 1 3024.dat
1 4 390 -304 120 0 0 1 0 1 0 -1 0 0 3023.dat
1 4 400 -304 370 1 0 0 0 1 0 0 0 1 3023.dat
1 4 410 -304 200 0 0 1 0 1 0 -1 0 0 3460.dat
1 4 420 -304 320 0 0 1 0 1 0 -1 0 0 3020.dat
1 4 430 -304 200 0 0 1 0 1 0 -1 0 0 3666.dat
1 4 440 -304 270 1 0 0 0 1 0 0 0 1 3023.dat
1 4 450 -304 230 0 0 1 0 1 0 -1 0 0 3623.dat
1 4 450 -304 290 1 0 0 0 1 0 0 0 1 3024.dat
1 25 110 -304 220 0 0 1 0 1 0 -1 0 0 3710.dat
1 25 110 -304 290 0 0 1 0 1 0 -1 0 0 3623.dat
1 25 200 -304 210 1 0 0 0 1 0 0 0 1 3460.dat
1 25 200 -304 310 1 0 0 0 1 0 0 0 1 3460.dat
1 25 220 -304 110 1 0 0 0 1 0 0 0 1 3710.dat
1 25 210 -304 150 0 0 1 0 1 0 -1 0 0 3623.dat
1 25 210 -304 190 1 0 0 0 1 0 0 0 1 3024.dat
1 25 210 -304 260 0 0 1 0 1 0 -1 0 0 3710.dat
1 25 210 -304 350 0 0 1 0 1 0 -1 0 0 3623.dat
1 25 210 -304 390 1 0 0 0 1 0 0 0 1 3024.dat
1 25 290 -304 110 1 0 0 0 1 0 0 0 1 3623.dat
1 25 320 -304 210 1 0 0 0 1 0 0 0 1 3710.dat
1 25 340 -304 310 1 0 0 0 1 0 0 0 1 3666.dat
1 25 310 -304 160 0 0 1 0 1 0 -1 0 0 3710.dat
1 25 310 -304 250 0 0 1 0 1 0 -1 0 0 3623.dat
1 25 310 -304 290 1 0 0 0 1 0 0 0 1 3024.dat
1 25 310 -304 350 0 0 1 0 1 0 -1 0 0 3623.dat
1 25 310 -304 390 1 0 0 0 1 0 0 0 1 3024.dat
1 25 380 -304 210 1 0 0 0 1 0 0 0 1 3023.dat
1 4 60 -312 240 0 0 1 0 1 0 -1 0 0 3795.dat
1 4 70 -312 310 1 0 0 0 1 0 0 0 1 3623.dat
1 4 80 -312 160 1 0 0 0 1 0 0 0 1 3022.dat
1 4 80 -312 340 1 0 0 0 1 0 0 0 1 3022.dat
1 4 120 -312 110 1 0 0 0 1 0 0 0 1 3710.dat
1 4 90 -312 130 1 0 0 0 1 0 0 0 1 3024.dat
1 4 100 -312 380 1 0 0 0 1 0 0 0 1 3022.dat
1 4 140 -312 90 1 0 0 0 1 0 0 0 1 3710.dat
1 4 110 -312 140 0 0 1 0 1 0 -1 0 0 3023.dat
1 4 110 -312 350 1 0 0 0 1 0 0 0 1 3024.dat
1 4 160 -312 410 1 0 0 0 1 0 0 0 1 3666.dat
1 4 130 -312 390 1 0 0 0 1 0 0 0 1 3070b.dat
1 4 200 -312 70 1 0 0 0 1 0 0 0 1 3666.dat
1 4 200 -312 430 1 0 0 0 1 0 0 0 1 3666.dat
1 4 220 -312 50 1 0 0 0 1 0 0 0 1 3710.dat
1 4 220 -312 450 1 0 0 0 1 0 0 0 1 3710.dat
1 4 210 -312 90 1 0 0 0 1 0 0 0 1 3024.dat
1 4 230 -312 410 1 0 0 0 1 0 0 0 1 3024.dat
1 4 290 -312 60 1 0 0 0 1 0 0 0 1 3021.dat
1 4 300 -312 420 1 0 0 0 1 0 0 0 1 3020.dat
1 4 290 -312 450 1 0 0 0 1 0 0 0 1 3623.dat
1 4 340 -312 90 1 0 0 0 1 0 0 0 1 3710.dat
1 4 340 -312 70 1 0 0 0 1 0 0 0 1 3023.dat
1 4 380 -312 110 1 0 0 0 1 0 0 0 1 3710.dat
1 4 370 -312 410 1 0 0 0 1 0 0 0 1 3623.dat
1 4 350 -312 430 1 0 0 0 1 0 0 0 1 3024.dat
1 4 390 -312 390 1 0 0 0 1 0 0 0 1 3623.dat
1 4 390 -312 90 1 0 0 0 1 0 0 0 1 3024.dat
1 4 400 -312 130 1 0 0 0 1 0 0 0 1 3023.dat
1 4 390 -312 370 1 0 0 0 1 0 0 0 1 3070b.dat
1 4 420 -312 180 0 0 1 0 1 0 -1 0 0 3020.dat
1 4 430 -312 230 1 0 0 0 1 0 0 0 1 3623.dat
1 4 420 -312 300 0 0 1 0 1 0 -1 0 0 3020.dat
1 4 420 -312 350 1 0 0 0 1 0 0 0 1 3023.dat
1 4 410 -312 370 1 0 0 0 1 0 0 0 1 3024.dat
1 4 440 -312 250 1 0 0 0 1 0 0 0 1 3023.dat
1 4 450 -312 200 0 0 1 0 1 0 -1 0 0 3023.dat
1 4 450 -312 290 0 0 1 0 1 0 -1 0 0 3623.dat
1 25 110 -312 240 0 0 1 0 1 0 -1 0 0 3460.dat
1 25 110 -312 330 1 0 0 0 1 0 0 0 1 3024.dat
1 25 180 -312 210 1 0 0 0 1 0 0 0 1 3666.dat
1 25 180 -312 310 1 0 0 0 1 0 0 0 1 3666.dat
1 25 240 -312 110 1 0 0 0 1 0 0 0 1 3460.dat
1 25 210 -312 160 0 0 1 0 1 0 -1 0 0 3710.dat
1 25 210 -312 250 0 0 1 0 1 0 -1 0 0 3623.dat
1 25 210 -312 290 1 0 0 0 1 0 0 0 1 3024.dat
1 25 210 -312 360 0 0 1 0 1 0 -1 0 0 3710.dat
1 25 320 -312 210 1 0 0 0 1 0 0 0 1 3460.dat
1 25 320 -312 310 1 0 0 0 1 0 0 0 1 3460.dat
1 25 250 -312 410 1 0 0 0 1 0 0 0 1 3024.dat
1 25 310 -312 150 0 0 1 0 1 0 -1 0 0 3623.dat
1 25 310 -312 190 1 0 0 0 1 0 0 0 1 3024.dat
1 25 310 -312 260 0 0 1 0 1 0 -1 0 0 3710.dat
1 25 310 -312 360 0 0 1 0 1 0 -1 0 0 3710.dat
1 25 330 -312 110 1 0 0 0 1 0 0 0 1 3024.dat
1 25 410 -312 250 1 0 0 0 1 0 0 0 1 3024.dat
1 4 60 -320 240 0 0 1 0 1 0 -1 0 0 3034.dat
1 4 60 -320 330 1 0 0 0 1 0 0 0 1 3023.dat
1 4 90 -320 140 1 0 0 0 1 0 0 0 1 3021.dat
1 4 90 -320 370 1 0 0 0 1 0 0 0 1 3623.dat
1 4 200 -320 70 1 0 0 0 1 0 0 0 1 3460.dat
1 4 200 -320 430 1 0 0 0 1 0 0 0 1 3460.dat
1 4 240 -320 50 1 0 0 0 1 0 0 0 1 3460.dat
1 4 240 -320 450 1 0 0 0 1 0 0 0 1 3460.dat
1 4 330 -320 60 0 0 1 0 1 0 -1 0 0 3023.dat
1 4 330 -320 450 1 0 0 0 1 0 0 0 1 3024.dat
1 4 370 -320 90 0 0 1 0 1 0 -1 0 0 3623.dat
1 4 370 -320 430 1 0 0 0 1 0 0 0 1 3024.dat
1 4 430 -320 200 0 0 1 0 1 0 -1 0 0 3460.dat
1 4 430 -320 370 1 0 0 0 1 0 0 0 1 3024.dat
1 4 450 -320 240 0 0 1 0 1 0 -1 0 0 3460.dat
1 4 450 -320 330 1 0 0 0 1 0 0 0 1 3024.dat
1 4 90 -320 350 1 0 0 0 1 0 0 0 1 3623.dat
1 4 110 -320 110 1 0 0 0 1 0 0 0 1 3623.dat
1 4 100 -320 390 1 0 0 0 1 0 0 0 1 3023.dat
1 4 130 -320 90 1 0 0 0 1 0 0 0 1 3623.dat
1 4 140 -320 410 1 0 0 0 1 0 0 0 1 3710.dat
1 4 150 -320 110 1 0 0 0 1 0 0 0 1 3024.dat
1 4 200 -320 410 1 0 0 0 1 0 0 0 1 3023.dat
1 4 210 -320 90 1 0 0 0 1 0 0 0 1 3024.dat
1 4 300 -320 70 1 0 0 0 1 0 0 0 1 3023.dat
1 4 320 -320 420 1 0 0 0 1 0 0 0 1 3020.dat
1 4 350 -320 90 0 0 1 0 1 0 -1 0 0 3623.dat
1 4 380 -320 410 1 0 0 0 1 0 0 0 1 3023.dat
1 4 390 -320 100 0 0 1 0 1 0 -1 0 0 3023.dat
1 4 400 -320 390 1 0 0 0 1 0 0 0 1 3023.dat
1 4 410 -320 160 0 0 1 0 1 0 -1 0 0 3666.dat
1 4 420 -320 320 0 0 1 0 1 0 -1 0 0 3020.dat
1 4 410 -320 370 1 0 0 0 1 0 0 0 1 3024.dat
1 25 110 -320 220 0 0 1 0 1 0 -1 0 0 3666.dat
1 25 110 -320 310 0 0 1 0 1 0 -1 0 0 3623.dat
1 25 200 -320 210 1 0 0 0 1 0 0 0 1 3460.dat
1 25 200 -320 310 1 0 0 0 1 0 0 0 1 3460.dat
1 25 220 -320 110 1 0 0 0 1 0 0 0 1 3666.dat
1 25 210 -320 150 0 0 1 0 1 0 -1 0 0 3623.dat
1 25 210 -320 190 1 0 0 0 1 0 0 0 1 3024.dat
1 25 210 -320 260 0 0 1 0 1 0 -1 0 0 3710.dat
1 25 210 -320 350 0 0 1 0 1 0 -1 0 0 3623.dat
1 25 210 -320 390 1 0 0 0 1 0 0 0 1 3024.dat
1 25 250 -320 410 1 0 0 0 1 0 0 0 1 3623.dat
1 25 310 -320 110 1 0 0 0 1 0 0 0 1 3623.dat
1 25 340 -320 210 1 0 0 0 1 0 0 0 1 3666.dat
1 25 340 -320 310 1 0 0 0 1 0 0 0 1 3666.dat
1 25 310 -320 160 0 0 1 0 1 0 -1 0 0 3710.dat
1 25 310 -320 250 0 0 1 0 1 0 -1 0 0 3623.dat
1 25 310 -320 290 1 0 0 0 1 0 0 0 1 3024.dat
1 25 310 -320 350 0 0 1 0 1 0 -1 0 0 3623.dat
1 25 310 -320 390 1 0 0 0 1 0 0 0 1 3024.dat
1 25 410 -320 250 0 0 1 0 1 0 -1 0 0 3623.dat
1 4 60 -328 220 0 0 1 0 1 0 -1 0 0 3795.dat
1 4 60 -328 310 0 0 1 0 1 0 -1 0 0 3021.dat
1 4 80 -328 140 1 0 0 0 1 0 0 0 1 3022.dat
1 4 90 -328 360 1 0 0 0 1 0 0 0 1 3021.dat
1 4 120 -328 110 1 0 0 0 1 0 0 0 1 3710.dat
1 4 90 -328 390 1 0 0 0 1 0 0 0 1 3024.dat
1 4 120 -328 90 1 0 0 0 1 0 0 0 1 3023.dat
1 4 110 -328 140 0 0 1 0 1 0 -1 0 0 3023.dat
1 4 110 -328 400 0 0 1 0 1 0 -1 0 0 3023.dat
1 4 160 -328 70 1 0 0 0 1 0 0 0 1 3710.dat
1 4 160 -328 420 1 0 0 0 1 0 0 0 1 3020.dat
1 4 220 -328 50 1 0 0 0 1 0 0 0 1 3460.dat
1 4 220 -328 450 1 0 0 0 1 0 0 0 1 3460.dat
1 4 210 -328 70 1 0 0 0 1 0 0 0 1 3024.dat
1 4 210 -328 430 1 0 0 0 1 0 0 0 1 3024.dat
1 4 250 -328 30 1 0 0 0 1 0 0 0 1 3623.dat
1 4 250 -328 470 1 0 0 0 1 0 0 0 1 3623.dat
1 4 320 -328 70 1 0 0 0 1 0 0 0 1 3710.dat
1 4 320 -328 430 1 0 0 0 1 0 0 0 1 3710.dat
1 4 330 -328 50 1 0 0 0 1 0 0 0 1 3623.dat
1 4 340 -328 410 1 0 0 0 1 0 0 0 1 3710.dat
1 4 330 -328 450 1 0 0 0 1 0 0 0 1 3623.dat
1 4 380 -328 110 1 0 0 0 1 0 0 0 1 3710.dat
1 4 370 -328 80 0 0 1 0 1 0 -1 0 0 3023.dat
1 4 370 -328 430 1 0 0 0 1 0 0 0 1 3024.dat
1 4 390 -328 90 1 0 0 0 1 0 0 0 1 3024.dat
1 4 390 -328 400 0 0 1 0 1 0 -1 0 0 3023.dat
1 4 420 -328 160 0 0 1 0 1 0 -1 0 0 3020.dat
1 4 420 -328 340 0 0 1 0 1 0 -1 0 0 3020.dat
1 4 410 -328 390 1 0 0 0 1 0 0 0 1 3024.dat
1 4 440 -328 240 0 0 1 0 1 0 -1 0 0 3020.dat
1 4 440 -328 290 1 0 0 0 1 0 0 0 1 3023.dat
1 4 450 -328 180 0 0 1 0 1 0 -1 0 0 3023.dat
1 4 450 -328 320 0 0 1 0 1 0 -1 0 0 3023.dat
1 25 160 -328 210 1 0 0 0 1 0 0 0 1 3460.dat
1 25 110 -328 180 0 0 1 0 1 0 -1 0 0 3023.dat
1 25 110 -328 280 0 0 1 0 1 0 -1 0 0 3666.dat
1 25 180 -328 310 1 0 0 0 1 0 0 0 1 3666.dat
1 25 240 -328 110 1 0 0 0 1 0 0 0 1 3460.dat
1 25 210 -328 160 0 0 1 0 1 0 -1 0 0 3710.dat
1 25 210 -328 250 0 0 1 0 1 0 -1 0 0 3623.dat
1 25 210 -328 290 1 0 0 0 1 0 0 0 1 3024.dat
1 25 210 -328 360 0 0 1 0 1 0 -1 0 0 3710.dat
1 25 240 -328 410 1 0 0 0 1 0 0 0 1 3710.dat
1 25 320 -328 210 1 0 0 0 1 0 0 0 1 3460.dat
1 25 320 -328 310 1 0 0 0 1 0 0 0 1 3460.dat
1 25 290 -328 410 1 0 0 0 1 0 0 0 1 3024.dat
1 25 310 -328 150 0 0 1 0 1 0 -1 0 0 3623.dat
1 25 310 -328 190 1 0 0 0 1 0 0 0 1 3024.dat
1 25 310 -328 260 0 0 1 0 1 0 -1 0 0 3710.dat
1 25 310 -328 360 0 0 1 0 1 0 -1 0 0 3710.dat
1 25 330 -328 110 1 0 0 0 1 0 0 0 1 3024.dat
1 25 410 -328 240 0 0 1 0 1 0 -1 0 0 3710.dat
1 25 410 -328 290 1 0 0 0 1 0 0 0 1 3024.dat
1 4 40 -336 240 0 0 1 0 1 0 -1 0 0 3020.dat
1 4 40 -336 290 1 0 0 0 1 0 0 0 1 3023.dat
1 4 60 -336 170 0 0 1 0 1 0 -1 0 0 3021.dat
1 4 60 -336 330 0 0 1 0 1 0 -1 0 0 3021.dat
1 4 90 -336 120 1 0 0 0 1 0 0 0 1 3021.dat
1 4 90 -336 380 1 0 0 0 1 0 0 0 1 3021.dat
1 4 110 -336 90 1 0 0 0 1 0 0 0 1 3623.dat
1 4 140 -336 410 1 0 0 0 1 0 0 0 1 3666.dat
1 4 160 -336 70 1 0 0 0 1 0 0 0 1 3666.dat
1 4 110 -336 150 1 0 0 0 1 0 0 0 1 3024.dat
1 4 110 -336 350 1 0 0 0 1 0 0 0 1 3024.dat
1 4 160 -336 430 1 0 0 0 1 0 0 0 1 3666.dat
1 4 140 -336 110 1 0 0 0 1 0 0 0 1 3023.dat
1 4 200 -336 50 1 0 0 0 1 0 0 0 1 3666.dat
1 4 200 -336 450 1 0 0 0 1 0 0 0 1 3666.dat
1 4 240 -336 30 1 0 0 0 1 0 0 0 1 3710.dat
1 4 240 -336 470 1 0 0 0 1 0 0 0 1 3710.dat
1 4 300 -336 50 1 0 0 0 1 0 0 0 1 3710.dat
1 4 300 -336 450 1 0 0 0 1 0 0 0 1 3710.dat
1 4 290 -336 30 1 0 0 0 1 0 0 0 1 3024.dat
1 4 290 -336 470 1 0 0 0 1 0 0 0 1 3024.dat
1 4 340 -336 70 1 0 0 0 1 0 0 0 1 3710.dat
1 4 340 -336 420 1 0 0 0 1 0 0 0 1 3020.dat
1 4 350 -336 50 1 0 0 0 1 0 0 0 1 3024.dat
1 4 370 -336 110 1 0 0 0 1 0 0 0 1 3623.dat
1 4 350 -336 450 1 0 0 0 1 0 0 0 1 3024.dat
1 4 390 -336 90 1 0 0 0 1 0 0 0 1 3623.dat
1 4 390 -336 70 1 0 0 0 1 0 0 0 1 3024.dat
1 4 400 -336 410 1 0 0 0 1 0 0 0 1 3023.dat
1 4 390 -336 430 1 0 0 0 1 0 0 0 1 3024.dat
1 4 420 -336 140 0 0 1 0 1 0 -1 0 0 3020.dat
1 4 430 -336 190 1 0 0 0 1 0 0 0 1 3623.dat
1 4 430 -336 320 1 0 0 0 1 0 0 0 1 3021.dat
1 4 420 -336 370 0 0 1 0 1 0 -1 0 0 3021.dat
1 4 450 -336 210 1 0 0 0 1 0 0 0 1 3623.dat
1 4 450 -336 160 0 0 1 0 1 0 -1 0 0 3023.dat
1 4 460 -336 260 0 0 1 0 1 0 -1 0 0 3020.dat
1 4 450 -336 350 1 0 0 0 1 0 0 0 1 3024.dat
1 25 140 -336 210 1 0 0 0 1 0 0 0 1 3666.dat
1 25 110 -336 170 1 0 0 0 1 0 0 0 1 3024.dat
1 25 110 -336 190 1 0 0 0 1 0 0 0 1 3024.dat
1 25 110 -336 260 0 0 1 0 1 0 -1 0 0 3710.dat
1 25 180 -336 310 1 0 0 0 1 0 0 0 1 3460.dat
1 25 110 -336 330 1 0 0 0 1 0 0 0 1 3024.dat
1 25 220 -336 110 1 0 0 0 1 0 0 0 1 3666.dat
1 25 210 -336 200 0 0 1 0 1 0 -1 0 0 3460.dat
1 25 210 -336 290 1 0 0 0 1 0 0 0 1 3024.dat
1 25 210 -336 350 0 0 1 0 1 0 -1 0 0 3623.dat
1 25 210 -336 400 0 0 1 0 1 0 -1 0 0 3023.dat
1 25 300 -336 210 1 0 0 0 1 0 0 0 1 3460.dat
1 25 260 -336 410 1 0 0 0 1 0 0 0 1 3710.dat
1 25 320 -336 310 1 0 0 0 1 0 0 0 1 3666.dat
1 25 310 -336 110 1 0 0 0 1 0 0 0 1 3623.dat
1 25 310 -336 160 0 0 1 0 1 0 -1 0 0 3710.dat
1 25 310 -336 250 0 0 1 0 1 0 -1 0 0 3623.dat
1 25 310 -336 290 1 0 0 0 1 0 0 0 1 3024.dat
1 25 310 -336 350 0 0 1 0 1 0 -1 0 0 3623.dat
1 25 310 -336 390 1 0 0 0 1 0 0 0 1 3024.dat
1 25 400 -336 210 1 0 0 0 1 0 0 0 1 3023.dat
1 25 390 -336 310 1 0 0 0 1 0 0 0 1 3024.dat
1 25 410 -336 260 0 0 1 0 1 0 -1 0 0 3710.dat
1 4 40 -344 240 0 0 1 0 1 0 -1 0 0 3795.dat
1 4 50 -344 310 1 0 0 0 1 0 0 0 1 3623.dat
1 4 60 -344 160 1 0 0 0 1 0 0 0 1 3022.dat
1 4 60 -344 340 1 0 0 0 1 0 0 0 1 3022.dat
1 4 100 -344 110 1 0 0 0 1 0 0 0 1 3710.dat
1 4 90 -344 130 1 0 0 0 1 0 0 0 1 3623.dat
1 4 80 -344 380 1 0 0 0 1 0 0 0 1 3022.dat
1 4 100 -344 90 1 0 0 0 1 0 0 0 1 3023.dat
1 4 120 -344 410 1 0 0 0 1 0 0 0 1 3710.dat
1 4 140 -344 70 1 0 0 0 1 0 0 0 1 3710.dat
1 4 110 -344 150 1 0 0 0 1 0 0 0 1 3024.dat
1 4 110 -344 370 0 0 1 0 1 0 -1 0 0 3623.dat
1 4 140 -344 430 1 0 0 0 1 0 0 0 1 3710.dat
1 4 130 -344 90 1 0 0 0 1 0 0 0 1 3070b.dat
1 4 220 -344 50 1 0 0 0 1 0 0 0 1 3460.dat
1 4 150 -344 110 1 0 0 0 1 0 0 0 1 3024.dat
1 4 220 -344 450 1 0 0 0 1 0 0 0 1 3460.dat
1 4 170 -344 410 1 0 0 0 1 0 0 0 1 3024.dat
1 4 240 -344 30 1 0 0 0 1 0 0 0 1 3666.dat
1 4 240 -344 470 1 0 0 0 1 0 0 0 1 3666.dat
1 4 310 -344 50 0 0 1 0 1 0 -1 0 0 3623.dat
1 4 330 -344 440 1 0 0 0 1 0 0 0 1 3021.dat
1 4 310 -344 470 1 0 0 0 1 0 0 0 1 3024.dat
1 4 340 -344 60 1 0 0 0 1 0 0 0 1 3022.dat
1 4 360 -344 410 1 0 0 0 1 0 0 0 1 3710.dat
1 4 380 -344 110 1 0 0 0 1 0 0 0 1 3710.dat
1 4 380 -344 80 1 0 0 0 1 0 0 0 1 3022.dat
1 4 380 -344 430 1 0 0 0 1 0 0 0 1 3023.dat
1 4 410 -344 90 1 0 0 0 1 0 0 0 1 3024.dat
1 4 420 -344 150 0 0 1 0 1 0 -1 0 0 3021.dat
1 4 420 -344 360 0 0 1 0 1 0 -1 0 0 3020.dat
1 4 410 -344 410 1 0 0 0 1 0 0 0 1 3024.dat
1 4 430 -344 110 1 0 0 0 1 0 0 0 1 3024.dat
1 4 440 -344 210 1 0 0 0 1 0 0 0 1 3023.dat
1 4 450 -344 310 1 0 0 0 1 0 0 0 1 3623.dat
1 4 450 -344 170 0 0 1 0 1 0 -1 0 0 3623.dat
1 4 460 -344 250 0 0 1 0 1 0 -1 0 0 3021.dat
1 4 460 -344 290 1 0 0 0 1 0 0 0 1 3023.dat
1 4 450 -344 340 0 0 1 0 1 0 -1 0 0 3023.dat
1 4 470 -344 200 0 0 1 0 1 0 -1 0 0 3023.dat
1 25 160 -344 210 1 0 0 0 1 0 0 0 1 3460.dat
1 25 160 -344 310 1 0 0 0 1 0 0 0 1 3460.dat
1 25 110 -344 180 0 0 1 0 1 0 -1 0 0 3023.dat
1 25 110 -344 250 0 0 1 0 1 0 -1 0 0 3623.dat
1 25 110 -344 290 1 0 0 0 1 0 0 0 1 3024.dat
1 25 110 -344 330 1 0 0 0 1 0 0 0 1 3024.dat
1 25 240 -344 110 1 0 0 0 1 0 0 0 1 3460.dat
1 25 240 -344 410 1 0 0 0 1 0 0 0 1 3666.dat
1 25 210 -344 160 0 0 1 0 1 0 -1 0 0 3710.dat
1 25 210 -344 260 0 0 1 0 1 0 -1 0 0 3710.dat
1 25 210 -344 360 0 0 1 0 1 0 -1 0 0 3710.dat
1 25 320 -344 210 1 0 0 0 1 0 0 0 1 3460.dat
1 25 320 -344 310 1 0 0 0 1 0 0 0 1 3460.dat
1 25 310 -344 90 1 0 0 0 1 0 0 0 1 3024.dat
1 25 310 -344 150 0 0 1 0 1 0 -1 0 0 3623.dat
1 25 310 -344 190 1 0 0 0 1 0 0 0 1 3024.dat
1 25 310 -344 260 0 0 1 0 1 0 -1 0 0 3710.dat
1 25 310 -344 360 0 0 1 0 1 0 -1 0 0 3710.dat
1 25 310 -344 410 1 0 0 0 1 0 0 0 1 3024.dat
1 25 330 -344 110 1 0 0 0 1 0 0 0 1 3024.dat
1 25 410 -344 240 0 0 1 0 1 0 -1 0 0 3666.dat
1 25 410 -344 310 1 0 0 0 1 0 0 0 1 3024.dat
1 4 40 -352 240 0 0 1 0 1 0 -1 0 0 3034.dat
1 4 40 -352 330 1 0 0 0 1 0 0 0 1 3023.dat
1 4 60 -352 140 1 0 0 0 1 0 0 0 1 3022.dat
1 4 60 -352 360 1 0 0 0 1 0 0 0 1 3022.dat
1 4 90 -352 110 1 0 0 0 1 0 0 0 1 3623.dat
1 4 90 -352 390 1 0 0 0 1 0 0 0 1 3623.dat
1 4 90 -352 90 1 0 0 0 1 0 0 0 1 3024.dat
1 4 110 -352 410 1 0 0 0 1 0 0 0 1 3623.dat
1 4 130 -352 70 1 0 0 0 1 0 0 0 1 3623.dat
1 4 110 -352 90 1 0 0 0 1 0 0 0 1 3024.dat
1 4 110 -352 370 1 0 0 0 1 0 0 0 1 3024.dat
1 4 130 -352 430 1 0 0 0 1 0 0 0 1 3623.dat
1 4 200 -352 50 1 0 0 0 1 0 0 0 1 3460.dat
1 4 130 -352 110 1 0 0 0 1 0 0 0 1 3024.dat
1 4 200 -352 450 1 0 0 0 1 0 0 0 1 3460.dat
1 4 160 -352 410 1 0 0 0 1 0 0 0 1 3023.dat
1 4 240 -352 30 1 0 0 0 1 0 0 0 1 3460.dat
1 4 240 -352 470 1 0 0 0 1 0 0 0 1 3460.dat
1 4 320 -352 50 1 0 0 0 1 0 0 0 1 3710.dat
1 4 320 -352 450 1 0 0 0 1 0 0 0 1 3710.dat
1 4 330 -352 30 1 0 0 0 1 0 0 0 1 3024.dat
1 4 350 -352 410 1 0 0 0 1 0 0 0 1 3623.dat
1 4 330 -352 470 1 0 0 0 1 0 0 0 1 3024.dat
1 4 370 -352 70 1 0 0 0 1 0 0 0 1 3623.dat
1 4 370 -352 430 1 0 0 0 1 0 0 0 1 3623.dat
1 4 400 -352 110 1 0 0 0 1 0 0 0 1 3710.dat
1 4 400 -352 90 1 0 0 0 1 0 0 0 1 3023.dat
1 4 400 -352 410 1 0 0 0 1 0 0 0 1 3023.dat
1 4 430 -352 140 1 0 0 0 1 0 0 0 1 3021.dat
1 4 410 -352 360 0 0 1 0 1 0 -1 0 0 3710.dat
1 4 450 -352 210 1 0 0 0 1 0 0 0 1 3623.dat
1 4 440 -352 310 1 0 0 0 1 0 0 0 1 3023.dat
1 4 440 -352 360 1 0 0 0 1 0 0 0 1 3022.dat
1 4 430 -352 390 1 0 0 0 1 0 0 0 1 3024.dat
1 4 460 -352 180 1 0 0 0 1 0 0 0 1 3022.dat
1 4 460 -352 260 0 0 1 0 1 0 -1 0 0 3020.dat
1 4 460 -352 330 1 0 0 0 1 0 0 0 1 3023.dat
1 4 470 -352 310 1 0 0 0 1 0 0 0 1 3024.dat
1 25 140 -352 210 1 0 0 0 1 0 0 0 1 3666.dat
1 25 140 -352 310 1 0 0 0 1 0 0 0 1 3666.dat
1 25 110 -352 170 0 0 1 0 1 0 -1 0 0 3623.dat
1 25 110 -352 260 0 0 1 0 1 0 -1 0 0 3710.dat
1 25 110 -352 340 0 0 1 0 1 0 -1 0 0 3023.dat
1 25 220 -352 110 1 0 0 0 1 0 0 0 1 3460.dat
1 25 220 -352 410 1 0 0 0 1 0 0 0 1 3710.dat
1 25 210 -352 200 0 0 1 0 1 0 -1 0 0 3460.dat
1 25 210 -352 340 0 0 1 0 1 0 -1 0 0 3666.dat
1 25 300 -352 210 1 0 0 0 1 0 0 0 1 3460.dat
1 25 300 -352 310 1 0 0 0 1 0 0 0 1 3460.dat
1 25 290 -352 410 1 0 0 0 1 0 0 0 1 3623.dat
1 25 310 -352 140 0 0 1 0 1 0 -1 0 0 3666.dat
1 25 310 -352 250 0 0 1 0 1 0 -1 0 0 3623.dat
1 25 310 -352 290 1 0 0 0 1 0 0 0 1 3024.dat
1 25 310 -352 350 0 0 1 0 1 0 -1 0 0 3623.dat
1 25 310 -352 390 1 0 0 0 1 0 0 0 1 3024.dat
1 25 340 -352 110 1 0 0 0 1 0 0 0 1 3023.dat
1 25 400 -352 210 1 0 0 0 1 0 0 0 1 3023.dat
1 25 400 -352 310 1 0 0 0 1 0 0 0 1 3023.dat
1 25 410 -352 190 1 0 0 0 1 0 0 0 1 3024.dat
1 25 410 -352 260 0 0 1 0 1 0 -1 0 0 3710.dat
1 4 40 -360 220 0 0 1 0 1 0 -1 0 0 3795.dat
1 4 40 -360 310 0 0 1 0 1 0 -1 0 0 3021.dat
1 4 60 -360 130 1 0 0 0 1 0 0 0 1 3023.dat
1 4 60 -360 150 1 0 0 0 1 0 0 0 1 3023.dat
1 4 60 -360 350 1 0 0 0 1 0 0 0 1 3023.dat
1 4 60 -360 370 1 0 0 0 1 0 0 0 1 3023.dat
1 4 100 -360 110 1 0 0 0 1 0 0 0 1 3710.dat
1 4 80 -360 390 1 0 0 0 1 0 0 0 1 3023.dat
1 4 100 -360 90 1 0 0 0 1 0 0 0 1 3023.dat
1 4 120 -360 410 1 0 0 0 1 0 0 0 1 3710.dat
1 4 120 -360 70 1 0 0 0 1 0 0 0 1 3023.dat
1 4 110 -360 380 0 0 1 0 1 0 -1 0 0 3023.dat
1 4 120 -360 430 1 0 0 0 1 0 0 0 1 3023.dat
1 4 180 -360 50 1 0 0 0 1 0 0 0 1 3666.dat
1 4 180 -360 450 1 0 0 0 1 0 0 0 1 3666.dat
1 4 150 -360 70 1 0 0 0 1 0 0 0 1 3024.dat
1 4 150 -360 430 1 0 0 0 1 0 0 0 1 3024.dat
1 4 220 -360 30 1 0 0 0 1 0 0 0 1 3666.dat
1 4 170 -360 410 1 0 0 0 1 0 0 0 1 3024.dat
1 4 220 -360 470 1 0 0 0 1 0 0 0 1 3666.dat
1 4 300 -360 50 1 0 0 0 1 0 0 0 1 3666.dat
1 4 300 -360 450 1 0 0 0 1 0 0 0 1 3666.dat
1 4 310 -360 30 1 0 0 0 1 0 0 0 1 3623.dat
1 4 310 -360 470 1 0 0 0 1 0 0 0 1 3623.dat
1 4 360 -360 410 1 0 0 0 1 0 0 0 1 3710.dat
1 4 360 -360 70 1 0 0 0 1 0 0 0 1 3023.dat
1 4 360 -360 430 1 0 0 0 1 0 0 0 1 3023.dat
1 4 390 -360 110 1 0 0 0 1 0 0 0 1 3623.dat
1 4 390 -360 80 0 0 1 0 1 0 -1 0 0 3023.dat
1 4 390 -360 430 1 0 0 0 1 0 0 0 1 3024.dat
1 4 410 -360 90 1 0 0 0 1 0 0 0 1 3024.dat
1 4 420 -360 140 1 0 0 0 1 0 0 0 1 3022.dat
1 4 410 -360 350 0 0 1 0 1 0 -1 0 0 3623.dat
1 4 420 -360 390 1 0 0 0 1 0 0 0 1 3023.dat
1 4 410 -360 410 1 0 0 0 1 0 0 0 1 3024.dat
1 4 430 -360 110 1 0 0 0 1 0 0 0 1 3024.dat
1 4 440 -360 210 1 0 0 0 1 0 0 0 1 3023.dat
1 4 450 -360 310 1 0 0 0 1 0 0 0 1 3623.dat
1 4 440 -360 350 1 0 0 0 1 0 0 0 1 3023.dat
1 4 440 -360 370 1 0 0 0 1 0 0 0 1 3023.dat
1 4 450 -360 160 0 0 1 0 1 0 -1 0 0 3710.dat
1 4 460 -360 250 0 0 1 0 1 0 -1 0 0 3021.dat
1 4 460 -360 290 1 0 0 0 1 0 0 0 1 3023.dat
1 4 450 -360 330 1 0 0 0 1 0 0 0 1 3024.dat
1 4 470 -360 190 0 0 1 0 1 0 -1 0 0 3623.dat
1 4 470 -360 330 1 0 0 0 1 0 0 0 1 3024.dat
1 25 160 -360 210 1 0 0 0 1 0 0 0 1 3460.dat
1 25 160 -360 310 1 0 0 0 1 0 0 0 1 3460.dat
1 25 110 -360 160 0 0 1 0 1 0 -1 0 0 3023.dat
1 25 110 -360 190 1 0 0 0 1 0 0 0 1 3024.dat
1 25 110 -360 250 0 0 1 0 1 0 -1 0 0 3623.dat
1 25 110 -360 290 1 0 0 0 1 0 0 0 1 3024.dat
1 25 110 -360 330 1 0 0 0 1 0 0 0 1 3024.dat
1 25 110 -360 350 1 0 0 0 1 0 0 0 1 3024.dat
1 25 200 -360 110 1 0 0 0 1 0 0 0 1 3666.dat
1 25 240 -360 410 1 0 0 0 1 0 0 0 1 3666.dat
1 25 210 -360 160 0 0 1 0 1 0 -1 0 0 3710.dat
1 25 210 -360 260 0 0 1 0 1 0 -1 0 0 3710.dat
1 25 210 -360 360 0 0 1 0 1 0 -1 0 0 3710.dat
1 25 320 -360 210 1 0 0 0 1 0 0 0 1 3460.dat
1 25 320 -360 310 1 0 0 0 1 0 0 0 1 3460.dat
1 25 300 -360 110 1 0 0 0 1 0 0 0 1 3710.dat
1 25 310 -360 90 1 0 0 0 1 0 0 0 1 3024.dat
1 25 310 -360 160 0 0 1 0 1 0 -1 0 0 3710.dat
1 25 310 -360 260 0 0 1 0 1 0 -1 0 0 3710.dat
1 25 310 -360 360 0 0 1 0 1 0 -1 0 0 3710.dat
1 25 310 -360 410 1 0 0 0 1 0 0 0 1 3024.dat
1 25 350 -360 110 1 0 0 0 1 0 0 0 1 3024.dat
1 25 410 -360 240 0 0 1 0 1 0 -1 0 0 3666.dat
1 25 410 -360 310 1 0 0 0 1 0 0 0 1 3024.dat
1 4 40 -368 240 0 0 1 0 1 0 -1 0 0 3034.dat
1 4 40 -368 330 1 0 0 0 1 0 0 0 1 3023.dat
1 4 60 -368 140 1 0 0 0 1 0 0 0 1 3022.dat
1 4 60 -368 360 1 0 0 0 1 0 0 0 1 3022.dat
1 4 90 -368 100 1 0 0 0 1 0 0 0 1 3021.dat
1 4 90 -368 400 1 0 0 0 1 0 0 0 1 3021.dat
1 4 120 -368 70 1 0 0 0 1 0 0 0 1 3710.dat
1 4 120 -368 430 1 0 0 0 1 0 0 0 1 3710.dat
1 4 110 -368 370 1 0 0 0 1 0 0 0 1 3024.dat
1 4 200 -368 50 1 0 0 0 1 0 0 0 1 3460.dat
1 4 150 -368 410 1 0 0 0 1 0 0 0 1 3623.dat
1 4 200 -368 450 1 0 0 0 1 0 0 0 1 3460.dat
1 4 240 -368 30 1 0 0 0 1 0 0 0 1 3460.dat
1 4 240 -368 470 1 0 0 0 1 0 0 0 1 3460.dat
1 4 210 -368 70 1 0 0 0 1 0 0 0 1 3024.dat
1 4 210 -368 430 1 0 0 0 1 0 0 0 1 3024.dat
1 4 320 -368 50 1 0 0 0 1 0 0 0 1 3710.dat
1 4 320 -368 450 1 0 0 0 1 0 0 0 1 3710.dat
1 4 330 -368 30 1 0 0 0 1 0 0 0 1 3024.dat
1 4 380 -368 410 1 0 0 0 1 0 0 0 1 3666.dat
1 4 330 -368 470 1 0 0 0 1 0 0 0 1 3024.dat
1 4 380 -368 70 1 0 0 0 1 0 0 0 1 3710.dat
1 4 380 -368 430 1 0 0 0 1 0 0 0 1 3710.dat
1 4 400 -368 110 1 0 0 0 1 0 0 0 1 3710.dat
1 4 410 -368 90 1 0 0 0 1 0 0 0 1 3623.dat
1 4 430 -368 140 1 0 0 0 1 0 0 0 1 3021.dat
1 4 410 -368 360 0 0 1 0 1 0 -1 0 0 3710.dat
1 4 450 -368 210 1 0 0 0 1 0 0 0 1 3623.dat
1 4 440 -368 310 1 0 0 0 1 0 0 0 1 3023.dat
1 4 440 -368 360 1 0 0 0 1 0 0 0 1 3022.dat
1 4 430 -368 390 1 0 0 0 1 0 0 0 1 3024.dat
1 4 460 -368 180 1 0 0 0 1 0 0 0 1 3022.dat
1 4 460 -368 260 0 0 1 0 1 0 -1 0 0 3020.dat
1 4 460 -368 330 1 0 0 0 1 0 0 0 1 3023.dat
1 4 470 -368 310 1 0 0 0 1 0 0 0 1 3024.dat
1 25 140 -368 210 1 0 0 0 1 0 0 0 1 3666.dat
1 25 140 -368 310 1 0 0 0 1 0 0 0 1 3666.dat
1 25 110 -368 170 0 0 1 0 1 0 -1 0 0 3623.dat
1 25 110 -368 260 0 0 1 0 1 0 -1 0 0 3710.dat
1 25 110 -368 340 0 0 1 0 1 0 -1 0 0 3023.dat
1 25 220 -368 110 1 0 0 0 1 0 0 0 1 3460.dat
1 25 220 -368 410 1 0 0 0 1 0 0 0 1 3710.dat
1 25 210 -368 200 0 0 1 0 1 0 -1 0 0 3460.dat
1 25 210 -368 340 0 0 1 0 1 0 -1 0 0 3666.dat
1 25 300 -368 210 1 0 0 0 1 0 0 0 1 3460.dat
1 25 300 -368 310 1 0 0 0 1 0 0 0 1 3460.dat
1 25 290 -368 410 1 0 0 0 1 0 0 0 1 3623.dat
1 25 310 -368 140 0 0 1 0 1 0 -1 0 0 3666.dat
1 25 310 -368 250 0 0 1 0 1 0 -1 0 0 3623.dat
1 25 310 -368 290 1 0 0 0 1 0 0 0 1 3024.dat
1 25 310 -368 350 0 0 1 0 1 0 -1 0 0 3623.dat
1 25 310 -368 390 1 0 0 0 1 0 0 0 1 3024.dat
1 25 340 -368 110 1 0 0 0 1 0 0 0 1 3023.dat
1 25 400 -368 210 1 0 0 0 1 0 0 0 1 3023.dat
1 25 400 -368 310 1 0 0 0 1 0 0 0 1 3023.dat
1 25 410 -368 190 1 0 0 0 1 0 0 0 1 3024.dat
1 25 410 -368 260 0 0 1 0 1 0 -1 0 0 3710.dat
1 4 20 -376 250 1 0 0 0 1 0 0 0 1 3023.dat
1 4 40 -376 180 0 0 1 0 1 0 -1 0 0 3020.dat
1 4 40 -376 230 1 0 0 0 1 0 0 0 1 3023.dat
1 4 40 -376 300 0 0 1 0 1 0 -1 0 0 3020.dat
1 4 40 -376 350 1 0 0 0 1 0 0 0 1 3023.dat
1 4 60 -376 130 1 0 0 0 1 0 0 0 1 3023.dat
1 4 60 -376 370 1 0 0 0 1 0 0 0 1 3023.dat
1 4 80 -376 100 1 0 0 0 1 0 0 0 1 3022.dat
1 4 80 -376 400 1 0 0 0 1 0 0 0 1 3022.dat
1 4 110 -376 70 1 0 0 0 1 0 0 0 1 3623.dat
1 4 110 -376 430 1 0 0 0 1 0 0 0 1 3623.dat
1 4 110 -376 110 0 0 1 0 1 0 -1 0 0 3623.dat
1 4 110 -376 390 0 0 1 0 1 0 -1 0 0 3623.dat
1 4 160 -376 50 1 0 0 0 1 0 0 0 1 3710.dat
1 4 140 -376 410 1 0 0 0 1 0 0 0 1 3023.dat
1 4 160 -376 450 1 0 0 0 1 0 0 0 1 3710.dat
1 4 220 -376 30 1 0 0 0 1 0 0 0 1 3460.dat
1 4 220 -376 470 1 0 0 0 1 0 0 0 1 3460.dat
1 4 170 -376 410 1 0 0 0 1 0 0 0 1 3024.dat
1 4 210 -376 60 0 0 1 0 1 0 -1 0 0 3023.dat
1 4 210 -376 440 0 0 1 0 1 0 -1 0 0 3023.dat
1 4 250 -376 10 1 0 0 0 1 0 0 0 1 3623.dat
1 4 250 -376 490 1 0 0 0 1 0 0 0 1 3623.dat
1 4 310 -376 50 1 0 0 0 1 0 0 0 1 3623.dat
1 4 310 -376 450 1 0 0 0 1 0 0 0 1 3623.dat
1 4 330 -376 30 1 0 0 0 1 0 0 0 1 3623.dat
1 4 310 -376 430 1 0 0 0 1 0 0 0 1 3024.dat
1 4 330 -376 470 1 0 0 0 1 0 0 0 1 3623.dat
1 4 360 -376 410 1 0 0 0 1 0 0 0 1 3710.dat
1 4 360 -376 50 1 0 0 0 1 0 0 0 1 3023.dat
1 4 360 -376 450 1 0 0 0 1 0 0 0 1 3023.dat
1 4 390 -376 70 1 0 0 0 1 0 0 0 1 3623.dat
1 4 390 -376 110 1 0 0 0 1 0 0 0 1 3623.dat
1 4 390 -376 430 1 0 0 0 1 0 0 0 1 3623.dat
1 4 400 -376 90 1 0 0 0 1 0 0 0 1 3023.dat
1 4 430 -376 130 1 0 0 0 1 0 0 0 1 3623.dat
1 4 410 -376 160 0 0 1 0 1 0 -1 0 0 3023.dat
1 4 410 -376 350 0 0 1 0 1 0 -1 0 0 3623.dat
1 4 420 -376 400 1 0 0 0 1 0 0 0 1 3022.dat
1 4 430 -376 100 0 0 1 0 1 0 -1 0 0 3023.dat
1 4 440 -376 210 1 0 0 0 1 0 0 0 1 3023.dat
1 4 450 -376 310 1 0 0 0 1 0 0 0 1 3623.dat
1 4 440 -376 370 1 0 0 0 1 0 0 0 1 3023.dat
1 4 460 -376 170 0 0 1 0 1 0 -1 0 0 3021.dat
1 4 460 -376 230 1 0 0 0 1 0 0 0 1 3023.dat
1 4 460 -376 280 1 0 0 0 1 0 0 0 1 3022.dat
1 4 460 -376 340 1 0 0 0 1 0 0 0 1 3022.dat
1 4 470 -376 210 1 0 0 0 1 0 0 0 1 3024.dat
1 4 480 -376 250 1 0 0 0 1 0 0 0 1 3023.dat
1 25 160 -376 210 1 0 0 0 1 0 0 0 1 3460.dat
1 25 160 -376 310 1 0 0 0 1 0 0 0 1 3460.dat
1 25 110 -376 160 0 0 1 0 1 0 -1 0 0 3023.dat
1 25 110 -376 190 1 0 0 0 1 0 0 0 1 3024.dat
1 25 110 -376 250 0 0 1 0 1 0 -1 0 0 3623.dat
1 25 110 -376 290 1 0 0 0 1 0 0 0 1 3024.dat
1 25 110 -376 330 1 0 0 0 1 0 0 0 1 3024.dat
1 25 110 -376 350 1 0 0 0 1 0 0 0 1 3024.dat
1 25 200 -376 110 1 0 0 0 1 0 0 0 1 3666.dat
1 25 240 -376 410 1 0 0 0 1 0 0 0 1 3666.dat
1 25 210 -376 160 0 0 1 0 1 0 -1 0 0 3710.dat
1 25 210 -376 260 0 0 1 0 1 0 -1 0 0 3710.dat
1 25 210 -376 360 0 0 1 0 1 0 -1 0 0 3710.dat
1 25 320 -376 210 1 0 0 0 1 0 0 0 1 3460.dat
1 25 320 -376 310 1 0 0 0 1 0 0 0 1 3460.dat
1 25 300 -376 110 1 0 0 0 1 0 0 0 1 3710.dat
1 25 310 -376 90 1 0 0 0 1 0 0 0 1 3024.dat
1 25 310 -376 160 0 0 1 0 1 0 -1 0 0 3710.dat
1 25 310 -376 260 0 0 1 0 1 0 -1 0 0 3710.dat
1 25 310 -376 360 0 0 1 0 1 0 -1 0 0 3710.dat
1 25 310 -376 410 1 0 0 0 1 0 0 0 1 3024.dat
1 25 350 -376 110 1 0 0 0 1 0 0 0 1 3024.dat
1 25 410 -376 240 0 0 1 0 1 0 -1 0 0 3666.dat
1 25 410 -376 310 1 0 0 0 1 0 0 0 1 3024.dat
1 4 20 -384 240 0 0 1 0 1 0 -1 0 0 3020.dat
1 4 20 -384 290 1 0 0 0 1 0 0 0 1 3023.dat
1 4 40 -384 170 0 0 1 0 1 0 -1 0 0 3021.dat
1 4 40 -384 330 0 0 1 0 1 0 -1 0 0 3021.dat
1 4 80 -384 110 1 0 0 0 1 0 0 0 1 3710.dat
1 4 50 -384 130 1 0 0 0 1 0 0 0 1 3024.dat
1 4 60 -384 210 1 0 0 0 1 0 0 0 1 3023.dat
1 4 60 -384 380 1 0 0 0 1 0 0 0 1 3022.dat
1 4 90 -384 90 1 0 0 0 1 0 0 0 1 3623.dat
1 4 70 -384 130 1 0 0 0 1 0 0 0 1 3024.dat
1 4 100 -384 410 1 0 0 0 1 0 0 0 1 3710.dat
1 4 100 -384 70 1 0 0 0 1 0 0 0 1 3023.dat
1 4 100 -384 430 1 0 0 0 1 0 0 0 1 3023.dat
1 4 160 -384 50 1 0 0 0 1 0 0 0 1 3666.dat
1 4 110 -384 380 0 0 1 0 1 0 -1 0 0 3023.dat
1 4 160 -384 450 1 0 0 0 1 0 0 0 1 3666.dat
1 4 130 -384 70 1 0 0 0 1 0 0 0 1 3024.dat
1 4 130 -384 430 1 0 0 0 1 0 0 0 1 3024.dat
1 4 200 -384 30 1 0 0 0 1 0 0 0 1 3666.dat
1 4 150 -384 410 1 0 0 0 1 0 0 0 1 3024.dat
1 4 200 -384 470 1 0 0 0 1 0 0 0 1 3666.dat
1 4 240 -384 10 1 0 0 0 1 0 0 0 1 3710.dat
1 4 240 -384 490 1 0 0 0 1 0 0 0 1 3710.dat
1 4 300 -384 30 1 0 0 0 1 0 0 0 1 3710.dat
1 4 300 -384 470 1 0 0 0 1 0 0 0 1 3710.dat
1 4 290 -384 10 1 0 0 0 1 0 0 0 1 3024.dat
1 4 290 -384 490 1 0 0 0 1 0 0 0 1 3024.dat
1 4 340 -384 50 1 0 0 0 1 0 0 0 1 3710.dat
1 4 310 -384 440 0 0 1 0 1 0 -1 0 0 3023.dat
1 4 360 -384 450 1 0 0 0 1 0 0 0 1 3710.dat
1 4 350 -384 30 1 0 0 0 1 0 0 0 1 3024.dat
1 4 380 -384 410 1 0 0 0 1 0 0 0 1 3710.dat
1 4 350 -384 470 1 0 0 0 1 0 0 0 1 3024.dat
1 4 380 -384 70 1 0 0 0 1 0 0 0 1 3023.dat
1 4 400 -384 110 1 0 0 0 1 0 0 0 1 3710.dat
1 4 380 -384 430 1 0 0 0 1 0 0 0 1 3023.dat
1 4 390 -384 50 1 0 0 0 1 0 0 0 1 3024.dat
1 4 410 -384 80 0 0 1 0 1 0 -1 0 0 3023.dat
1 4 420 -384 130 1 0 0 0 1 0 0 0 1 3023.dat
1 4 410 -384 370 0 0 1 0 1 0 -1 0 0 3623.dat
1 4 410 -384 430 1 0 0 0 1 0 0 0 1 3024.dat
1 4 430 -384 90 1 0 0 0 1 0 0 0 1 3024.dat
1 4 460 -384 210 1 0 0 0 1 0 0 0 1 3710.dat
1 4 440 -384 310 1 0 0 0 1 0 0 0 1 3023.dat
1 4 440 -384 380 1 0 0 0 1 0 0 0 1 3022.dat
1 4 430 -384 410 1 0 0 0 1 0 0 0 1 3024.dat
1 4 450 -384 140 0 0 1 0 1 0 -1 0 0 3710.dat
1 4 460 -384 190 1 0 0 0 1 0 0 0 1 3023.dat
1 4 460 -384 330 1 0 0 0 1 0 0 0 1 3023.dat
1 4 460 -384 350 1 0 0 0 1 0 0 0 1 3023.dat
1 4 470 -384 160 0 0 1 0 1 0 -1 0 0 3023.dat
1 4 480 -384 260 0 0 1 0 1 0 -1 0 0 3020.dat
1 4 470 -384 310 1 0 0 0 1 0 0 0 1 3024.dat
1 25 140 -384 210 1 0 0 0 1 0 0 0 1 3666.dat
1 25 140 -384 310 1 0 0 0 1 0 0 0 1 3666.dat
1 25 110 -384 170 0 0 1 0 1 0 -1 0 0 3623.dat
1 25 110 -384 260 0 0 1 0 1 0 -1 0 0 3710.dat
1 25 110 -384 340 0 0 1 0 1 0 -1 0 0 3023.dat
1 25 220 -384 110 1 0 0 0 1 0 0 0 1 3460.dat
1 25 240 -384 410 1 0 0 0 1 0 0 0 1 3460.dat
1 25 210 -384 200 0 0 1 0 1 0 -1 0 0 3460.dat
1 25 210 -384 340 0 0 1 0 1 0 -1 0 0 3666.dat
1 25 300 -384 210 1 0 0 0 1 0 0 0 1 3460.dat
1 25 300 -384 310 1 0 0 0 1 0 0 0 1 3460.dat
1 25 310 -384 140 0 0 1 0 1 0 -1 0 0 3666.dat
1 25 310 -384 250 0 0 1 0 1 0 -1 0 0 3623.dat
1 25 310 -384 290 1 0 0 0 1 0 0 0 1 3024.dat
1 25 310 -384 350 0 0 1 0 1 0 -1 0 0 3623.dat
1 25 310 -384 390 1 0 0 0 1 0 0 0 1 3024.dat
1 25 340 -384 110 1 0 0 0 1 0 0 0 1 3023.dat
1 25 330 -384 410 1 0 0 0 1 0 0 0 1 3024.dat
1 25 400 -384 210 1 0 0 0 1 0 0 0 1 3023.dat
1 25 400 -384 310 1 0 0 0 1 0 0 0 1 3023.dat
1 25 410 -384 180 0 0 1 0 1 0 -1 0 0 3023.dat
1 25 410 -384 260 0 0 1 0 1 0 -1 0 0 3710.dat
1 4 20 -392 230 0 0 1 0 1 0 -1 0 0 3021.dat
1 4 20 -392 280 1 0 0 0 1 0 0 0 1 3022.dat
1 4 40 -392 160 1 0 0 0 1 0 0 0 1 3022.dat
1 4 40 -392 190 1 0 0 0 1 0 0 0 1 3023.dat
1 4 40 -392 320 1 0 0 0 1 0 0 0 1 3022.dat
1 4 40 -392 350 1 0 0 0 1 0 0 0 1 3023.dat
1 4 60 -392 120 1 0 0 0 1 0 0 0 1 3022.dat
1 4 50 -392 210 1 0 0 0 1 0 0 0 1 3024.dat
1 4 60 -392 370 1 0 0 0 1 0 0 0 1 3023.dat
1 4 60 -392 390 1 0 0 0 1 0 0 0 1 3023.dat
1 4 80 -392 90 1 0 0 0 1 0 0 0 1 3023.dat
1 4 70 -392 210 1 0 0 0 1 0 0 0 1 3024.dat
1 4 90 -392 410 1 0 0 0 1 0 0 0 1 3623.dat
1 4 110 -392 70 1 0 0 0 1 0 0 0 1 3623.dat
1 4 110 -392 110 1 0 0 0 1 0 0 0 1 3623.dat
1 4 110 -392 430 1 0 0 0 1 0 0 0 1 3623.dat
1 4 140 -392 50 1 0 0 0 1 0 0 0 1 3710.dat
1 4 110 -392 90 1 0 0 0 1 0 0 0 1 3024.dat
1 4 110 -392 370 1 0 0 0 1 0 0 0 1 3024.dat
1 4 110 -392 390 1 0 0 0 1 0 0 0 1 3024.dat
1 4 140 -392 450 1 0 0 0 1 0 0 0 1 3710.dat
1 4 140 -392 410 1 0 0 0 1 0 0 0 1 3023.dat
1 4 220 -392 30 1 0 0 0 1 0 0 0 1 3460.dat
1 4 220 -392 470 1 0 0 0 1 0 0 0 1 3460.dat
1 4 200 -392 50 1 0 0 0 1 0 0 0 1 3023.dat
1 4 200 -392 450 1 0 0 0 1 0 0 0 1 3023.dat
1 4 230 -392 10 1 0 0 0 1 0 0 0 1 3623.dat
1 4 230 -392 490 1 0 0 0 1 0 0 0 1 3623.dat
1 4 280 -392 10 1 0 0 0 1 0 0 0 1 3023.dat
1 4 280 -392 490 1 0 0 0 1 0 0 0 1 3023.dat
1 4 330 -392 40 1 0 0 0 1 0 0 0 1 3021.dat
1 4 310 -392 450 0 0 1 0 1 0 -1 0 0 3623.dat
1 4 340 -392 460 1 0 0 0 1 0 0 0 1 3022.dat
1 4 370 -392 410 1 0 0 0 1 0 0 0 1 3623.dat
1 4 380 -392 60 1 0 0 0 1 0 0 0 1 3022.dat
1 4 390 -392 110 1 0 0 0 1 0 0 0 1 3623.dat
1 4 380 -392 440 1 0 0 0 1 0 0 0 1 3022.dat
1 4 410 -392 70 1 0 0 0 1 0 0 0 1 3024.dat
1 4 420 -392 90 1 0 0 0 1 0 0 0 1 3023.dat
1 4 430 -392 130 1 0 0 0 1 0 0 0 1 3623.dat
1 4 410 -392 380 0 0 1 0 1 0 -1 0 0 3710.dat
1 4 410 -392 430 1 0 0 0 1 0 0 0 1 3024.dat
1 4 440 -392 110 1 0 0 0 1 0 0 0 1 3023.dat
1 4 450 -392 210 1 0 0 0 1 0 0 0 1 3623.dat
1 4 450 -392 310 1 0 0 0 1 0 0 0 1 3623.dat
1 4 430 -392 390 0 0 1 0 1 0 -1 0 0 3623.dat
1 4 460 -392 170 0 0 1 0 1 0 -1 0 0 3021.dat
1 4 450 -392 360 0 0 1 0 1 0 -1 0 0 3710.dat
1 4 480 -392 250 0 0 1 0 1 0 -1 0 0 3021.dat
1 4 480 -392 290 1 0 0 0 1 0 0 0 1 3023.dat
1 4 470 -392 340 0 0 1 0 1 0 -1 0 0 3023.dat
1 4 490 -392 210 1 0 0 0 1 0 0 0 1 3024.dat
1 25 160 -392 210 1 0 0 0 1 0 0 0 1 3460.dat
1 25 160 -392 310 1 0 0 0 1 0 0 0 1 3460.dat
1 25 110 -392 160 0 0 1 0 1 0 -1 0 0 3023.dat
1 25 110 -392 190 1 0 0 0 1 0 0 0 1 3024.dat
1 25 110 -392 250 0 0 1 0 1 0 -1 0 0 3623.dat
1 25 110 -392 290 1 0 0 0 1 0 0 0 1 3024.dat
1 25 110 -392 330 1 0 0 0 1 0 0 0 1 3024.dat
1 25 110 -392 350 1 0 0 0 1 0 0 0 1 3024.dat
1 25 200 -392 110 1 0 0 0 1 0 0 0 1 3666.dat
1 25 220 -392 410 1 0 0 0 1 0 0 0 1 3666.dat
1 25 210 -392 160 0 0 1 0 1 0 -1 0 0 3710.dat
1 25 210 -392 260 0 0 1 0 1 0 -1 0 0 3710.dat
1 25 210 -392 360 0 0 1 0 1 0 -1 0 0 3710.dat
1 25 320 -392 210 1 0 0 0 1 0 0 0 1 3460.dat
1 25 320 -392 310 1 0 0 0 1 0 0 0 1 3460.dat
1 25 300 -392 110 1 0 0 0 1 0 0 0 1 3710.dat
1 25 310 -392 410 1 0 0 0 1 0 0 0 1 3623.dat
1 25 310 -392 90 1 0 0 0 1 0 0 0 1 3024.dat
1 25 310 -392 160 0 0 1 0 1 0 -1 0 0 3710.dat
1 25 310 -392 260 0 0 1 0 1 0 -1 0 0 3710.dat
1 25 310 -392 360 0 0 1 0 1 0 -1 0 0 3710.dat
1 25 350 -392 110 1 0 0 0 1 0 0 0 1 3024.dat
1 25 410 -392 240 0 0 1 0 1 0 -1 0 0 3460.dat
1 4 20 -400 240 0 0 1 0 1 0 -1 0 0 3795.dat
1 4 40 -400 310 1 0 0 0 1 0 0 0 1 3710.dat
1 4 40 -400 150 1 0 0 0 1 0 0 0 1 3023.dat
1 4 40 -400 170 1 0 0 0 1 0 0 0 1 3023.dat
1 4 40 -400 340 1 0 0 0 1 0 0 0 1 3022.dat
1 4 80 -400 110 1 0 0 0 1 0 0 0 1 3710.dat
1 4 60 -400 130 1 0 0 0 1 0 0 0 1 3023.dat
1 4 60 -400 210 1 0 0 0 1 0 0 0 1 3023.dat
1 4 60 -400 380 1 0 0 0 1 0 0 0 1 3022.dat
1 4 90 -400 90 1 0 0 0 1 0 0 0 1 3623.dat
1 4 100 -400 410 1 0 0 0 1 0 0 0 1 3710.dat
1 4 100 -400 70 1 0 0 0 1 0 0 0 1 3023.dat
1 4 100 -400 430 1 0 0 0 1 0 0 0 1 3023.dat
1 4 160 -400 50 1 0 0 0 1 0 0 0 1 3666.dat
1 4 110 -400 380 0 0 1 0 1 0 -1 0 0 3023.dat
1 4 160 -400 450 1 0 0 0 1 0 0 0 1 3666.dat
1 4 130 -400 70 1 0 0 0 1 0 0 0 1 3024.dat
1 4 130 -400 110 1 0 0 0 1 0 0 0 1 3024.dat
1 4 130 -400 430 1 0 0 0 1 0 0 0 1 3024.dat
1 4 200 -400 30 1 0 0 0 1 0 0 0 1 3666.dat
1 4 150 -400 410 1 0 0 0 1 0 0 0 1 3024.dat
1 4 200 -400 470 1 0 0 0 1 0 0 0 1 3666.dat
1 4 240 -400 10 1 0 0 0 1 0 0 0 1 3710.dat
1 4 240 -400 490 1 0 0 0 1 0 0 0 1 3710.dat
1 4 300 -400 30 1 0 0 0 1 0 0 0 1 3710.dat
1 4 300 -400 470 1 0 0 0 1 0 0 0 1 3710.dat
1 4 290 -400 10 1 0 0 0 1 0 0 0 1 3024.dat
1 4 290 -400 490 1 0 0 0 1 0 0 0 1 3024.dat
1 4 340 -400 50 1 0 0 0 1 0 0 0 1 3710.dat
1 4 310 -400 70 1 0 0 0 1 0 0 0 1 3024.dat
1 4 310 -400 440 0 0 1 0 1 0 -1 0 0 3023.dat
1 4 360 -400 450 1 0 0 0 1 0 0 0 1 3710.dat
1 4 350 -400 30 1 0 0 0 1 0 0 0 1 3024.dat
1 4 380 -400 410 1 0 0 0 1 0 0 0 1 3710.dat
1 4 350 -400 470 1 0 0 0 1 0 0 0 1 3024.dat
1 4 390 -400 70 1 0 0 0 1 0 0 0 1 3623.dat
1 4 400 -400 110 1 0 0 0 1 0 0 0 1 3710.dat
1 4 390 -400 430 1 0 0 0 1 0 0 0 1 3623.dat
1 4 390 -400 50 1 0 0 0 1 0 0 0 1 3024.dat
1 4 410 -400 90 1 0 0 0 1 0 0 0 1 3024.dat
1 4 420 -400 130 1 0 0 0 1 0 0 0 1 3023.dat
1 4 410 -400 370 0 0 1 0 1 0 -1 0 0 3623.dat
1 4 430 -400 90 1 0 0 0 1 0 0 0 1 3024.dat
1 4 460 -400 210 1 0 0 0 1 0 0 0 1 3710.dat
1 4 460 -400 310 1 0 0 0 1 0 0 0 1 3710.dat
1 4 440 -400 380 1 0 0 0 1 0 0 0 1 3022.dat
1 4 430 -400 410 1 0 0 0 1 0 0 0 1 3024.dat
1 4 450 -400 140 0 0 1 0 1 0 -1 0 0 3710.dat
1 4 460 -400 340 1 0 0 0 1 0 0 0 1 3022.dat
1 4 470 -400 170 0 0 1 0 1 0 -1 0 0 3623.dat
1 4 480 -400 260 0 0 1 0 1 0 -1 0 0 3020.dat
1 4 490 -400 190 1 0 0 0 1 0 0 0 1 3024.dat
1 25 140 -400 210 1 0 0 0 1 0 0 0 1 3666.dat
1 25 140 -400 310 1 0 0 0 1 0 0 0 1 3666.dat
1 25 110 -400 170 0 0 1 0 1 0 -1 0 0 3623.dat
1 25 110 -400 260 0 0 1 0 1 0 -1 0 0 3710.dat
1 25 110 -400 340 0 0 1 0 1 0 -1 0 0 3023.dat
1 25 220 -400 110 1 0 0 0 1 0 0 0 1 3460.dat
1 25 240 -400 410 1 0 0 0 1 0 0 0 1 3460.dat
1 25 210 -400 200 0 0 1 0 1 0 -1 0 0 3460.dat
1 25 210 -400 340 0 0 1 0 1 0 -1 0 0 3666.dat
1 25 300 -400 210 1 0 0 0 1 0 0 0 1 3460.dat
1 25 300 -400 310 1 0 0 0 1 0 0 0 1 3460.dat
1 25 310 -400 140 0 0 1 0 1 0 -1 0 0 3666.dat
1 25 310 -400 250 0 0 1 0 1 0 -1 0 0 3623.dat
1 25 310 -400 290 1 0 0 0 1 0 0 0 1 3024.dat
1 25 310 -400 350 0 0 1 0 1 0 -1 0 0 3623.dat
1 25 310 -400 390 1 0 0 0 1 0 0 0 1 3024.dat
1 25 340 -400 110 1 0 0 0 1 0 0 0 1 3023.dat
1 25 330 -400 410 1 0 0 0 1 0 0 0 1 3024.dat
1 25 400 -400 210 1 0 0 0 1 0 0 0 1 3023.dat
1 25 400 -400 310 1 0 0 0 1 0 0 0 1 3023.dat
1 25 410 -400 180 0 0 1 0 1 0 -1 0 0 3023.dat
1 25 410 -400 260 0 0 1 0 1 0 -1 0 0 3710.dat
1 4 20 -408 220 0 0 1 0 1 0 -1 0 0 3020.dat
1 4 20 -408 290 0 0 1 0 1 0 -1 0 0 3021.dat
1 4 40 -408 160 1 0 0 0 1 0 0 0 1 3022.dat
1 4 40 -408 330 1 0 0 0 1 0 0 0 1 3023.dat
1 4 40 -408 350 1 0 0 0 1 0 0 0 1 3023.dat
1 4 60 -408 120 1 0 0 0 1 0 0 0 1 3022.dat
1 4 50 -408 210 1 0 0 0 1 0 0 0 1 3024.dat
1 4 60 -408 310 1 0 0 0 1 0 0 0 1 3023.dat
1 4 60 -408 370 1 0 0 0 1 0 0 0 1 3023.dat
1 4 60 -408 390 1 0 0 0 1 0 0 0 1 3023.dat
1 4 80 -408 90 1 0 0 0 1 0 0 0 1 3023.dat
1 4 70 -408 210 1 0 0 0 1 0 0 0 1 3024.dat
1 4 90 -408 410 1 0 0 0 1 0 0 0 1 3623.dat
1 4 110 -408 70 1 0 0 0 1 0 0 0 1 3623.dat
1 4 110 -408 110 1 0 0 0 1 0 0 0 1 3623.dat
1 4 110 -408 430 1 0 0 0 1 0 0 0 1 3623.dat
1 4 140 -408 50 1 0 0 0 1 0 0 0 1 3710.dat
1 4 110 -408 90 1 0 0 0 1 0 0 0 1 3024.dat
1 4 110 -408 130 1 0 0 0 1 0 0 0 1 3024.dat
1 4 110 -408 370 1 0 0 0 1 0 0 0 1 3024.dat
1 4 110 -408 390 1 0 0 0 1 0 0 0 1 3024.dat
1 4 140 -408 450 1 0 0 0 1 0 0 0 1 3710.dat
1 4 140 -408 410 1 0 0 0 1 0 0 0 1 3023.dat
1 4 220 -408 30 1 0 0 0 1 0 0 0 1 3460.dat
1 4 220 -408 470 1 0 0 0 1 0 0 0 1 3460.dat
1 4 240 -408 10 1 0 0 0 1 0 0 0 1 3666.dat
1 4 240 -408 490 1 0 0 0 1 0 0 0 1 3666.dat
1 4 210 -408 60 0 0 1 0 1 0 -1 0 0 3023.dat
1 4 210 -408 440 0 0 1 0 1 0 -1 0 0 3023.dat
1 4 310 -408 40 0 0 1 0 1 0 -1 0 0 3710.dat
1 4 310 -408 460 0 0 1 0 1 0 -1 0 0 3710.dat
1 4 340 -408 40 1 0 0 0 1 0 0 0 1 3022.dat
1 4 340 -408 460 1 0 0 0 1 0 0 0 1 3022.dat
1 4 370 -408 410 1 0 0 0 1 0 0 0 1 3623.dat
1 4 380 -408 60 1 0 0 0 1 0 0 0 1 3022.dat
1 4 390 -408 110 1 0 0 0 1 0 0 0 1 3623.dat
1 4 380 -408 440 1 0 0 0 1 0 0 0 1 3022.dat
1 4 410 -408 80 0 0 1 0 1 0 -1 0 0 3023.dat
1 4 430 -408 130 1 0 0 0 1 0 0 0 1 3623.dat
1 4 410 -408 150 1 0 0 0 1 0 0 0 1 3024.dat
1 4 410 -408 380 0 0 1 0 1 0 -1 0 0 3710.dat
1 4 410 -408 430 1 0 0 0 1 0 0 0 1 3024.dat
1 4 430 -408 100 0 0 1 0 1 0 -1 0 0 3023.dat
1 4 450 -408 210 1 0 0 0 1 0 0 0 1 3623.dat
1 4 450 -408 310 1 0 0 0 1 0 0 0 1 3623.dat
1 4 430 -408 390 0 0 1 0 1 0 -1 0 0 3623.dat
1 4 450 -408 110 1 0 0 0 1 0 0 0 1 3024.dat
1 4 460 -408 160 1 0 0 0 1 0 0 0 1 3022.dat
1 4 450 -408 360 0 0 1 0 1 0 -1 0 0 3710.dat
1 4 480 -408 190 1 0 0 0 1 0 0 0 1 3023.dat
1 4 480 -408 250 0 0 1 0 1 0 -1 0 0 3021.dat
1 4 480 -408 290 1 0 0 0 1 0 0 0 1 3023.dat
1 4 470 -408 340 0 0 1 0 1 0 -1 0 0 3023.dat
1 4 490 -408 210 1 0 0 0 1 0 0 0 1 3024.dat
1 4 490 -408 310 1 0 0 0 1 0 0 0 1 3024.dat
1 25 160 -408 210 1 0 0 0 1 0 0 0 1 3460.dat
1 25 160 -408 310 1 0 0 0 1 0 0 0 1 3460.dat
1 25 110 -408 160 0 0 1 0 1 0 -1 0 0 3023.dat
1 25 110 -408 190 1 0 0 0 1 0 0 0 1 3024.dat
1 25 110 -408 250 0 0 1 0 1 0 -1 0 0 3623.dat
1 25 110 -408 290 1 0 0 0 1 0 0 0 1 3024.dat
1 25 110 -408 330 1 0 0 0 1 0 0 0 1 3024.dat
1 25 110 -408 350 1 0 0 0 1 0 0 0 1 3024.dat
1 25 200 -408 110 1 0 0 0 1 0 0 0 1 3666.dat
1 25 220 -408 410 1 0 0 0 1 0 0 0 1 3666.dat
1 25 210 -408 160 0 0 1 0 1 0 -1 0 0 3710.dat
1 25 210 -408 260 0 0 1 0 1 0 -1 0 0 3710.dat
1 25 210 -408 360 0 0 1 0 1 0 -1 0 0 3710.dat
1 25 320 -408 210 1 0 0 0 1 0 0 0 1 3460.dat
1 25 320 -408 310 1 0 0 0 1 0 0 0 1 3460.dat
1 25 300 -408 110 1 0 0 0 1 0 0 0 1 3710.dat
1 25 310 -408 410 1 0 0 0 1 0 0 0 1 3623.dat
1 25 310 -408 90 1 0 0 0 1 0 0 0 1 3024.dat
1 25 310 -408 160 0 0 1 0 1 0 -1 0 0 3710.dat
1 25 310 -408 260 0 0 1 0 1 0 -1 0 0 3710.dat
1 25 310 -408 360 0 0 1 0 1 0 -1 0 0 3710.dat
1 25 350 -408 110 1 0 0 0 1 0 0 0 1 3024.dat
1 25 410 -408 240 0 0 1 0 1 0 -1 0 0 3460.dat
1 25 410 -408 330 1 0 0 0 1 0 0 0 1 3024.dat
1 4 20 -416 240 0 0 1 0 1 0 -1 0 0 3795.dat
1 4 340 -416 470 1 0 0 0 1 0 0 0 1 3710.dat
1 4 410 -416 150 1 0 0 0 1 0 0 0 1 3024.dat
1 4 400 -416 70 1 0 0 0 1 0 0 0 1 3023.dat
1 4 290 -416 20 1 0 0 0 1 0 0 0 1 3021.dat
1 4 430 -416 410 1 0 0 0 1 0 0 0 1 3024.dat
1 4 310 -416 440 0 0 1 0 1 0 -1 0 0 3023.dat
1 4 470 -416 210 1 0 0 0 1 0 0 0 1 3623.dat
1 4 440 -416 110 1 0 0 0 1 0 0 0 1 3023.dat
1 4 310 -416 490 1 0 0 0 1 0 0 0 1 3024.dat
1 4 350 -416 40 1 0 0 0 1 0 0 0 1 3021.dat
1 4 410 -416 430 1 0 0 0 1 0 0 0 1 3024.dat
1 4 410 -416 120 0 0 1 0 1 0 -1 0 0 3023.dat
1 4 470 -416 340 0 0 1 0 1 0 -1 0 0 3710.dat
1 4 240 -416 20 1 0 0 0 1 0 0 0 1 3022.dat
1 4 490 -416 260 0 0 1 0 1 0 -1 0 0 3710.dat
1 4 470 -416 270 0 0 1 0 1 0 -1 0 0 3623.dat
1 4 200 -416 470 1 0 0 0 1 0 0 0 1 3460.dat
1 4 50 -416 150 0 0 1 0 1 0 -1 0 0 3623.dat
1 4 30 -416 160 0 0 1 0 1 0 -1 0 0 3023.dat
1 4 430 -416 90 1 0 0 0 1 0 0 0 1 3024.dat
1 4 470 -416 180 0 0 1 0 1 0 -1 0 0 3023.dat
1 4 30 -416 130 1 0 0 0 1 0 0 0 1 3024.dat
1 4 450 -416 390 1 0 0 0 1 0 0 0 1 3024.dat
1 4 470 -416 140 0 0 1 0 1 0 -1 0 0 3023.dat
1 4 380 -416 410 1 0 0 0 1 0 0 0 1 3710.dat
1 4 370 -416 450 1 0 0 0 1 0 0 0 1 3623.dat
1 4 260 -416 490 1 0 0 0 1 0 0 0 1 3710.dat
1 4 120 -416 410 1 0 0 0 1 0 0 0 1 3710.dat
1 4 60 -416 210 1 0 0 0 1 0 0 0 1 3023.dat
1 4 200 -416 20 1 0 0 0 1 0 0 0 1 3022.dat
1 4 130 -416 450 1 0 0 0 1 0 0 0 1 3623.dat
1 4 40 -416 340 0 0 1 0 1 0 -1 0 0 3020.dat
1 4 100 -416 430 1 0 0 0 1 0 0 0 1 3023.dat
1 4 410 -416 90 1 0 0 0 1 0 0 0 1 3024.dat
1 4 410 -416 380 0 0 1 0 1 0 -1 0 0 3023.dat
1 4 390 -416 110 1 0 0 0 1 0 0 0 1 3024.dat
1 4 450 -416 160 0 0 1 0 1 0 -1 0 0 3023.dat
1 4 390 -416 50 1 0 0 0 1 0 0 0 1 3024.dat
1 4 170 -416 450 1 0 0 0 1 0 0 0 1 3024.dat
1 4 80 -416 110 1 0 0 0 1 0 0 0 1 3710.dat
1 4 490 -416 310 1 0 0 0 1 0 0 0 1 3024.dat
1 4 430 -416 390 1 0 0 0 1 0 0 0 1 3024.dat
1 4 390 -416 430 1 0 0 0 1 0 0 0 1 3024.dat
1 4 430 -416 210 1 0 0 0 1 0 0 0 1 3024.dat
1 4 440 -416 310 1 0 0 0 1 0 0 0 1 3023.dat
1 4 90 -416 90 1 0 0 0 1 0 0 0 1 3623.dat
1 4 150 -416 40 1 0 0 0 1 0 0 0 1 3021.dat
1 4 110 -416 380 0 0 1 0 1 0 -1 0 0 3023.dat
1 4 70 -416 310 1 0 0 0 1 0 0 0 1 3024.dat
1 4 370 -416 110 1 0 0 0 1 0 0 0 1 3024.dat
1 4 450 -416 130 1 0 0 0 1 0 0 0 1 3024.dat
1 4 110 -416 60 0 0 1 0 1 0 -1 0 0 3023.dat
1 4 450 -416 350 0 0 1 0 1 0 -1 0 0 3623.dat
1 4 490 -416 190 1 0 0 0 1 0 0 0 1 3024.dat
1 4 210 -416 450 1 0 0 0 1 0 0 0 1 3024.dat
1 4 10 -416 310 1 0 0 0 1 0 0 0 1 3024.dat
1 4 130 -416 110 1 0 0 0 1 0 0 0 1 3024.dat
1 4 210 -416 70 1 0 0 0 1 0 0 0 1 3024.dat
1 4 200 -416 490 1 0 0 0 1 0 0 0 1 3023.dat
1 4 310 -416 50 1 0 0 0 1 0 0 0 1 3024.dat
1 4 50 -416 390 1 0 0 0 1 0 0 0 1 3024.dat
1 4 90 -416 70 1 0 0 0 1 0 0 0 1 3024.dat
1 4 410 -416 350 1 0 0 0 1 0 0 0 1 3024.dat
1 4 70 -416 410 1 0 0 0 1 0 0 0 1 3024.dat
1 4 290 -416 470 1 0 0 0 1 0 0 0 1 3024.dat
1 4 110 -416 130 1 0 0 0 1 0 0 0 1 3024.dat
1 4 330 -416 450 1 0 0 0 1 0 0 0 1 3024.dat
1 4 70 -416 390 1 0 0 0 1 0 0 0 1 3024.dat
1 4 210 -416 430 1 0 0 0 1 0 0 0 1 3024.dat
1 4 210 -416 50 1 0 0 0 1 0 0 0 1 3024.dat
1 4 470 -416 230 1 0 0 0 1 0 0 0 1 3024.dat
1 25 140 -416 210 1 0 0 0 1 0 0 0 1 3666.dat
1 25 140 -416 310 1 0 0 0 1 0 0 0 1 3666.dat
1 25 110 -416 170 0 0 1 0 1 0 -1 0 0 3623.dat
1 25 110 -416 260 0 0 1 0 1 0 -1 0 0 3710.dat
1 25 110 -416 340 0 0 1 0 1 0 -1 0 0 3023.dat
1 25 220 -416 110 1 0 0 0 1 0 0 0 1 3460.dat
1 25 240 -416 410 1 0 0 0 1 0 0 0 1 3460.dat
1 25 210 -416 200 0 0 1 0 1 0 -1 0 0 3460.dat
1 25 210 -416 340 0 0 1 0 1 0 -1 0 0 3666.dat
1 25 300 -416 210 1 0 0 0 1 0 0 0 1 3460.dat
1 25 300 -416 310 1 0 0 0 1 0 0 0 1 3460.dat
1 25 310 -416 140 0 0 1 0 1 0 -1 0 0 3666.dat
1 25 310 -416 250 0 0 1 0 1 0 -1 0 0 3623.dat
1 25 310 -416 290 1 0 0 0 1 0 0 0 1 3024.dat
1 25 310 -416 350 0 0 1 0 1 0 -1 0 0 3623.dat
1 25 310 -416 390 1 0 0 0 1 0 0 0 1 3024.dat
1 25 340 -416 110 1 0 0 0 1 0 0 0 1 3023.dat
1 25 330 -416 410 1 0 0 0 1 0 0 0 1 3024.dat
1 25 400 -416 210 1 0 0 0 1 0 0 0 1 3023.dat
1 25 400 -416 310 1 0 0 0 1 0 0 0 1 3023.dat
1 25 410 -416 180 0 0 1 0 1 0 -1 0 0 3023.dat
1 25 410 -416 260 0 0 1 0 1 0 -1 0 0 3710.dat
1 25 410 -416 330 1 0 0 0 1 0 0 0 1 3024.dat
1 4 20 -424 220 0 0 1 0 1 0 -1 0 0 3020.dat
1 4 20 -424 290 0 0 1 0 1 0 -1 0 0 3021.dat
1 4 40 -424 150 0 0 1 0 1 0 -1 0 0 3021.dat
1 4 40 -424 350 0 0 1 0 1 0 -1 0 0 3021.dat
1 4 70 -424 110 1 0 0 0 1 0 0 0 1 3623.dat
1 4 60 -424 310 1 0 0 0 1 0 0 0 1 3023.dat
1 4 60 -424 390 1 0 0 0 1 0 0 0 1 3023.dat
1 4 80 -424 90 1 0 0 0 1 0 0 0 1 3023.dat
1 4 100 -424 410 1 0 0 0 1 0 0 0 1 3710.dat
1 4 100 -424 70 1 0 0 0 1 0 0 0 1 3023.dat
1 4 90 -424 430 1 0 0 0 1 0 0 0 1 3024.dat
1 4 140 -424 50 1 0 0 0 1 0 0 0 1 3710.dat
1 4 110 -424 110 0 0 1 0 1 0 -1 0 0 3623.dat
1 4 110 -424 370 1 0 0 0 1 0 0 0 1 3024.dat
1 4 110 -424 440 0 0 1 0 1 0 -1 0 0 3023.dat
1 4 200 -424 30 1 0 0 0 1 0 0 0 1 3460.dat
1 4 130 -424 110 1 0 0 0 1 0 0 0 1 3024.dat
1 4 150 -424 460 1 0 0 0 1 0 0 0 1 3021.dat
1 4 150 -424 410 1 0 0 0 1 0 0 0 1 3024.dat
1 4 240 -424 10 1 0 0 0 1 0 0 0 1 3666.dat
1 4 240 -424 480 1 0 0 0 1 0 0 0 1 3795.dat
1 4 210 -424 60 0 0 1 0 1 0 -1 0 0 3023.dat
1 4 210 -424 440 0 0 1 0 1 0 -1 0 0 3023.dat
1 4 320 -424 30 1 0 0 0 1 0 0 0 1 3710.dat
1 4 310 -424 10 1 0 0 0 1 0 0 0 1 3024.dat
1 4 340 -424 50 1 0 0 0 1 0 0 0 1 3710.dat
1 4 310 -424 460 0 0 1 0 1 0 -1 0 0 3710.dat
1 4 350 -424 460 1 0 0 0 1 0 0 0 1 3021.dat
1 4 370 -424 410 1 0 0 0 1 0 0 0 1 3623.dat
1 4 370 -424 30 1 0 0 0 1 0 0 0 1 3024.dat
1 4 400 -424 110 1 0 0 0 1 0 0 0 1 3710.dat
1 4 390 -424 60 0 0 1 0 1 0 -1 0 0 3023.dat
1 4 400 -424 430 1 0 0 0 1 0 0 0 1 3023.dat
1 4 390 -424 450 1 0 0 0 1 0 0 0 1 3024.dat
1 4 410 -424 80 0 0 1 0 1 0 -1 0 0 3023.dat
1 4 410 -424 140 0 0 1 0 1 0 -1 0 0 3023.dat
1 4 410 -424 380 0 0 1 0 1 0 -1 0 0 3710.dat
1 4 430 -424 90 1 0 0 0 1 0 0 0 1 3024.dat
1 4 460 -424 310 1 0 0 0 1 0 0 0 1 3710.dat
1 4 440 -424 390 1 0 0 0 1 0 0 0 1 3023.dat
1 4 430 -424 410 1 0 0 0 1 0 0 0 1 3024.dat
1 4 450 -424 140 0 0 1 0 1 0 -1 0 0 3710.dat
1 4 460 -424 210 1 0 0 0 1 0 0 0 1 3023.dat
1 4 460 -424 350 0 0 1 0 1 0 -1 0 0 3021.dat
1 4 470 -424 160 0 0 1 0 1 0 -1 0 0 3710.dat
1 4 480 -424 260 0 0 1 0 1 0 -1 0 0 3020.dat
1 4 490 -424 200 0 0 1 0 1 0 -1 0 0 3023.dat
1 25 140 -424 210 1 0 0 0 1 0 0 0 1 3460.dat
1 25 160 -424 310 1 0 0 0 1 0 0 0 1 3460.dat
1 25 110 -424 160 0 0 1 0 1 0 -1 0 0 3023.dat
1 25 110 -424 190 1 0 0 0 1 0 0 0 1 3024.dat
1 25 110 -424 250 0 0 1 0 1 0 -1 0 0 3623.dat
1 25 110 -424 290 1 0 0 0 1 0 0 0 1 3024.dat
1 25 110 -424 330 1 0 0 0 1 0 0 0 1 3024.dat
1 25 110 -424 350 1 0 0 0 1 0 0 0 1 3024.dat
1 25 200 -424 110 1 0 0 0 1 0 0 0 1 3666.dat
1 25 220 -424 410 1 0 0 0 1 0 0 0 1 3666.dat
1 25 210 -424 90 1 0 0 0 1 0 0 0 1 3024.dat
1 25 210 -424 160 0 0 1 0 1 0 -1 0 0 3710.dat
1 25 210 -424 260 0 0 1 0 1 0 -1 0 0 3710.dat
1 25 210 -424 360 0 0 1 0 1 0 -1 0 0 3710.dat
1 25 280 -424 210 1 0 0 0 1 0 0 0 1 3666.dat
1 25 320 -424 310 1 0 0 0 1 0 0 0 1 3460.dat
1 25 300 -424 110 1 0 0 0 1 0 0 0 1 3710.dat
1 25 310 -424 410 1 0 0 0 1 0 0 0 1 3623.dat
1 25 310 -424 160 0 0 1 0 1 0 -1 0 0 3710.dat
1 25 310 -424 260 0 0 1 0 1 0 -1 0 0 3710.dat
1 25 310 -424 360 0 0 1 0 1 0 -1 0 0 3710.dat
1 25 350 -424 110 1 0 0 0 1 0 0 0 1 3024.dat
1 25 380 -424 210 1 0 0 0 1 0 0 0 1 3710.dat
1 25 410 -424 170 1 0 0 0 1 0 0 0 1 3024.dat
1 25 410 -424 190 1 0 0 0 1 0 0 0 1 3024.dat
1 25 410 -424 280 0 0 1 0 1 0 -1 0 0 3666.dat
1 25 430 -424 210 1 0 0 0 1 0 0 0 1 3024.dat
1 4 20 -432 240 0 0 1 0 1 0 -1 0 0 3795.dat
1 4 40 -432 310 1 0 0 0 1 0 0 0 1 3710.dat
1 4 40 -432 140 1 0 0 0 1 0 0 0 1 3022.dat
1 4 40 -432 170 1 0 0 0 1 0 0 0 1 3023.dat
1 4 40 -432 340 1 0 0 0 1 0 0 0 1 3022.dat
1 4 40 -432 370 1 0 0 0 1 0 0 0 1 3023.dat
1 4 80 -432 110 1 0 0 0 1 0 0 0 1 3710.dat
1 4 50 -432 390 1 0 0 0 1 0 0 0 1 3024.dat
1 4 90 -432 90 1 0 0 0 1 0 0 0 1 3623.dat
1 4 70 -432 400 0 0 1 0 1 0 -1 0 0 3023.dat
1 4 90 -432 70 1 0 0 0 1 0 0 0 1 3024.dat
1 4 120 -432 410 1 0 0 0 1 0 0 0 1 3710.dat
1 4 100 -432 430 1 0 0 0 1 0 0 0 1 3023.dat
1 4 130 -432 50 1 0 0 0 1 0 0 0 1 3623.dat
1 4 110 -432 70 1 0 0 0 1 0 0 0 1 3024.dat
1 4 140 -432 450 1 0 0 0 1 0 0 0 1 3710.dat
1 4 180 -432 30 1 0 0 0 1 0 0 0 1 3666.dat
1 4 200 -432 470 1 0 0 0 1 0 0 0 1 3460.dat
1 4 170 -432 50 1 0 0 0 1 0 0 0 1 3024.dat
1 4 220 -432 10 1 0 0 0 1 0 0 0 1 3710.dat
1 4 240 -432 490 1 0 0 0 1 0 0 0 1 3666.dat
1 4 300 -432 30 1 0 0 0 1 0 0 0 1 3666.dat
1 4 290 -432 10 1 0 0 0 1 0 0 0 1 3623.dat
1 4 320 -432 470 1 0 0 0 1 0 0 0 1 3710.dat
1 4 330 -432 50 1 0 0 0 1 0 0 0 1 3623.dat
1 4 310 -432 440 0 0 1 0 1 0 -1 0 0 3023.dat
1 4 310 -432 490 1 0 0 0 1 0 0 0 1 3024.dat
1 4 360 -432 450 1 0 0 0 1 0 0 0 1 3710.dat
1 4 380 -432 410 1 0 0 0 1 0 0 0 1 3710.dat
1 4 370 -432 40 0 0 1 0 1 0 -1 0 0 3023.dat
1 4 370 -432 470 1 0 0 0 1 0 0 0 1 3024.dat
1 4 390 -432 50 1 0 0 0 1 0 0 0 1 3024.dat
1 4 400 -432 70 1 0 0 0 1 0 0 0 1 3023.dat
1 4 420 -432 110 1 0 0 0 1 0 0 0 1 3710.dat
1 4 390 -432 430 1 0 0 0 1 0 0 0 1 3024.dat
1 4 420 -432 90 1 0 0 0 1 0 0 0 1 3023.dat
1 4 410 -432 130 1 0 0 0 1 0 0 0 1 3024.dat
1 4 410 -432 150 1 0 0 0 1 0 0 0 1 3024.dat
1 4 410 -432 370 0 0 1 0 1 0 -1 0 0 3623.dat
1 4 410 -432 430 1 0 0 0 1 0 0 0 1 3024.dat
1 4 450 -432 310 1 0 0 0 1 0 0 0 1 3623.dat
1 4 430 -432 400 0 0 1 0 1 0 -1 0 0 3023.dat
1 4 460 -432 150 0 0 1 0 1 0 -1 0 0 3021.dat
1 4 470 -432 210 1 0 0 0 1 0 0 0 1 3623.dat
1 4 450 -432 360 0 0 1 0 1 0 -1 0 0 3710.dat
1 4 480 -432 190 1 0 0 0 1 0 0 0 1 3023.dat
1 4 480 -432 250 0 0 1 0 1 0 -1 0 0 3021.dat
1 4 480 -432 290 1 0 0 0 1 0 0 0 1 3023.dat
1 4 470 -432 350 0 0 1 0 1 0 -1 0 0 3623.dat
1 4 490 -432 310 1 0 0 0 1 0 0 0 1 3024.dat
1 25 120 -432 210 1 0 0 0 1 0 0 0 1 3666.dat
1 25 140 -432 310 1 0 0 0 1 0 0 0 1 3666.dat
1 25 110 -432 160 0 0 1 0 1 0 -1 0 0 3710.dat
1 25 110 -432 260 0 0 1 0 1 0 -1 0 0 3710.dat
1 25 110 -432 350 0 0 1 0 1 0 -1 0 0 3623.dat
1 25 200 -432 110 1 0 0 0 1 0 0 0 1 3460.dat
1 25 240 -432 410 1 0 0 0 1 0 0 0 1 3460.dat
1 25 260 -432 210 1 0 0 0 1 0 0 0 1 3460.dat
1 25 210 -432 80 0 0 1 0 1 0 -1 0 0 3023.dat
1 25 210 -432 150 0 0 1 0 1 0 -1 0 0 3623.dat
1 25 210 -432 190 1 0 0 0 1 0 0 0 1 3024.dat
1 25 210 -432 300 0 0 1 0 1 0 -1 0 0 3460.dat
1 25 210 -432 390 1 0 0 0 1 0 0 0 1 3024.dat
1 25 300 -432 310 1 0 0 0 1 0 0 0 1 3460.dat
1 25 320 -432 110 1 0 0 0 1 0 0 0 1 3710.dat
1 25 310 -432 150 0 0 1 0 1 0 -1 0 0 3623.dat
1 25 310 -432 190 1 0 0 0 1 0 0 0 1 3024.dat
1 25 310 -432 250 0 0 1 0 1 0 -1 0 0 3623.dat
1 25 310 -432 290 1 0 0 0 1 0 0 0 1 3024.dat
1 25 310 -432 350 0 0 1 0 1 0 -1 0 0 3623.dat
1 25 310 -432 390 1 0 0 0 1 0 0 0 1 3024.dat
1 25 330 -432 410 1 0 0 0 1 0 0 0 1 3024.dat
1 25 370 -432 210 1 0 0 0 1 0 0 0 1 3623.dat
1 25 400 -432 310 1 0 0 0 1 0 0 0 1 3023.dat
1 25 410 -432 220 0 0 1 0 1 0 -1 0 0 3666.dat
1 25 410 -432 290 1 0 0 0 1 0 0 0 1 3024.dat
1 25 410 -432 330 1 0 0 0 1 0 0 0 1 3024.dat
1 25 430 -432 210 1 0 0 0 1 0 0 0 1 3024.dat
1 4 20 -440 220 0 0 1 0 1 0 -1 0 0 3020.dat
1 4 20 -440 290 0 0 1 0 1 0 -1 0 0 3021.dat
1 4 40 -440 150 0 0 1 0 1 0 -1 0 0 3021.dat
1 4 40 -440 350 0 0 1 0 1 0 -1 0 0 3021.dat
1 4 70 -440 110 1 0 0 0 1 0 0 0 1 3623.dat
1 4 60 -440 310 1 0 0 0 1 0 0 0 1 3023.dat
1 4 60 -440 390 1 0 0 0 1 0 0 0 1 3023.dat
1 4 80 -440 90 1 0 0 0 1 0 0 0 1 3023.dat
1 4 100 -440 410 1 0 0 0 1 0 0 0 1 3710.dat
1 4 100 -440 70 1 0 0 0 1 0 0 0 1 3023.dat
1 4 90 -440 430 1 0 0 0 1 0 0 0 1 3024.dat
1 4 140 -440 50 1 0 0 0 1 0 0 0 1 3710.dat
1 4 110 -440 100 0 0 1 0 1 0 -1 0 0 3023.dat
1 4 110 -440 440 0 0 1 0 1 0 -1 0 0 3023.dat
1 4 200 -440 30 1 0 0 0 1 0 0 0 1 3460.dat
1 4 150 -440 460 1 0 0 0 1 0 0 0 1 3021.dat
1 4 150 -440 410 1 0 0 0 1 0 0 0 1 3024.dat
1 4 240 -440 10 1 0 0 0 1 0 0 0 1 3666.dat
1 4 240 -440 480 1 0 0 0 1 0 0 0 1 3795.dat
1 4 320 -440 30 1 0 0 0 1 0 0 0 1 3710.dat
1 4 310 -440 10 1 0 0 0 1 0 0 0 1 3024.dat
1 4 340 -440 50 1 0 0 0 1 0 0 0 1 3710.dat
1 4 310 -440 460 0 0 1 0 1 0 -1 0 0 3710.dat
1 4 350 -440 460 1 0 0 0 1 0 0 0 1 3021.dat
1 4 370 -440 410 1 0 0 0 1 0 0 0 1 3623.dat
1 4 370 -440 30 1 0 0 0 1 0 0 0 1 3024.dat
1 4 390 -440 60 0 0 1 0 1 0 -1 0 0 3023.dat
1 4 410 -440 110 1 0 0 0 1 0 0 0 1 3623.dat
1 4 400 -440 430 1 0 0 0 1 0 0 0 1 3023.dat
1 4 390 -440 450 1 0 0 0 1 0 0 0 1 3024.dat
1 4 410 -440 80 0 0 1 0 1 0 -1 0 0 3023.dat
1 4 410 -440 140 0 0 1 0 1 0 -1 0 0 3023.dat
1 4 410 -440 380 0 0 1 0 1 0 -1 0 0 3710.dat
1 4 430 -440 90 1 0 0 0 1 0 0 0 1 3024.dat
1 4 460 -440 310 1 0 0 0 1 0 0 0 1 3710.dat
1 4 440 -440 390 1 0 0 0 1 0 0 0 1 3023.dat
1 4 430 -440 410 1 0 0 0 1 0 0 0 1 3024.dat
1 4 450 -440 140 0 0 1 0 1 0 -1 0 0 3710.dat
1 4 460 -440 210 1 0 0 0 1 0 0 0 1 3023.dat
1 4 460 -440 350 0 0 1 0 1 0 -1 0 0 3021.dat
1 4 470 -440 160 0 0 1 0 1 0 -1 0 0 3710.dat
1 4 480 -440 260 0 0 1 0 1 0 -1 0 0 3020.dat
1 4 490 -440 200 0 0 1 0 1 0 -1 0 0 3023.dat
1 25 140 -440 210 1 0 0 0 1 0 0 0 1 3460.dat
1 25 160 -440 310 1 0 0 0 1 0 0 0 1 3460.dat
1 25 110 -440 150 0 0 1 0 1 0 -1 0 0 3623.dat
1 25 110 -440 190 1 0 0 0 1 0 0 0 1 3024.dat
1 25 110 -440 250 0 0 1 0 1 0 -1 0 0 3623.dat
1 25 110 -440 290 1 0 0 0 1 0 0 0 1 3024.dat
1 25 110 -440 340 0 0 1 0 1 0 -1 0 0 3023.dat
1 25 110 -440 370 1 0 0 0 1 0 0 0 1 3024.dat
1 25 180 -440 110 1 0 0 0 1 0 0 0 1 3666.dat
1 25 220 -440 410 1 0 0 0 1 0 0 0 1 3666.dat
1 25 210 -440 70 1 0 0 0 1 0 0 0 1 3024.dat
1 25 210 -440 90 1 0 0 0 1 0 0 0 1 3024.dat
1 25 210 -440 160 0 0 1 0 1 0 -1 0 0 3710.dat
1 25 210 -440 260 0 0 1 0 1 0 -1 0 0 3710.dat
1 25 210 -440 360 0 0 1 0 1 0 -1 0 0 3710.dat
1 25 300 -440 210 1 0 0 0 1 0 0 0 1 3460.dat
1 25 300 -440 110 1 0 0 0 1 0 0 0 1 3666.dat
1 25 320 -440 310 1 0 0 0 1 0 0 0 1 3460.dat
1 25 310 -440 410 1 0 0 0 1 0 0 0 1 3623.dat
1 25 310 -440 160 0 0 1 0 1 0 -1 0 0 3710.dat
1 25 310 -440 260 0 0 1 0 1 0 -1 0 0 3710.dat
1 25 310 -440 360 0 0 1 0 1 0 -1 0 0 3710.dat
1 25 410 -440 210 1 0 0 0 1 0 0 0 1 3623.dat
1 25 410 -440 180 0 0 1 0 1 0 -1 0 0 3023.dat
1 25 410 -440 280 0 0 1 0 1 0 -1 0 0 3666.dat
1 4 20 -448 240 0 0 1 0 1 0 -1 0 0 3795.dat
1 4 40 -448 310 1 0 0 0 1 0 0 0 1 3710.dat
1 4 40 -448 140 1 0 0 0 1 0 0 0 1 3022.dat
1 4 40 -448 170 1 0 0 0 1 0 0 0 1 3023.dat
1 4 40 -448 340 1 0 0 0 1 0 0 0 1 3022.dat
1 4 40 -448 370 1 0 0 0 1 0 0 0 1 3023.dat
1 4 80 -448 110 1 0 0 0 1 0 0 0 1 3710.dat
1 4 50 -448 210 1 0 0 0 1 0 0 0 1 3024.dat
1 4 50 -448 390 1 0 0 0 1 0 0 0 1 3024.dat
1 4 90 -448 90 1 0 0 0 1 0 0 0 1 3623.dat
1 4 70 -448 400 0 0 1 0 1 0 -1 0 0 3023.dat
1 4 90 -448 70 1 0 0 0 1 0 0 0 1 3024.dat
1 4 120 -448 410 1 0 0 0 1 0 0 0 1 3710.dat
1 4 100 -448 430 1 0 0 0 1 0 0 0 1 3023.dat
1 4 130 -448 50 1 0 0 0 1 0 0 0 1 3623.dat
1 4 110 -448 70 1 0 0 0 1 0 0 0 1 3024.dat
1 4 110 -448 390 1 0 0 0 1 0 0 0 1 3024.dat
1 4 140 -448 450 1 0 0 0 1 0 0 0 1 3710.dat
1 4 180 -448 30 1 0 0 0 1 0 0 0 1 3666.dat
1 4 200 -448 470 1 0 0 0 1 0 0 0 1 3460.dat
1 4 170 -448 50 1 0 0 0 1 0 0 0 1 3024.dat
1 4 220 -448 10 1 0 0 0 1 0 0 0 1 3710.dat
1 4 240 -448 490 1 0 0 0 1 0 0 0 1 3666.dat
1 4 300 -448 30 1 0 0 0 1 0 0 0 1 3666.dat
1 4 290 -448 10 1 0 0 0 1 0 0 0 1 3623.dat
1 4 320 -448 470 1 0 0 0 1 0 0 0 1 3710.dat
1 4 330 -448 50 1 0 0 0 1 0 0 0 1 3623.dat
1 4 310 -448 440 0 0 1 0 1 0 -1 0 0 3023.dat
1 4 310 -448 490 1 0 0 0 1 0 0 0 1 3024.dat
1 4 360 -448 450 1 0 0 0 1 0 0 0 1 3710.dat
1 4 380 -448 410 1 0 0 0 1 0 0 0 1 3710.dat
1 4 370 -448 40 0 0 1 0 1 0 -1 0 0 3023.dat
1 4 370 -448 470 1 0 0 0 1 0 0 0 1 3024.dat
1 4 390 -448 50 1 0 0 0 1 0 0 0 1 3024.dat
1 4 400 -448 70 1 0 0 0 1 0 0 0 1 3023.dat
1 4 420 -448 110 1 0 0 0 1 0 0 0 1 3710.dat
1 4 390 -448 430 1 0 0 0 1 0 0 0 1 3024.dat
1 4 420 -448 90 1 0 0 0 1 0 0 0 1 3023.dat
1 4 410 -448 130 1 0 0 0 1 0 0 0 1 3024.dat
1 4 410 -448 150 1 0 0 0 1 0 0 0 1 3024.dat
1 4 410 -448 370 0 0 1 0 1 0 -1 0 0 3623.dat
1 4 410 -448 430 1 0 0 0 1 0 0 0 1 3024.dat
1 4 450 -448 310 1 0 0 0 1 0 0 0 1 3623.dat
1 4 430 -448 400 0 0 1 0 1 0 -1 0 0 3023.dat
1 4 460 -448 150 0 0 1 0 1 0 -1 0 0 3021.dat
1 4 470 -448 210 1 0 0 0 1 0 0 0 1 3623.dat
1 4 450 -448 360 0 0 1 0 1 0 -1 0 0 3710.dat
1 4 480 -448 190 1 0 0 0 1 0 0 0 1 3023.dat
1 4 480 -448 250 0 0 1 0 1 0 -1 0 0 3021.dat
1 4 480 -448 290 1 0 0 0 1 0 0 0 1 3023.dat
1 4 470 -448 350 0 0 1 0 1 0 -1 0 0 3623.dat
1 4 490 -448 310 1 0 0 0 1 0 0 0 1 3024.dat
1 25 120 -448 210 1 0 0 0 1 0 0 0 1 3666.dat
1 25 140 -448 310 1 0 0 0 1 0 0 0 1 3666.dat
1 25 110 -448 160 0 0 1 0 1 0 -1 0 0 3710.dat
1 25 110 -448 260 0 0 1 0 1 0 -1 0 0 3710.dat
1 25 110 -448 350 0 0 1 0 1 0 -1 0 0 3623.dat
1 25 200 -448 110 1 0 0 0 1 0 0 0 1 3460.dat
1 25 240 -448 410 1 0 0 0 1 0 0 0 1 3460.dat
1 25 260 -448 210 1 0 0 0 1 0 0 0 1 3460.dat
1 25 210 -448 80 0 0 1 0 1 0 -1 0 0 3023.dat
1 25 210 -448 150 0 0 1 0 1 0 -1 0 0 3623.dat
1 25 210 -448 190 1 0 0 0 1 0 0 0 1 3024.dat
1 25 210 -448 300 0 0 1 0 1 0 -1 0 0 3460.dat
1 25 210 -448 390 1 0 0 0 1 0 0 0 1 3024.dat
1 25 300 -448 310 1 0 0 0 1 0 0 0 1 3460.dat
1 25 320 -448 110 1 0 0 0 1 0 0 0 1 3710.dat
1 25 310 -448 90 1 0 0 0 1 0 0 0 1 3024.dat
1 25 310 -448 150 0 0 1 0 1 0 -1 0 0 3623.dat
1 25 310 -448 190 1 0 0 0 1 0 0 0 1 3024.dat
1 25 310 -448 250 0 0 1 0 1 0 -1 0 0 3623.dat
1 25 310 -448 290 1 0 0 0 1 0 0 0 1 3024.dat
1 25 310 -448 350 0 0 1 0 1 0 -1 0 0 3623.dat
1 25 310 -448 390 1 0 0 0 1 0 0 0 1 3024.dat
1 25 330 -448 410 1 0 0 0 1 0 0 0 1 3024.dat
1 25 380 -448 210 1 0 0 0 1 0 0 0 1 3710.dat
1 25 400 -448 310 1 0 0 0 1 0 0 0 1 3023.dat
1 25 410 -448 170 1 0 0 0 1 0 0 0 1 3024.dat
1 25 410 -448 190 1 0 0 0 1 0 0 0 1 3024.dat
1 25 410 -448 260 0 0 1 0 1 0 -1 0 0 3710.dat
1 25 430 -448 210 1 0 0 0 1 0 0 0 1 3024.dat
1 4 20 -456 220 0 0 1 0 1 0 -1 0 0 3020.dat
1 4 20 -456 290 0 0 1 0 1 0 -1 0 0 3021.dat
1 4 40 -456 150 0 0 1 0 1 0 -1 0 0 3021.dat
1 4 40 -456 350 0 0 1 0 1 0 -1 0 0 3021.dat
1 4 70 -456 110 1 0 0 0 1 0 0 0 1 3623.dat
1 4 60 -456 210 1 0 0 0 1 0 0 0 1 3023.dat
1 4 60 -456 310 1 0 0 0 1 0 0 0 1 3023.dat
1 4 60 -456 390 1 0 0 0 1 0 0 0 1 3023.dat
1 4 80 -456 90 1 0 0 0 1 0 0 0 1 3023.dat
1 4 100 -456 410 1 0 0 0 1 0 0 0 1 3710.dat
1 4 100 -456 70 1 0 0 0 1 0 0 0 1 3023.dat
1 4 90 -456 430 1 0 0 0 1 0 0 0 1 3024.dat
1 4 140 -456 50 1 0 0 0 1 0 0 0 1 3710.dat
1 4 110 -456 110 0 0 1 0 1 0 -1 0 0 3623.dat
1 4 110 -456 380 0 0 1 0 1 0 -1 0 0 3023.dat
1 4 110 -456 440 0 0 1 0 1 0 -1 0 0 3023.dat
1 4 200 -456 30 1 0 0 0 1 0 0 0 1 3460.dat
1 4 150 -456 460 1 0 0 0 1 0 0 0 1 3021.dat
1 4 150 -456 410 1 0 0 0 1 0 0 0 1 3024.dat
1 4 240 -456 10 1 0 0 0 1 0 0 0 1 3666.dat
1 4 240 -456 480 1 0 0 0 1 0 0 0 1 3795.dat
1 4 210 -456 60 0 0 1 0 1 0 -1 0 0 3023.dat
1 4 210 -456 440 0 0 1 0 1 0 -1 0 0 3023.dat
1 4 320 -456 30 1 0 0 0 1 0 0 0 1 3710.dat
1 4 310 -456 10 1 0 0 0 1 0 0 0 1 3024.dat
1 4 340 -456 50 1 0 0 0 1 0 0 0 1 3710.dat
1 4 310 -456 460 0 0 1 0 1 0 -1 0 0 3710.dat
1 4 350 -456 460 1 0 0 0 1 0 0 0 1 3021.dat
1 4 370 -456 410 1 0 0 0 1 0 0 0 1 3623.dat
1 4 370 -456 30 1 0 0 0 1 0 0 0 1 3024.dat
1 4 400 -456 110 1 0 0 0 1 0 0 0 1 3710.dat
1 4 390 -456 60 0 0 1 0 1 0 -1 0 0 3023.dat
1 4 400 -456 430 1 0 0 0 1 0 0 0 1 3023.dat
1 4 390 -456 450 1 0 0 0 1 0 0 0 1 3024.dat
1 4 410 -456 80 0 0 1 0 1 0 -1 0 0 3023.dat
1 4 410 -456 140 0 0 1 0 1 0 -1 0 0 3023.dat
1 4 410 -456 380 0 0 1 0 1 0 -1 0 0 3710.dat
1 4 430 -456 90 1 0 0 0 1 0 0 0 1 3024.dat
1 4 460 -456 210 1 0 0 0 1 0 0 0 1 3710.dat
1 4 460 -456 310 1 0 0 0 1 0 0 0 1 3710.dat
1 4 440 -456 390 1 0 0 0 1 0 0 0 1 3023.dat
1 4 430 -456 410 1 0 0 0 1 0 0 0 1 3024.dat
1 4 450 -456 140 0 0 1 0 1 0 -1 0 0 3710.dat
1 4 460 -456 350 0 0 1 0 1 0 -1 0 0 3021.dat
1 4 470 -456 160 0 0 1 0 1 0 -1 0 0 3710.dat
1 4 480 -456 260 0 0 1 0 1 0 -1 0 0 3020.dat
1 4 490 -456 190 1 0 0 0 1 0 0 0 1 3024.dat
1 25 160 -456 210 1 0 0 0 1 0 0 0 1 3460.dat
1 25 160 -456 310 1 0 0 0 1 0 0 0 1 3460.dat
1 25 110 -456 170 0 0 1 0 1 0 -1 0 0 3623.dat
1 25 110 -456 250 0 0 1 0 1 0 -1 0 0 3623.dat
1 25 110 -456 290 1 0 0 0 1 0 0 0 1 3024.dat
1 25 110 -456 340 0 0 1 0 1 0 -1 0 0 3023.dat
1 25 220 -456 110 1 0 0 0 1 0 0 0 1 3460.dat
1 25 220 -456 410 1 0 0 0 1 0 0 0 1 3666.dat
1 25 210 -456 160 0 0 1 0 1 0 -1 0 0 3710.dat
1 25 210 -456 260 0 0 1 0 1 0 -1 0 0 3710.dat
1 25 210 -456 360 0 0 1 0 1 0 -1 0 0 3710.dat
1 25 320 -456 210 1 0 0 0 1 0 0 0 1 3460.dat
1 25 320 -456 310 1 0 0 0 1 0 0 0 1 3460.dat
1 25 310 -456 410 1 0 0 0 1 0 0 0 1 3623.dat
1 25 310 -456 140 0 0 1 0 1 0 -1 0 0 3666.dat
1 25 310 -456 260 0 0 1 0 1 0 -1 0 0 3710.dat
1 25 310 -456 360 0 0 1 0 1 0 -1 0 0 3710.dat
1 25 340 -456 110 1 0 0 0 1 0 0 0 1 3023.dat
1 25 410 -456 240 0 0 1 0 1 0 -1 0 0 3460.dat
1 4 20 -464 240 0 0 1 0 1 0 -1 0 0 3795.dat
1 4 40 -464 310 1 0 0 0 1 0 0 0 1 3710.dat
1 4 40 -464 140 1 0 0 0 1 0 0 0 1 3022.dat
1 4 40 -464 170 1 0 0 0 1 0 0 0 1 3023.dat
1 4 40 -464 340 1 0 0 0 1 0 0 0 1 3022.dat
1 4 40 -464 370 1 0 0 0 1 0 0 0 1 3023.dat
1 4 80 -464 110 1 0 0 0 1 0 0 0 1 3710.dat
1 4 50 -464 210 1 0 0 0 1 0 0 0 1 3024.dat
1 4 50 -464 390 1 0 0 0 1 0 0 0 1 3024.dat
1 4 90 -464 90 1 0 0 0 1 0 0 0 1 3623.dat
1 4 70 -464 210 1 0 0 0 1 0 0 0 1 3024.dat
1 4 70 -464 400 0 0 1 0 1 0 -1 0 0 3023.dat
1 4 90 -464 70 1 0 0 0 1 0 0 0 1 3024.dat
1 4 120 -464 410 1 0 0 0 1 0 0 0 1 3710.dat
1 4 100 -464 430 1 0 0 0 1 0 0 0 1 3023.dat
1 4 130 -464 50 1 0 0 0 1 0 0 0 1 3623.dat
1 4 110 -464 70 1 0 0 0 1 0 0 0 1 3024.dat
1 4 110 -464 130 1 0 0 0 1 0 0 0 1 3024.dat
1 4 110 -464 370 1 0 0 0 1 0 0 0 1 3024.dat
1 4 110 -464 390 1 0 0 0 1 0 0 0 1 3024.dat
1 4 140 -464 450 1 0 0 0 1 0 0 0 1 3710.dat
1 4 180 -464 30 1 0 0 0 1 0 0 0 1 3666.dat
1 4 200 -464 470 1 0 0 0 1 0 0 0 1 3460.dat
1 4 170 -464 50 1 0 0 0 1 0 0 0 1 3024.dat
1 4 220 -464 10 1 0 0 0 1 0 0 0 1 3710.dat
1 4 240 -464 490 1 0 0 0 1 0 0 0 1 3666.dat
1 4 210 -464 50 1 0 0 0 1 0 0 0 1 3024.dat
1 4 210 -464 70 1 0 0 0 1 0 0 0 1 3024.dat
1 4 210 -464 430 1 0 0 0 1 0 0 0 1 3024.dat
1 4 210 -464 450 1 0 0 0 1 0 0 0 1 3024.dat
1 4 300 -464 30 1 0 0 0 1 0 0 0 1 3666.dat
1 4 290 -464 10 1 0 0 0 1 0 0 0 1 3623.dat
1 4 320 -464 470 1 0 0 0 1 0 0 0 1 3710.dat
1 4 330 -464 50 1 0 0 0 1 0 0 0 1 3623.dat
1 4 310 -464 440 0 0 1 0 1 0 -1 0 0 3023.dat
1 4 310 -464 490 1 0 0 0 1 0 0 0 1 3024.dat
1 4 360 -464 450 1 0 0 0 1 0 0 0 1 3710.dat
1 4 380 -464 410 1 0 0 0 1 0 0 0 1 3710.dat
1 4 370 -464 40 0 0 1 0 1 0 -1 0 0 3023.dat
1 4 390 -464 110 1 0 0 0 1 0 0 0 1 3623.dat
1 4 370 -464 470 1 0 0 0 1 0 0 0 1 3024.dat
1 4 390 -464 50 1 0 0 0 1 0 0 0 1 3024.dat
1 4 400 -464 70 1 0 0 0 1 0 0 0 1 3023.dat
1 4 390 -464 430 1 0 0 0 1 0 0 0 1 3024.dat
1 4 420 -464 90 1 0 0 0 1 0 0 0 1 3023.dat
1 4 410 -464 130 1 0 0 0 1 0 0 0 1 3024.dat
1 4 410 -464 150 1 0 0 0 1 0 0 0 1 3024.dat
1 4 410 -464 370 0 0 1 0 1 0 -1 0 0 3623.dat
1 4 410 -464 430 1 0 0 0 1 0 0 0 1 3024.dat
1 4 440 -464 110 1 0 0 0 1 0 0 0 1 3023.dat
1 4 450 -464 210 1 0 0 0 1 0 0 0 1 3623.dat
1 4 450 -464 310 1 0 0 0 1 0 0 0 1 3623.dat
1 4 430 -464 400 0 0 1 0 1 0 -1 0 0 3023.dat
1 4 460 -464 150 0 0 1 0 1 0 -1 0 0 3021.dat
1 4 450 -464 360 0 0 1 0 1 0 -1 0 0 3710.dat
1 4 480 -464 190 1 0 0 0 1 0 0 0 1 3023.dat
1 4 480 -464 250 0 0 1 0 1 0 -1 0 0 3021.dat
1 4 480 -464 290 1 0 0 0 1 0 0 0 1 3023.dat
1 4 470 -464 350 0 0 1 0 1 0 -1 0 0 3623.dat
1 4 490 -464 210 1 0 0 0 1 0 0 0 1 3024.dat
1 4 490 -464 310 1 0 0 0 1 0 0 0 1 3024.dat
1 25 140 -464 210 1 0 0 0 1 0 0 0 1 3666.dat
1 25 140 -464 310 1 0 0 0 1 0 0 0 1 3666.dat
1 25 110 -464 160 0 0 1 0 1 0 -1 0 0 3023.dat
1 25 110 -464 190 1 0 0 0 1 0 0 0 1 3024.dat
1 25 110 -464 260 0 0 1 0 1 0 -1 0 0 3710.dat
1 25 110 -464 330 1 0 0 0 1 0 0 0 1 3024.dat
1 25 110 -464 350 1 0 0 0 1 0 0 0 1 3024.dat
1 25 200 -464 110 1 0 0 0 1 0 0 0 1 3666.dat
1 25 240 -464 410 1 0 0 0 1 0 0 0 1 3460.dat
1 25 210 -464 200 0 0 1 0 1 0 -1 0 0 3460.dat
1 25 210 -464 340 0 0 1 0 1 0 -1 0 0 3666.dat
1 25 300 -464 210 1 0 0 0 1 0 0 0 1 3460.dat
1 25 300 -464 310 1 0 0 0 1 0 0 0 1 3460.dat
1 25 300 -464 110 1 0 0 0 1 0 0 0 1 3710.dat
1 25 310 -464 90 1 0 0 0 1 0 0 0 1 3024.dat
1 25 310 -464 160 0 0 1 0 1 0 -1 0 0 3710.dat
1 25 310 -464 250 0 0 1 0 1 0 -1 0 0 3623.dat
1 25 310 -464 290 1 0 0 0 1 0 0 0 1 3024.dat
1 25 310 -464 350 0 0 1 0 1 0 -1 0 0 3623.dat
1 25 310 -464 390 1 0 0 0 1 0 0 0 1 3024.dat
1 25 330 -464 410 1 0 0 0 1 0 0 0 1 3024.dat
1 25 350 -464 110 1 0 0 0 1 0 0 0 1 3024.dat
1 25 400 -464 210 1 0 0 0 1 0 0 0 1 3023.dat
1 25 400 -464 310 1 0 0 0 1 0 0 0 1 3023.dat
1 25 410 -464 180 0 0 1 0 1 0 -1 0 0 3023.dat
1 25 410 -464 260 0 0 1 0 1 0 -1 0 0 3710.dat
1 4 20 -472 220 0 0 1 0 1 0 -1 0 0 3020.dat
1 4 20 -472 290 0 0 1 0 1 0 -1 0 0 3021.dat
1 4 40 -472 150 0 0 1 0 1 0 -1 0 0 3021.dat
1 4 40 -472 350 0 0 1 0 1 0 -1 0 0 3021.dat
1 4 70 -472 110 1 0 0 0 1 0 0 0 1 3623.dat
1 4 60 -472 210 1 0 0 0 1 0 0 0 1 3023.dat
1 4 60 -472 310 1 0 0 0 1 0 0 0 1 3023.dat
1 4 60 -472 390 1 0 0 0 1 0 0 0 1 3023.dat
1 4 80 -472 90 1 0 0 0 1 0 0 0 1 3023.dat
1 4 100 -472 410 1 0 0 0 1 0 0 0 1 3710.dat
1 4 100 -472 70 1 0 0 0 1 0 0 0 1 3023.dat
1 4 90 -472 430 1 0 0 0 1 0 0 0 1 3024.dat
1 4 140 -472 50 1 0 0 0 1 0 0 0 1 3710.dat
1 4 110 -472 110 0 0 1 0 1 0 -1 0 0 3623.dat
1 4 110 -472 380 0 0 1 0 1 0 -1 0 0 3023.dat
1 4 110 -472 440 0 0 1 0 1 0 -1 0 0 3023.dat
1 4 200 -472 30 1 0 0 0 1 0 0 0 1 3460.dat
1 4 150 -472 460 1 0 0 0 1 0 0 0 1 3021.dat
1 4 150 -472 410 1 0 0 0 1 0 0 0 1 3024.dat
1 4 240 -472 10 1 0 0 0 1 0 0 0 1 3666.dat
1 4 240 -472 480 1 0 0 0 1 0 0 0 1 3795.dat
1 4 210 -472 60 0 0 1 0 1 0 -1 0 0 3023.dat
1 4 210 -472 440 0 0 1 0 1 0 -1 0 0 3023.dat
1 4 320 -472 30 1 0 0 0 1 0 0 0 1 3710.dat
1 4 310 -472 10 1 0 0 0 1 0 0 0 1 3024.dat
1 4 340 -472 50 1 0 0 0 1 0 0 0 1 3710.dat
1 4 310 -472 460 0 0 1 0 1 0 -1 0 0 3710.dat
1 4 350 -472 460 1 0 0 0 1 0 0 0 1 3021.dat
1 4 370 -472 410 1 0 0 0 1 0 0 0 1 3623.dat
1 4 370 -472 30 1 0 0 0 1 0 0 0 1 3070b.dat
1 4 400 -472 110 1 0 0 0 1 0 0 0 1 3710.dat
1 4 390 -472 60 0 0 1 0 1 0 -1 0 0 3023.dat
1 4 400 -472 430 1 0 0 0 1 0 0 0 1 3023.dat
1 4 390 -472 450 1 0 0 0 1 0 0 0 1 3024.dat
1 4 410 -472 80 0 0 1 0 1 0 -1 0 0 3023.dat
1 4 410 -472 140 0 0 1 0 1 0 -1 0 0 3023.dat
1 4 410 -472 380 0 0 1 0 1 0 -1 0 0 3710.dat
1 4 430 -472 90 1 0 0 0 1 0 0 0 1 3024.dat
1 4 460 -472 210 1 0 0 0 1 0 0 0 1 3710.dat
1 4 460 -472 310 1 0 0 0 1 0 0 0 1 3710.dat
1 4 440 -472 390 1 0 0 0 1 0 0 0 1 3023.dat
1 4 430 -472 410 1 0 0 0 1 0 0 0 1 3024.dat
1 4 450 -472 140 0 0 1 0 1 0 -1 0 0 3710.dat
1 4 460 -472 350 0 0 1 0 1 0 -1 0 0 3021.dat
1 4 470 -472 160 0 0 1 0 1 0 -1 0 0 3710.dat
1 4 480 -472 260 0 0 1 0 1 0 -1 0 0 3020.dat
1 4 490 -472 190 1 0 0 0 1 0 0 0 1 3024.dat
1 25 160 -472 210 1 0 0 0 1 0 0 0 1 3460.dat
1 25 160 -472 310 1 0 0 0 1 0 0 0 1 3460.dat
1 25 110 -472 170 0 0 1 0 1 0 -1 0 0 3623.dat
1 25 110 -472 250 0 0 1 0 1 0 -1 0 0 3623.dat
1 25 110 -472 290 1 0 0 0 1 0 0 0 1 3024.dat
1 25 110 -472 340 0 0 1 0 1 0 -1 0 0 3023.dat
1 25 220 -472 110 1 0 0 0 1 0 0 0 1 3460.dat
1 25 220 -472 410 1 0 0 0 1 0 0 0 1 3666.dat
1 25 210 -472 160 0 0 1 0 1 0 -1 0 0 3710.dat
1 25 210 -472 260 0 0 1 0 1 0 -1 0 0 3710.dat
1 25 210 -472 360 0 0 1 0 1 0 -1 0 0 3710.dat
1 25 320 -472 210 1 0 0 0 1 0 0 0 1 3460.dat
1 25 320 -472 310 1 0 0 0 1 0 0 0 1 3460.dat
1 25 310 -472 410 1 0 0 0 1 0 0 0 1 3623.dat
1 25 310 -472 140 0 0 1 0 1 0 -1 0 0 3666.dat
1 25 310 -472 260 0 0 1 0 1 0 -1 0 0 3710.dat
1 25 310 -472 360 0 0 1 0 1 0 -1 0 0 3710.dat
1 25 340 -472 110 1 0 0 0 1 0 0 0 1 3023.dat
1 25 410 -472 240 0 0 1 0 1 0 -1 0 0 3460.dat
1 25 410 -472 330 1 0 0 0 1 0 0 0 1 3024.dat
1 4 20 -480 240 0 0 1 0 1 0 -1 0 0 3795.dat
1 4 40 -480 310 1 0 0 0 1 0 0 0 1 3710.dat
1 4 40 -480 160 1 0 0 0 1 0 0 0 1 3022.dat
1 4 40 -480 340 1 0 0 0 1 0 0 0 1 3022.dat
1 4 80 -480 110 1 0 0 0 1 0 0 0 1 3710.dat
1 4 60 -480 130 1 0 0 0 1 0 0 0 1 3023.dat
1 4 50 -480 210 1 0 0 0 1 0 0 0 1 3024.dat
1 4 60 -480 380 1 0 0 0 1 0 0 0 1 3022.dat
1 4 90 -480 90 1 0 0 0 1 0 0 0 1 3623.dat
1 4 70 -480 210 1 0 0 0 1 0 0 0 1 3024.dat
1 4 120 -480 410 1 0 0 0 1 0 0 0 1 3666.dat
1 4 110 -480 70 1 0 0 0 1 0 0 0 1 3623.dat
1 4 110 -480 430 1 0 0 0 1 0 0 0 1 3623.dat
1 4 130 -480 50 1 0 0 0 1 0 0 0 1 3623.dat
1 4 110 -480 130 1 0 0 0 1 0 0 0 1 3024.dat
1 4 110 -480 370 1 0 0 0 1 0 0 0 1 3024.dat
1 4 110 -480 390 1 0 0 0 1 0 0 0 1 3024.dat
1 4 140 -480 450 1 0 0 0 1 0 0 0 1 3710.dat
1 4 130 -480 110 1 0 0 0 1 0 0 0 1 3024.dat
1 4 220 -480 30 1 0 0 0 1 0 0 0 1 3460.dat
1 4 220 -480 470 1 0 0 0 1 0 0 0 1 3460.dat
1 4 170 -480 50 1 0 0 0 1 0 0 0 1 3024.dat
1 4 220 -480 10 1 0 0 0 1 0 0 0 1 3710.dat
1 4 240 -480 490 1 0 0 0 1 0 0 0 1 3666.dat
1 4 210 -480 50 1 0 0 0 1 0 0 0 1 3024.dat
1 4 210 -480 70 1 0 0 0 1 0 0 0 1 3024.dat
1 4 210 -480 430 1 0 0 0 1 0 0 0 1 3024.dat
1 4 210 -480 450 1 0 0 0 1 0 0 0 1 3024.dat
1 4 290 -480 10 1 0 0 0 1 0 0 0 1 3623.dat
1 4 330 -480 40 1 0 0 0 1 0 0 0 1 3021.dat
1 4 310 -480 450 0 0 1 0 1 0 -1 0 0 3623.dat
1 4 310 -480 490 1 0 0 0 1 0 0 0 1 3024.dat
1 4 380 -480 410 1 0 0 0 1 0 0 0 1 3666.dat
1 4 360 -480 450 1 0 0 0 1 0 0 0 1 3710.dat
1 4 340 -480 470 1 0 0 0 1 0 0 0 1 3023.dat
1 4 380 -480 60 1 0 0 0 1 0 0 0 1 3022.dat
1 4 390 -480 110 1 0 0 0 1 0 0 0 1 3623.dat
1 4 390 -480 430 1 0 0 0 1 0 0 0 1 3623.dat
1 4 410 -480 70 1 0 0 0 1 0 0 0 1 3024.dat
1 4 420 -480 90 1 0 0 0 1 0 0 0 1 3023.dat
1 4 430 -480 130 1 0 0 0 1 0 0 0 1 3623.dat
1 4 410 -480 160 0 0 1 0 1 0 -1 0 0 3023.dat
1 4 410 -480 360 0 0 1 0 1 0 -1 0 0 3710.dat
1 4 440 -480 110 1 0 0 0 1 0 0 0 1 3023.dat
1 4 450 -480 210 1 0 0 0 1 0 0 0 1 3623.dat
1 4 450 -480 310 1 0 0 0 1 0 0 0 1 3623.dat
1 4 440 -480 380 1 0 0 0 1 0 0 0 1 3022.dat
1 4 460 -480 160 1 0 0 0 1 0 0 0 1 3022.dat
1 4 460 -480 340 1 0 0 0 1 0 0 0 1 3022.dat
1 4 480 -480 190 1 0 0 0 1 0 0 0 1 3023.dat
1 4 480 -480 250 0 0 1 0 1 0 -1 0 0 3021.dat
1 4 480 -480 290 1 0 0 0 1 0 0 0 1 3023.dat
1 4 490 -480 210 1 0 0 0 1 0 0 0 1 3024.dat
1 4 490 -480 310 1 0 0 0 1 0 0 0 1 3024.dat
1 25 140 -480 210 1 0 0 0 1 0 0 0 1 3666.dat
1 25 140 -480 310 1 0 0 0 1 0 0 0 1 3666.dat
1 25 110 -480 160 0 0 1 0 1 0 -1 0 0 3023.dat
1 25 110 -480 190 1 0 0 0 1 0 0 0 1 3024.dat
1 25 110 -480 260 0 0 1 0 1 0 -1 0 0 3710.dat
1 25 110 -480 330 1 0 0 0 1 0 0 0 1 3024.dat
1 25 110 -480 350 1 0 0 0 1 0 0 0 1 3024.dat
1 25 200 -480 110 1 0 0 0 1 0 0 0 1 3666.dat
1 25 240 -480 410 1 0 0 0 1 0 0 0 1 3666.dat
1 25 210 -480 200 0 0 1 0 1 0 -1 0 0 3460.dat
1 25 210 -480 340 0 0 1 0 1 0 -1 0 0 3666.dat
1 25 300 -480 210 1 0 0 0 1 0 0 0 1 3460.dat
1 25 300 -480 310 1 0 0 0 1 0 0 0 1 3460.dat
1 25 300 -480 110 1 0 0 0 1 0 0 0 1 3710.dat
1 25 310 -480 90 1 0 0 0 1 0 0 0 1 3024.dat
1 25 310 -480 160 0 0 1 0 1 0 -1 0 0 3710.dat
1 25 310 -480 250 0 0 1 0 1 0 -1 0 0 3623.dat
1 25 310 -480 290 1 0 0 0 1 0 0 0 1 3024.dat
1 25 310 -480 350 0 0 1 0 1 0 -1 0 0 3623.dat
1 25 310 -480 400 0 0 1 0 1 0 -1 0 0 3023.dat
1 25 350 -480 110 1 0 0 0 1 0 0 0 1 3024.dat
1 25 400 -480 210 1 0 0 0 1 0 0 0 1 3023.dat
1 25 400 -480 310 1 0 0 0 1 0 0 0 1 3023.dat
1 25 410 -480 190 1 0 0 0 1 0 0 0 1 3024.dat
1 25 410 -480 260 0 0 1 0 1 0 -1 0 0 3710.dat
1 4 20 -488 220 0 0 1 0 1 0 -1 0 0 3020.dat
1 4 20 -488 290 0 0 1 0 1 0 -1 0 0 3021.dat
1 4 40 -488 150 1 0 0 0 1 0 0 0 1 3023.dat
1 4 40 -488 170 1 0 0 0 1 0 0 0 1 3023.dat
1 4 40 -488 330 1 0 0 0 1 0 0 0 1 3023.dat
1 4 40 -488 350 1 0 0 0 1 0 0 0 1 3023.dat
1 4 60 -488 120 1 0 0 0 1 0 0 0 1 3022.dat
1 4 60 -488 210 1 0 0 0 1 0 0 0 1 3023.dat
1 4 60 -488 310 1 0 0 0 1 0 0 0 1 3023.dat
1 4 60 -488 370 1 0 0 0 1 0 0 0 1 3023.dat
1 4 60 -488 390 1 0 0 0 1 0 0 0 1 3023.dat
1 4 80 -488 90 1 0 0 0 1 0 0 0 1 3023.dat
1 4 100 -488 410 1 0 0 0 1 0 0 0 1 3710.dat
1 4 100 -488 70 1 0 0 0 1 0 0 0 1 3023.dat
1 4 110 -488 110 1 0 0 0 1 0 0 0 1 3623.dat
1 4 100 -488 430 1 0 0 0 1 0 0 0 1 3023.dat
1 4 140 -488 50 1 0 0 0 1 0 0 0 1 3710.dat
1 4 110 -488 90 1 0 0 0 1 0 0 0 1 3024.dat
1 4 110 -488 130 1 0 0 0 1 0 0 0 1 3024.dat
1 4 110 -488 380 0 0 1 0 1 0 -1 0 0 3023.dat
1 4 130 -488 450 1 0 0 0 1 0 0 0 1 3623.dat
1 4 130 -488 70 1 0 0 0 1 0 0 0 1 3024.dat
1 4 130 -488 430 1 0 0 0 1 0 0 0 1 3024.dat
1 4 200 -488 30 1 0 0 0 1 0 0 0 1 3666.dat
1 4 160 -488 410 1 0 0 0 1 0 0 0 1 3023.dat
1 4 200 -488 470 1 0 0 0 1 0 0 0 1 3666.dat
1 4 170 -488 450 1 0 0 0 1 0 0 0 1 3024.dat
1 4 240 -488 10 1 0 0 0 1 0 0 0 1 3666.dat
1 4 220 -488 490 1 0 0 0 1 0 0 0 1 3710.dat
1 4 210 -488 60 0 0 1 0 1 0 -1 0 0 3023.dat
1 4 210 -488 440 0 0 1 0 1 0 -1 0 0 3023.dat
1 4 300 -488 30 1 0 0 0 1 0 0 0 1 3710.dat
1 4 290 -488 480 1 0 0 0 1 0 0 0 1 3021.dat
1 4 310 -488 10 1 0 0 0 1 0 0 0 1 3070b.dat
1 4 340 -488 50 1 0 0 0 1 0 0 0 1 3710.dat
1 4 310 -488 70 1 0 0 0 1 0 0 0 1 3024.dat
1 4 310 -488 440 0 0 1 0 1 0 -1 0 0 3023.dat
1 4 360 -488 410 1 0 0 0 1 0 0 0 1 3710.dat
1 4 340 -488 460 1 0 0 0 1 0 0 0 1 3022.dat
1 4 350 -488 30 1 0 0 0 1 0 0 0 1 3024.dat
1 4 390 -488 70 1 0 0 0 1 0 0 0 1 3623.dat
1 4 400 -488 110 1 0 0 0 1 0 0 0 1 3710.dat
1 4 380 -488 440 1 0 0 0 1 0 0 0 1 3022.dat
1 4 390 -488 50 1 0 0 0 1 0 0 0 1 3024.dat
1 4 410 -488 90 1 0 0 0 1 0 0 0 1 3024.dat
1 4 410 -488 150 0 0 1 0 1 0 -1 0 0 3623.dat
1 4 410 -488 380 0 0 1 0 1 0 -1 0 0 3666.dat
1 4 430 -488 90 1 0 0 0 1 0 0 0 1 3024.dat
1 4 440 -488 130 1 0 0 0 1 0 0 0 1 3023.dat
1 4 460 -488 210 1 0 0 0 1 0 0 0 1 3710.dat
1 4 460 -488 310 1 0 0 0 1 0 0 0 1 3710.dat
1 4 430 -488 390 0 0 1 0 1 0 -1 0 0 3623.dat
1 4 450 -488 110 1 0 0 0 1 0 0 0 1 3024.dat
1 4 460 -488 150 1 0 0 0 1 0 0 0 1 3023.dat
1 4 460 -488 170 1 0 0 0 1 0 0 0 1 3023.dat
1 4 450 -488 360 0 0 1 0 1 0 -1 0 0 3710.dat
1 4 470 -488 190 1 0 0 0 1 0 0 0 1 3024.dat
1 4 480 -488 260 0 0 1 0 1 0 -1 0 0 3020.dat
1 4 470 -488 340 0 0 1 0 1 0 -1 0 0 3023.dat
1 4 490 -488 190 1 0 0 0 1 0 0 0 1 3070b.dat
1 25 160 -488 210 1 0 0 0 1 0 0 0 1 3460.dat
1 25 160 -488 310 1 0 0 0 1 0 0 0 1 3460.dat
1 25 110 -488 170 0 0 1 0 1 0 -1 0 0 3623.dat
1 25 110 -488 250 0 0 1 0 1 0 -1 0 0 3623.dat
1 25 110 -488 290 1 0 0 0 1 0 0 0 1 3024.dat
1 25 110 -488 340 0 0 1 0 1 0 -1 0 0 3023.dat
1 25 220 -488 110 1 0 0 0 1 0 0 0 1 3460.dat
1 25 220 -488 410 1 0 0 0 1 0 0 0 1 3710.dat
1 25 210 -488 160 0 0 1 0 1 0 -1 0 0 3710.dat
1 25 210 -488 260 0 0 1 0 1 0 -1 0 0 3710.dat
1 25 210 -488 360 0 0 1 0 1 0 -1 0 0 3710.dat
1 25 320 -488 210 1 0 0 0 1 0 0 0 1 3460.dat
1 25 320 -488 310 1 0 0 0 1 0 0 0 1 3460.dat
1 25 290 -488 410 1 0 0 0 1 0 0 0 1 3623.dat
1 25 310 -488 140 0 0 1 0 1 0 -1 0 0 3666.dat
1 25 310 -488 260 0 0 1 0 1 0 -1 0 0 3710.dat
1 25 310 -488 360 0 0 1 0 1 0 -1 0 0 3710.dat
1 25 340 -488 110 1 0 0 0 1 0 0 0 1 3023.dat
1 25 410 -488 240 0 0 1 0 1 0 -1 0 0 3666.dat
1 25 410 -488 310 1 0 0 0 1 0 0 0 1 3024.dat
1 4 20 -496 240 0 0 1 0 1 0 -1 0 0 3020.dat
1 4 20 -496 290 1 0 0 0 1 0 0 0 1 3023.dat
1 4 40 -496 170 0 0 1 0 1 0 -1 0 0 3021.dat
1 4 40 -496 330 0 0 1 0 1 0 -1 0 0 3021.dat
1 4 100 -496 110 1 0 0 0 1 0 0 0 1 3666.dat
1 4 60 -496 130 1 0 0 0 1 0 0 0 1 3023.dat
1 4 50 -496 210 1 0 0 0 1 0 0 0 1 3024.dat
1 4 60 -496 380 1 0 0 0 1 0 0 0 1 3022.dat
1 4 90 -496 90 1 0 0 0 1 0 0 0 1 3623.dat
1 4 70 -496 210 1 0 0 0 1 0 0 0 1 3024.dat
1 4 80 -496 310 1 0 0 0 1 0 0 0 1 3023.dat
1 4 120 -496 410 1 0 0 0 1 0 0 0 1 3666.dat
1 4 110 -496 70 1 0 0 0 1 0 0 0 1 3623.dat
1 4 110 -496 430 1 0 0 0 1 0 0 0 1 3623.dat
1 4 160 -496 50 1 0 0 0 1 0 0 0 1 3666.dat
1 4 110 -496 140 0 0 1 0 1 0 -1 0 0 3023.dat
1 4 110 -496 370 0 0 1 0 1 0 -1 0 0 3623.dat
1 4 160 -496 450 1 0 0 0 1 0 0 0 1 3666.dat
1 4 220 -496 30 1 0 0 0 1 0 0 0 1 3460.dat
1 4 220 -496 470 1 0 0 0 1 0 0 0 1 3460.dat
1 4 190 -496 410 1 0 0 0 1 0 0 0 1 3024.dat
1 4 240 -496 10 1 0 0 0 1 0 0 0 1 3710.dat
1 4 210 -496 70 1 0 0 0 1 0 0 0 1 3024.dat
1 4 210 -496 430 1 0 0 0 1 0 0 0 1 3024.dat
1 4 240 -496 490 1 0 0 0 1 0 0 0 1 3710.dat
1 4 290 -496 10 1 0 0 0 1 0 0 0 1 3024.dat
1 4 290 -496 490 1 0 0 0 1 0 0 0 1 3024.dat
1 4 330 -496 40 1 0 0 0 1 0 0 0 1 3021.dat
1 4 310 -496 80 0 0 1 0 1 0 -1 0 0 3023.dat
1 4 360 -496 410 1 0 0 0 1 0 0 0 1 3666.dat
1 4 310 -496 450 0 0 1 0 1 0 -1 0 0 3623.dat
1 4 360 -496 450 1 0 0 0 1 0 0 0 1 3710.dat
1 4 340 -496 470 1 0 0 0 1 0 0 0 1 3023.dat
1 4 400 -496 110 1 0 0 0 1 0 0 0 1 3666.dat
1 4 380 -496 60 1 0 0 0 1 0 0 0 1 3022.dat
1 4 390 -496 430 1 0 0 0 1 0 0 0 1 3623.dat
1 4 410 -496 80 0 0 1 0 1 0 -1 0 0 3023.dat
1 4 410 -496 160 0 0 1 0 1 0 -1 0 0 3710.dat
1 4 440 -496 310 1 0 0 0 1 0 0 0 1 3710.dat
1 4 410 -496 360 0 0 1 0 1 0 -1 0 0 3710.dat
1 4 430 -496 90 1 0 0 0 1 0 0 0 1 3024.dat
1 4 430 -496 130 1 0 0 0 1 0 0 0 1 3024.dat
1 4 450 -496 210 1 0 0 0 1 0 0 0 1 3623.dat
1 4 440 -496 380 1 0 0 0 1 0 0 0 1 3022.dat
1 4 430 -496 410 1 0 0 0 1 0 0 0 1 3024.dat
1 4 450 -496 160 0 0 1 0 1 0 -1 0 0 3710.dat
1 4 460 -496 340 1 0 0 0 1 0 0 0 1 3022.dat
1 4 470 -496 170 0 0 1 0 1 0 -1 0 0 3623.dat
1 4 480 -496 250 0 0 1 0 1 0 -1 0 0 3021.dat
1 4 480 -496 290 1 0 0 0 1 0 0 0 1 3023.dat
1 4 490 -496 210 1 0 0 0 1 0 0 0 1 3024.dat
1 25 140 -496 210 1 0 0 0 1 0 0 0 1 3666.dat
1 25 110 -496 180 0 0 1 0 1 0 -1 0 0 3023.dat
1 25 110 -496 280 0 0 1 0 1 0 -1 0 0 3666.dat
1 25 200 -496 310 1 0 0 0 1 0 0 0 1 3460.dat
1 25 240 -496 110 1 0 0 0 1 0 0 0 1 3460.dat
1 25 210 -496 200 0 0 1 0 1 0 -1 0 0 3460.dat
1 25 210 -496 290 1 0 0 0 1 0 0 0 1 3024.dat
1 25 210 -496 350 0 0 1 0 1 0 -1 0 0 3623.dat
1 25 210 -496 400 0 0 1 0 1 0 -1 0 0 3023.dat
1 25 300 -496 210 1 0 0 0 1 0 0 0 1 3460.dat
1 25 260 -496 410 1 0 0 0 1 0 0 0 1 3710.dat
1 25 340 -496 310 1 0 0 0 1 0 0 0 1 3666.dat
1 25 310 -496 160 0 0 1 0 1 0 -1 0 0 3710.dat
1 25 310 -496 250 0 0 1 0 1 0 -1 0 0 3623.dat
1 25 310 -496 290 1 0 0 0 1 0 0 0 1 3024.dat
1 25 310 -496 350 0 0 1 0 1 0 -1 0 0 3623.dat
1 25 310 -496 390 1 0 0 0 1 0 0 0 1 3024.dat
1 25 330 -496 110 1 0 0 0 1 0 0 0 1 3024.dat
1 25 400 -496 210 1 0 0 0 1 0 0 0 1 3023.dat
1 25 410 -496 260 0 0 1 0 1 0 -1 0 0 3710.dat
1 4 20 -504 230 0 0 1 0 1 0 -1 0 0 3021.dat
1 4 20 -504 280 1 0 0 0 1 0 0 0 1 3022.dat
1 4 40 -504 160 1 0 0 0 1 0 0 0 1 3022.dat
1 4 40 -504 190 1 0 0 0 1 0 0 0 1 3023.dat
1 4 60 -504 310 1 0 0 0 1 0 0 0 1 3710.dat
1 4 40 -504 340 1 0 0 0 1 0 0 0 1 3022.dat
1 4 80 -504 110 1 0 0 0 1 0 0 0 1 3710.dat
1 4 50 -504 130 1 0 0 0 1 0 0 0 1 3024.dat
1 4 70 -504 210 1 0 0 0 1 0 0 0 1 3623.dat
1 4 60 -504 370 1 0 0 0 1 0 0 0 1 3023.dat
1 4 60 -504 390 1 0 0 0 1 0 0 0 1 3023.dat
1 4 80 -504 90 1 0 0 0 1 0 0 0 1 3023.dat
1 4 70 -504 130 1 0 0 0 1 0 0 0 1 3024.dat
1 4 140 -504 410 1 0 0 0 1 0 0 0 1 3460.dat
1 4 100 -504 70 1 0 0 0 1 0 0 0 1 3023.dat
1 4 100 -504 430 1 0 0 0 1 0 0 0 1 3023.dat
1 4 140 -504 50 1 0 0 0 1 0 0 0 1 3710.dat
1 4 110 -504 90 1 0 0 0 1 0 0 0 1 3024.dat
1 4 110 -504 130 1 0 0 0 1 0 0 0 1 3024.dat
1 4 110 -504 150 1 0 0 0 1 0 0 0 1 3024.dat
1 4 110 -504 360 0 0 1 0 1 0 -1 0 0 3023.dat
1 4 110 -504 390 1 0 0 0 1 0 0 0 1 3024.dat
1 4 140 -504 450 1 0 0 0 1 0 0 0 1 3710.dat
1 4 130 -504 70 1 0 0 0 1 0 0 0 1 3024.dat
1 4 140 -504 110 1 0 0 0 1 0 0 0 1 3023.dat
1 4 130 -504 430 1 0 0 0 1 0 0 0 1 3024.dat
1 4 200 -504 30 1 0 0 0 1 0 0 0 1 3666.dat
1 4 200 -504 470 1 0 0 0 1 0 0 0 1 3666.dat
1 4 200 -504 50 1 0 0 0 1 0 0 0 1 3023.dat
1 4 200 -504 450 1 0 0 0 1 0 0 0 1 3023.dat
1 4 230 -504 10 1 0 0 0 1 0 0 0 1 3623.dat
1 4 210 -504 80 0 0 1 0 1 0 -1 0 0 3023.dat
1 4 210 -504 430 1 0 0 0 1 0 0 0 1 3024.dat
1 4 230 -504 490 1 0 0 0 1 0 0 0 1 3623.dat
1 4 280 -504 20 1 0 0 0 1 0 0 0 1 3022.dat
1 4 300 -504 470 1 0 0 0 1 0 0 0 1 3710.dat
1 4 280 -504 490 1 0 0 0 1 0 0 0 1 3023.dat
1 4 360 -504 410 1 0 0 0 1 0 0 0 1 3460.dat
1 4 310 -504 60 0 0 1 0 1 0 -1 0 0 3710.dat
1 4 310 -504 440 0 0 1 0 1 0 -1 0 0 3023.dat
1 4 340 -504 40 1 0 0 0 1 0 0 0 1 3022.dat
1 4 350 -504 450 1 0 0 0 1 0 0 0 1 3623.dat
1 4 380 -504 110 1 0 0 0 1 0 0 0 1 3710.dat
1 4 350 -504 470 1 0 0 0 1 0 0 0 1 3024.dat
1 4 380 -504 50 1 0 0 0 1 0 0 0 1 3023.dat
1 4 390 -504 70 1 0 0 0 1 0 0 0 1 3623.dat
1 4 380 -504 430 1 0 0 0 1 0 0 0 1 3023.dat
1 4 390 -504 450 1 0 0 0 1 0 0 0 1 3070b.dat
1 4 420 -504 90 1 0 0 0 1 0 0 0 1 3023.dat
1 4 410 -504 180 0 0 1 0 1 0 -1 0 0 3666.dat
1 4 410 -504 320 0 0 1 0 1 0 -1 0 0 3666.dat
1 4 430 -504 390 1 0 0 0 1 0 0 0 1 3623.dat
1 4 410 -504 430 1 0 0 0 1 0 0 0 1 3024.dat
1 4 440 -504 120 1 0 0 0 1 0 0 0 1 3022.dat
1 4 460 -504 210 1 0 0 0 1 0 0 0 1 3710.dat
1 4 450 -504 310 1 0 0 0 1 0 0 0 1 3623.dat
1 4 440 -504 370 1 0 0 0 1 0 0 0 1 3023.dat
1 4 460 -504 170 0 0 1 0 1 0 -1 0 0 3021.dat
1 4 460 -504 330 1 0 0 0 1 0 0 0 1 3023.dat
1 4 460 -504 350 1 0 0 0 1 0 0 0 1 3023.dat
1 4 480 -504 260 0 0 1 0 1 0 -1 0 0 3020.dat
1 25 110 -504 240 0 0 1 0 1 0 -1 0 0 3460.dat
1 25 110 -504 330 1 0 0 0 1 0 0 0 1 3024.dat
1 25 200 -504 210 1 0 0 0 1 0 0 0 1 3460.dat
1 25 180 -504 310 1 0 0 0 1 0 0 0 1 3666.dat
1 25 220 -504 110 1 0 0 0 1 0 0 0 1 3666.dat
1 25 210 -504 160 0 0 1 0 1 0 -1 0 0 3710.dat
1 25 210 -504 260 0 0 1 0 1 0 -1 0 0 3710.dat
1 25 210 -504 360 0 0 1 0 1 0 -1 0 0 3710.dat
1 25 250 -504 410 1 0 0 0 1 0 0 0 1 3623.dat
1 25 320 -504 310 1 0 0 0 1 0 0 0 1 3460.dat
1 25 310 -504 110 1 0 0 0 1 0 0 0 1 3623.dat
1 25 340 -504 210 1 0 0 0 1 0 0 0 1 3666.dat
1 25 310 -504 150 0 0 1 0 1 0 -1 0 0 3623.dat
1 25 310 -504 190 1 0 0 0 1 0 0 0 1 3024.dat
1 25 310 -504 260 0 0 1 0 1 0 -1 0 0 3710.dat
1 25 310 -504 360 0 0 1 0 1 0 -1 0 0 3710.dat
1 25 410 -504 250 1 0 0 0 1 0 0 0 1 3024.dat
1 4 50 -512 340 0 0 1 0 1 0 -1 0 0 3666.dat
1 4 320 -512 50 1 0 0 0 1 0 0 0 1 3710.dat
1 4 320 -512 460 1 0 0 0 1 0 0 0 1 3020.dat
1 4 410 -512 100 1 0 0 0 1 0 0 0 1 3021.dat
1 4 460 -512 320 0 0 1 0 1 0 -1 0 0 3020.dat
1 4 20 -512 250 0 0 1 0 1 0 -1 0 0 3021.dat
1 4 40 -512 180 0 0 1 0 1 0 -1 0 0 3020.dat
1 4 30 -512 320 0 0 1 0 1 0 -1 0 0 3710.dat
1 4 100 -512 110 1 0 0 0 1 0 0 0 1 3666.dat
1 4 60 -512 130 1 0 0 0 1 0 0 0 1 3023.dat
1 4 90 -512 90 1 0 0 0 1 0 0 0 1 3623.dat
1 4 80 -512 210 1 0 0 0 1 0 0 0 1 3023.dat
1 4 80 -512 310 1 0 0 0 1 0 0 0 1 3023.dat
1 4 70 -512 390 0 0 1 0 1 0 -1 0 0 3623.dat
1 4 110 -512 70 1 0 0 0 1 0 0 0 1 3623.dat
1 4 160 -512 410 1 0 0 0 1 0 0 0 1 3460.dat
1 4 110 -512 430 1 0 0 0 1 0 0 0 1 3623.dat
1 4 110 -512 150 0 0 1 0 1 0 -1 0 0 3623.dat
1 4 110 -512 360 0 0 1 0 1 0 -1 0 0 3710.dat
1 4 160 -512 50 1 0 0 0 1 0 0 0 1 3710.dat
1 4 160 -512 450 1 0 0 0 1 0 0 0 1 3710.dat
1 4 220 -512 30 1 0 0 0 1 0 0 0 1 3460.dat
1 4 180 -512 470 1 0 0 0 1 0 0 0 1 3710.dat
1 4 170 -512 110 1 0 0 0 1 0 0 0 1 3024.dat
1 4 210 -512 70 0 0 1 0 1 0 -1 0 0 3623.dat
1 4 210 -512 440 0 0 1 0 1 0 -1 0 0 3023.dat
1 4 250 -512 10 1 0 0 0 1 0 0 0 1 63864.dat
1 4 250 -512 480 1 0 0 0 1 0 0 0 1 3021.dat
1 4 320 -512 410 1 0 0 0 1 0 0 0 1 3460.dat
1 4 330 -512 30 1 0 0 0 1 0 0 0 1 3623.dat
1 4 310 -512 80 0 0 1 0 1 0 -1 0 0 3023.dat
1 4 350 -512 110 1 0 0 0 1 0 0 0 1 3623.dat
1 4 370 -512 60 0 0 1 0 1 0 -1 0 0 3023.dat
1 4 390 -512 430 1 0 0 0 1 0 0 0 1 3623.dat
1 4 400 -512 70 1 0 0 0 1 0 0 0 1 3023.dat
1 4 410 -512 200 0 0 1 0 1 0 -1 0 0 3460.dat
1 4 410 -512 340 0 0 1 0 1 0 -1 0 0 3666.dat
1 4 420 -512 410 1 0 0 0 1 0 0 0 1 3023.dat
1 4 440 -512 130 1 0 0 0 1 0 0 0 1 3023.dat
1 4 450 -512 210 1 0 0 0 1 0 0 0 1 3623.dat
1 4 430 -512 310 1 0 0 0 1 0 0 0 1 3024.dat
1 4 440 -512 380 1 0 0 0 1 0 0 0 1 3022.dat
1 4 450 -512 110 1 0 0 0 1 0 0 0 1 3070b.dat
1 4 460 -512 160 1 0 0 0 1 0 0 0 1 3022.dat
1 4 460 -512 190 1 0 0 0 1 0 0 0 1 3023.dat
1 4 480 -512 250 0 0 1 0 1 0 -1 0 0 3021.dat
1 25 110 -512 240 0 0 1 0 1 0 -1 0 0 3666.dat
1 25 180 -512 310 1 0 0 0 1 0 0 0 1 3460.dat
1 25 180 -512 210 1 0 0 0 1 0 0 0 1 3666.dat
1 25 240 -512 110 1 0 0 0 1 0 0 0 1 3666.dat
1 25 210 -512 150 0 0 1 0 1 0 -1 0 0 3623.dat
1 25 210 -512 190 1 0 0 0 1 0 0 0 1 3024.dat
1 25 210 -512 250 0 0 1 0 1 0 -1 0 0 3623.dat
1 25 210 -512 290 1 0 0 0 1 0 0 0 1 3024.dat
1 25 210 -512 350 0 0 1 0 1 0 -1 0 0 3623.dat
1 25 210 -512 390 1 0 0 0 1 0 0 0 1 3024.dat
1 25 320 -512 210 1 0 0 0 1 0 0 0 1 3460.dat
1 25 320 -512 310 1 0 0 0 1 0 0 0 1 3666.dat
1 25 310 -512 140 0 0 1 0 1 0 -1 0 0 3710.dat
1 25 310 -512 190 1 0 0 0 1 0 0 0 1 3024.dat
1 25 310 -512 250 0 0 1 0 1 0 -1 0 0 3623.dat
1 25 310 -512 290 1 0 0 0 1 0 0 0 1 3024.dat
1 25 310 -512 350 0 0 1 0 1 0 -1 0 0 3623.dat
1 25 310 -512 390 1 0 0 0 1 0 0 0 1 3024.dat
1 25 390 -512 310 1 0 0 0 1 0 0 0 1 3024.dat
1 4 40 -520 240 0 0 1 0 1 0 -1 0 0 3034.dat
1 4 40 -520 330 1 0 0 0 1 0 0 0 1 3023.dat
1 4 60 -520 140 1 0 0 0 1 0 0 0 1 3022.dat
1 4 60 -520 360 1 0 0 0 1 0 0 0 1 3022.dat
1 4 90 -520 100 1 0 0 0 1 0 0 0 1 3021.dat
1 4 90 -520 210 1 0 0 0 1 0 0 0 1 3623.dat
1 4 90 -520 310 1 0 0 0 1 0 0 0 1 3623.dat
1 4 90 -520 400 1 0 0 0 1 0 0 0 1 3021.dat
1 4 120 -520 70 1 0 0 0 1 0 0 0 1 3710.dat
1 4 120 -520 430 1 0 0 0 1 0 0 0 1 3710.dat
1 4 110 -520 160 0 0 1 0 1 0 -1 0 0 3710.dat
1 4 110 -520 290 1 0 0 0 1 0 0 0 1 3024.dat
1 4 110 -520 350 0 0 1 0 1 0 -1 0 0 3623.dat
1 4 200 -520 50 1 0 0 0 1 0 0 0 1 3460.dat
1 4 160 -520 110 1 0 0 0 1 0 0 0 1 3710.dat
1 4 200 -520 410 1 0 0 0 1 0 0 0 1 3460.dat
1 4 200 -520 450 1 0 0 0 1 0 0 0 1 3460.dat
1 4 240 -520 30 1 0 0 0 1 0 0 0 1 3460.dat
1 4 240 -520 470 1 0 0 0 1 0 0 0 1 3460.dat
1 4 210 -520 90 0 0 1 0 1 0 -1 0 0 3623.dat
1 4 210 -520 390 1 0 0 0 1 0 0 0 1 3024.dat
1 4 210 -520 430 1 0 0 0 1 0 0 0 1 3024.dat
1 4 310 -520 50 1 0 0 0 1 0 0 0 1 3623.dat
1 4 360 -520 110 1 0 0 0 1 0 0 0 1 3460.dat
1 4 360 -520 410 1 0 0 0 1 0 0 0 1 3460.dat
1 4 320 -520 450 1 0 0 0 1 0 0 0 1 3710.dat
1 4 310 -520 70 1 0 0 0 1 0 0 0 1 3024.dat
1 4 310 -520 90 1 0 0 0 1 0 0 0 1 3024.dat
1 4 310 -520 390 1 0 0 0 1 0 0 0 1 3024.dat
1 4 330 -520 30 1 0 0 0 1 0 0 0 1 3024.dat
1 4 330 -520 470 1 0 0 0 1 0 0 0 1 3024.dat
1 4 360 -520 60 1 0 0 0 1 0 0 0 1 3022.dat
1 4 380 -520 430 1 0 0 0 1 0 0 0 1 3710.dat
1 4 400 -520 80 1 0 0 0 1 0 0 0 1 3022.dat
1 4 420 -520 210 1 0 0 0 1 0 0 0 1 3710.dat
1 4 420 -520 310 1 0 0 0 1 0 0 0 1 3710.dat
1 4 430 -520 140 1 0 0 0 1 0 0 0 1 3021.dat
1 4 410 -520 180 0 0 1 0 1 0 -1 0 0 3023.dat
1 4 410 -520 260 0 0 1 0 1 0 -1 0 0 3710.dat
1 4 410 -520 360 0 0 1 0 1 0 -1 0 0 3710.dat
1 4 430 -520 90 1 0 0 0 1 0 0 0 1 3070b.dat
1 4 440 -520 360 1 0 0 0 1 0 0 0 1 3022.dat
1 4 430 -520 390 1 0 0 0 1 0 0 0 1 3024.dat
1 4 460 -520 180 1 0 0 0 1 0 0 0 1 3022.dat
1 4 460 -520 260 0 0 1 0 1 0 -1 0 0 3020.dat
1 4 460 -520 330 1 0 0 0 1 0 0 0 1 3023.dat
1 4 470 -520 210 1 0 0 0 1 0 0 0 1 3024.dat
1 4 470 -520 310 1 0 0 0 1 0 0 0 1 3024.dat
1 25 110 -520 250 0 0 1 0 1 0 -1 0 0 3623.dat
1 25 200 -520 210 1 0 0 0 1 0 0 0 1 3460.dat
1 25 200 -520 310 1 0 0 0 1 0 0 0 1 3460.dat
1 25 210 -520 160 0 0 1 0 1 0 -1 0 0 3710.dat
1 25 210 -520 260 0 0 1 0 1 0 -1 0 0 3710.dat
1 25 210 -520 340 0 0 1 0 1 0 -1 0 0 3023.dat
1 25 210 -520 370 1 0 0 0 1 0 0 0 1 3024.dat
1 25 250 -520 110 1 0 0 0 1 0 0 0 1 3623.dat
1 25 320 -520 210 1 0 0 0 1 0 0 0 1 3710.dat
1 25 320 -520 310 1 0 0 0 1 0 0 0 1 3710.dat
1 25 310 -520 160 0 0 1 0 1 0 -1 0 0 3710.dat
1 25 310 -520 260 0 0 1 0 1 0 -1 0 0 3710.dat
1 25 310 -520 340 0 0 1 0 1 0 -1 0 0 3023.dat
1 25 310 -520 370 1 0 0 0 1 0 0 0 1 3024.dat
1 25 370 -520 210 1 0 0 0 1 0 0 0 1 3024.dat
1 25 370 -520 310 1 0 0 0 1 0 0 0 1 3024.dat
1 4 40 -528 220 0 0 1 0 1 0 -1 0 0 3795.dat
1 4 40 -528 310 0 0 1 0 1 0 -1 0 0 3021.dat
1 4 60 -528 130 1 0 0 0 1 0 0 0 1 3023.dat
1 4 60 -528 150 1 0 0 0 1 0 0 0 1 3023.dat
1 4 60 -528 350 1 0 0 0 1 0 0 0 1 3023.dat
1 4 60 -528 370 1 0 0 0 1 0 0 0 1 3023.dat
1 4 140 -528 110 1 0 0 0 1 0 0 0 1 3460.dat
1 4 80 -528 210 1 0 0 0 1 0 0 0 1 3023.dat
1 4 100 -528 310 1 0 0 0 1 0 0 0 1 3710.dat
1 4 90 -528 390 1 0 0 0 1 0 0 0 1 3623.dat
1 4 100 -528 90 1 0 0 0 1 0 0 0 1 3023.dat
1 4 160 -528 410 1 0 0 0 1 0 0 0 1 3460.dat
1 4 130 -528 70 1 0 0 0 1 0 0 0 1 3623.dat
1 4 110 -528 200 0 0 1 0 1 0 -1 0 0 3460.dat
1 4 110 -528 290 1 0 0 0 1 0 0 0 1 3024.dat
1 4 110 -528 340 0 0 1 0 1 0 -1 0 0 3023.dat
1 4 110 -528 370 1 0 0 0 1 0 0 0 1 3024.dat
1 4 130 -528 430 1 0 0 0 1 0 0 0 1 3623.dat
1 4 180 -528 50 1 0 0 0 1 0 0 0 1 3666.dat
1 4 180 -528 450 1 0 0 0 1 0 0 0 1 3666.dat
1 4 220 -528 30 1 0 0 0 1 0 0 0 1 3666.dat
1 4 220 -528 470 1 0 0 0 1 0 0 0 1 3666.dat
1 4 210 -528 80 0 0 1 0 1 0 -1 0 0 3023.dat
1 4 210 -528 390 1 0 0 0 1 0 0 0 1 3024.dat
1 4 210 -528 430 1 0 0 0 1 0 0 0 1 3024.dat
1 4 300 -528 110 1 0 0 0 1 0 0 0 1 3460.dat
1 4 300 -528 50 1 0 0 0 1 0 0 0 1 3666.dat
1 4 320 -528 410 1 0 0 0 1 0 0 0 1 3460.dat
1 4 300 -528 450 1 0 0 0 1 0 0 0 1 3666.dat
1 4 310 -528 30 1 0 0 0 1 0 0 0 1 3623.dat
1 4 310 -528 470 1 0 0 0 1 0 0 0 1 3623.dat
1 4 310 -528 80 0 0 1 0 1 0 -1 0 0 3023.dat
1 4 310 -528 130 1 0 0 0 1 0 0 0 1 3024.dat
1 4 310 -528 380 0 0 1 0 1 0 -1 0 0 3023.dat
1 4 370 -528 70 1 0 0 0 1 0 0 0 1 3623.dat
1 4 370 -528 430 1 0 0 0 1 0 0 0 1 3623.dat
1 4 370 -520 50 0 0 -1 0 1 0 1 0 0 54200.dat
1 4 420 -528 310 1 0 0 0 1 0 0 0 1 3666.dat
1 4 400 -528 100 1 0 0 0 1 0 0 0 1 3022.dat
1 4 410 -528 210 1 0 0 0 1 0 0 0 1 3623.dat
1 4 410 -528 160 0 0 1 0 1 0 -1 0 0 3710.dat
1 4 410 -528 250 0 0 1 0 1 0 -1 0 0 3623.dat
1 4 410 -528 290 1 0 0 0 1 0 0 0 1 3024.dat
1 4 410 -528 350 0 0 1 0 1 0 -1 0 0 3623.dat
1 4 420 -528 390 1 0 0 0 1 0 0 0 1 3023.dat
1 4 410 -528 410 1 0 0 0 1 0 0 0 1 3024.dat
1 4 430 -528 130 0 0 1 0 1 0 -1 0 0 3623.dat
1 4 440 -528 350 1 0 0 0 1 0 0 0 1 3023.dat
1 4 440 -528 370 1 0 0 0 1 0 0 0 1 3023.dat
1 4 450 -528 200 0 0 1 0 1 0 -1 0 0 3460.dat
1 4 460 -528 290 1 0 0 0 1 0 0 0 1 3023.dat
1 4 450 -528 330 1 0 0 0 1 0 0 0 1 3024.dat
1 4 470 -528 220 0 0 1 0 1 0 -1 0 0 3666.dat
1 4 470 -528 330 1 0 0 0 1 0 0 0 1 3024.dat
1 25 180 -528 210 1 0 0 0 1 0 0 0 1 3666.dat
1 25 220 -528 310 1 0 0 0 1 0 0 0 1 3460.dat
1 25 210 -528 150 0 0 1 0 1 0 -1 0 0 3623.dat
1 25 210 -528 190 1 0 0 0 1 0 0 0 1 3024.dat
1 25 210 -528 250 0 0 1 0 1 0 -1 0 0 3623.dat
1 25 210 -528 290 1 0 0 0 1 0 0 0 1 3024.dat
1 25 210 -528 350 0 0 1 0 1 0 -1 0 0 3623.dat
1 25 300 -528 210 1 0 0 0 1 0 0 0 1 3666.dat
1 25 310 -528 170 0 0 1 0 1 0 -1 0 0 3623.dat
1 25 310 -528 280 0 0 1 0 1 0 -1 0 0 3666.dat
1 25 310 -528 350 1 0 0 0 1 0 0 0 1 3024.dat
1 25 340 -528 310 1 0 0 0 1 0 0 0 1 3023.dat
1 25 370 -528 210 1 0 0 0 1 0 0 0 1 3024.dat
1 4 40 -536 240 0 0 1 0 1 0 -1 0 0 3034.dat
1 4 40 -536 330 1 0 0 0 1 0 0 0 1 3023.dat
1 4 60 -536 140 1 0 0 0 1 0 0 0 1 3022.dat
1 4 60 -536 360 1 0 0 0 1 0 0 0 1 3022.dat
1 4 120 -536 110 1 0 0 0 1 0 0 0 1 3666.dat
1 4 100 -536 210 1 0 0 0 1 0 0 0 1 3710.dat
1 4 90 -536 310 1 0 0 0 1 0 0 0 1 3623.dat
1 4 80 -536 390 1 0 0 0 1 0 0 0 1 3023.dat
1 4 90 -536 90 1 0 0 0 1 0 0 0 1 3024.dat
1 4 140 -536 410 1 0 0 0 1 0 0 0 1 3666.dat
1 4 120 -536 70 1 0 0 0 1 0 0 0 1 3023.dat
1 4 110 -536 90 1 0 0 0 1 0 0 0 1 3024.dat
1 4 110 -536 160 0 0 1 0 1 0 -1 0 0 3710.dat
1 4 110 -536 260 0 0 1 0 1 0 -1 0 0 3710.dat
1 4 110 -536 360 0 0 1 0 1 0 -1 0 0 3710.dat
1 4 120 -536 430 1 0 0 0 1 0 0 0 1 3023.dat
1 4 200 -536 50 1 0 0 0 1 0 0 0 1 3460.dat
1 4 140 -536 310 1 0 0 0 1 0 0 0 1 3023.dat
1 4 200 -536 450 1 0 0 0 1 0 0 0 1 3460.dat
1 4 150 -536 70 1 0 0 0 1 0 0 0 1 3024.dat
1 4 150 -536 430 1 0 0 0 1 0 0 0 1 3024.dat
1 4 240 -536 30 1 0 0 0 1 0 0 0 1 3460.dat
1 4 240 -536 470 1 0 0 0 1 0 0 0 1 3460.dat
1 4 260 -536 110 1 0 0 0 1 0 0 0 1 3460.dat
1 4 210 -536 70 1 0 0 0 1 0 0 0 1 3024.dat
1 4 210 -536 90 1 0 0 0 1 0 0 0 1 3024.dat
1 4 210 -536 130 1 0 0 0 1 0 0 0 1 3024.dat
1 4 210 -536 400 0 0 1 0 1 0 -1 0 0 3710.dat
1 4 300 -536 410 1 0 0 0 1 0 0 0 1 3460.dat
1 4 320 -536 50 1 0 0 0 1 0 0 0 1 3710.dat
1 4 320 -536 450 1 0 0 0 1 0 0 0 1 3710.dat
1 4 310 -536 70 1 0 0 0 1 0 0 0 1 3024.dat
1 4 310 -536 90 1 0 0 0 1 0 0 0 1 3024.dat
1 4 310 -536 140 0 0 1 0 1 0 -1 0 0 3023.dat
1 4 310 -536 370 0 0 1 0 1 0 -1 0 0 3623.dat
1 4 310 -536 430 1 0 0 0 1 0 0 0 1 3024.dat
1 4 330 -536 30 1 0 0 0 1 0 0 0 1 3070b.dat
1 4 330 -536 470 1 0 0 0 1 0 0 0 1 3070b.dat
1 4 360 -536 70 1 0 0 0 1 0 0 0 1 3023.dat
1 4 380 -536 110 1 0 0 0 1 0 0 0 1 3710.dat
1 4 400 -536 310 1 0 0 0 1 0 0 0 1 3666.dat
1 4 360 -536 430 1 0 0 0 1 0 0 0 1 3023.dat
1 4 420 -536 210 1 0 0 0 1 0 0 0 1 3666.dat
1 4 370 -536 450 1 0 0 0 1 0 0 0 1 3070b.dat
1 4 390 -536 80 0 0 1 0 1 0 -1 0 0 3023.dat
1 4 400 -536 410 1 0 0 0 1 0 0 0 1 3023.dat
1 4 390 -536 430 1 0 0 0 1 0 0 0 1 3024.dat
1 4 410 -536 90 1 0 0 0 1 0 0 0 1 3024.dat
1 4 430 -536 140 1 0 0 0 1 0 0 0 1 3021.dat
1 4 410 -536 180 0 0 1 0 1 0 -1 0 0 3023.dat
1 4 410 -536 260 0 0 1 0 1 0 -1 0 0 3710.dat
1 4 410 -536 360 0 0 1 0 1 0 -1 0 0 3710.dat
1 4 430 -536 110 1 0 0 0 1 0 0 0 1 3024.dat
1 4 440 -536 360 1 0 0 0 1 0 0 0 1 3022.dat
1 4 430 -536 390 1 0 0 0 1 0 0 0 1 3024.dat
1 4 460 -536 180 1 0 0 0 1 0 0 0 1 3022.dat
1 4 460 -536 260 0 0 1 0 1 0 -1 0 0 3020.dat
1 4 460 -536 330 1 0 0 0 1 0 0 0 1 3023.dat
1 4 470 -536 310 1 0 0 0 1 0 0 0 1 3024.dat
1 25 220 -536 210 1 0 0 0 1 0 0 0 1 3460.dat
1 25 240 -536 310 1 0 0 0 1 0 0 0 1 3460.dat
1 25 210 -536 170 0 0 1 0 1 0 -1 0 0 3623.dat
1 25 210 -536 260 0 0 1 0 1 0 -1 0 0 3710.dat
1 25 210 -536 340 0 0 1 0 1 0 -1 0 0 3023.dat
1 25 310 -536 220 0 0 1 0 1 0 -1 0 0 3666.dat
1 25 310 -536 290 1 0 0 0 1 0 0 0 1 3024.dat
1 25 310 -536 330 1 0 0 0 1 0 0 0 1 3024.dat
1 25 340 -536 210 1 0 0 0 1 0 0 0 1 3023.dat
1 25 330 -536 310 1 0 0 0 1 0 0 0 1 3024.dat
1 4 40 -544 240 0 0 1 0 1 0 -1 0 0 3795.dat
1 4 100 -544 310 1 0 0 0 1 0 0 0 1 3460.dat
1 4 60 -544 160 1 0 0 0 1 0 0 0 1 3022.dat
1 4 60 -544 340 1 0 0 0 1 0 0 0 1 3022.dat
1 4 140 -544 110 1 0 0 0 1 0 0 0 1 3460.dat
1 4 90 -544 130 1 0 0 0 1 0 0 0 1 3623.dat
1 4 90 -544 210 1 0 0 0 1 0 0 0 1 3623.dat
1 4 90 -544 380 1 0 0 0 1 0 0 0 1 3021.dat
1 4 110 -544 90 1 0 0 0 1 0 0 0 1 3623.dat
1 4 160 -544 410 1 0 0 0 1 0 0 0 1 3460.dat
1 4 140 -544 70 1 0 0 0 1 0 0 0 1 3710.dat
1 4 110 -544 170 0 0 1 0 1 0 -1 0 0 3623.dat
1 4 110 -544 250 0 0 1 0 1 0 -1 0 0 3623.dat
1 4 110 -544 290 1 0 0 0 1 0 0 0 1 3024.dat
1 4 110 -544 340 0 0 1 0 1 0 -1 0 0 3023.dat
1 4 140 -544 430 1 0 0 0 1 0 0 0 1 3710.dat
1 4 140 -544 210 1 0 0 0 1 0 0 0 1 3023.dat
1 4 220 -544 50 1 0 0 0 1 0 0 0 1 3460.dat
1 4 220 -544 450 1 0 0 0 1 0 0 0 1 3460.dat
1 4 240 -544 30 1 0 0 0 1 0 0 0 1 3666.dat
1 4 240 -544 470 1 0 0 0 1 0 0 0 1 3666.dat
1 4 210 -544 80 0 0 1 0 1 0 -1 0 0 3023.dat
1 4 210 -544 140 0 0 1 0 1 0 -1 0 0 3023.dat
1 4 210 -544 370 0 0 1 0 1 0 -1 0 0 3623.dat
1 4 210 -544 430 1 0 0 0 1 0 0 0 1 3024.dat
1 4 300 -544 110 1 0 0 0 1 0 0 0 1 3460.dat
1 4 320 -544 410 1 0 0 0 1 0 0 0 1 3460.dat
1 4 310 -544 60 0 0 1 0 1 0 -1 0 0 3710.dat
1 4 310 -544 150 0 0 1 0 1 0 -1 0 0 3623.dat
1 4 310 -544 360 0 0 1 0 1 0 -1 0 0 3710.dat
1 4 330 -544 440 1 0 0 0 1 0 0 0 1 3021.dat
1 4 310 -544 470 1 0 0 0 1 0 0 0 1 3070b.dat
1 4 340 -544 60 1 0 0 0 1 0 0 0 1 3022.dat
1 4 400 -544 310 1 0 0 0 1 0 0 0 1 3460.dat
1 4 400 -544 210 1 0 0 0 1 0 0 0 1 3666.dat
1 4 380 -544 80 1 0 0 0 1 0 0 0 1 3022.dat
1 4 380 -544 430 1 0 0 0 1 0 0 0 1 3023.dat
1 4 410 -544 110 1 0 0 0 1 0 0 0 1 3623.dat
1 4 410 -544 90 1 0 0 0 1 0 0 0 1 3024.dat
1 4 420 -544 150 0 0 1 0 1 0 -1 0 0 3021.dat
1 4 410 -544 190 1 0 0 0 1 0 0 0 1 3024.dat
1 4 410 -544 250 0 0 1 0 1 0 -1 0 0 3623.dat
1 4 410 -544 290 1 0 0 0 1 0 0 0 1 3024.dat
1 4 420 -544 360 0 0 1 0 1 0 -1 0 0 3020.dat
1 4 410 -544 410 1 0 0 0 1 0 0 0 1 3024.dat
1 4 450 -544 170 0 0 1 0 1 0 -1 0 0 3623.dat
1 4 460 -544 250 0 0 1 0 1 0 -1 0 0 3021.dat
1 4 460 -544 290 1 0 0 0 1 0 0 0 1 3023.dat
1 4 450 -544 340 0 0 1 0 1 0 -1 0 0 3023.dat
1 4 470 -544 200 0 0 1 0 1 0 -1 0 0 3023.dat
1 25 240 -544 210 1 0 0 0 1 0 0 0 1 3460.dat
1 25 240 -544 310 1 0 0 0 1 0 0 0 1 3666.dat
1 25 210 -544 180 0 0 1 0 1 0 -1 0 0 3023.dat
1 25 210 -544 250 0 0 1 0 1 0 -1 0 0 3623.dat
1 25 210 -544 290 1 0 0 0 1 0 0 0 1 3024.dat
1 25 210 -544 330 1 0 0 0 1 0 0 0 1 3024.dat
1 25 310 -544 190 1 0 0 0 1 0 0 0 1 3024.dat
1 25 310 -544 260 0 0 1 0 1 0 -1 0 0 3710.dat
1 25 310 -544 310 1 0 0 0 1 0 0 0 1 3024.dat
1 25 330 -544 210 1 0 0 0 1 0 0 0 1 3024.dat
1 4 100 -552 210 1 0 0 0 1 0 0 0 1 3460.dat
1 4 40 -552 260 0 0 1 0 1 0 -1 0 0 3020.dat
1 4 60 -552 170 0 0 1 0 1 0 -1 0 0 3021.dat
1 4 120 -552 310 1 0 0 0 1 0 0 0 1 3460.dat
1 4 60 -552 330 1 0 0 0 1 0 0 0 1 3023.dat
1 4 60 -552 350 1 0 0 0 1 0 0 0 1 3023.dat
1 4 120 -552 110 1 0 0 0 1 0 0 0 1 3666.dat
1 4 80 -552 130 1 0 0 0 1 0 0 0 1 3023.dat
1 4 80 -552 380 1 0 0 0 1 0 0 0 1 3022.dat
1 4 100 -552 90 1 0 0 0 1 0 0 0 1 3023.dat
1 4 140 -552 410 1 0 0 0 1 0 0 0 1 3666.dat
1 4 160 -552 70 1 0 0 0 1 0 0 0 1 3666.dat
1 4 110 -552 160 0 0 1 0 1 0 -1 0 0 3710.dat
1 4 110 -552 260 0 0 1 0 1 0 -1 0 0 3710.dat
1 4 110 -552 360 0 0 1 0 1 0 -1 0 0 3710.dat
1 4 160 -552 430 1 0 0 0 1 0 0 0 1 3666.dat
1 4 130 -552 90 1 0 0 0 1 0 0 0 1 3024.dat
1 4 200 -552 50 1 0 0 0 1 0 0 0 1 3666.dat
1 4 200 -552 450 1 0 0 0 1 0 0 0 1 3666.dat
1 4 260 -552 110 1 0 0 0 1 0 0 0 1 3460.dat
1 4 240 -552 30 1 0 0 0 1 0 0 0 1 3710.dat
1 4 210 -552 90 1 0 0 0 1 0 0 0 1 3024.dat
1 4 210 -552 150 0 0 1 0 1 0 -1 0 0 3623.dat
1 4 210 -552 360 0 0 1 0 1 0 -1 0 0 3710.dat
1 4 280 -552 410 1 0 0 0 1 0 0 0 1 3460.dat
1 4 240 -552 470 1 0 0 0 1 0 0 0 1 3710.dat
1 4 300 -552 50 1 0 0 0 1 0 0 0 1 3710.dat
1 4 300 -552 450 1 0 0 0 1 0 0 0 1 3710.dat
1 4 290 -552 30 1 0 0 0 1 0 0 0 1 3070b.dat
1 4 290 -552 470 1 0 0 0 1 0 0 0 1 3070b.dat
1 4 340 -552 70 1 0 0 0 1 0 0 0 1 3710.dat
1 4 310 -552 160 0 0 1 0 1 0 -1 0 0 3710.dat
1 4 380 -552 310 1 0 0 0 1 0 0 0 1 3460.dat
1 4 310 -552 350 0 0 1 0 1 0 -1 0 0 3623.dat
1 4 310 -552 390 1 0 0 0 1 0 0 0 1 3024.dat
1 4 340 -552 430 1 0 0 0 1 0 0 0 1 3710.dat
1 4 400 -552 210 1 0 0 0 1 0 0 0 1 3460.dat
1 4 350 -552 50 1 0 0 0 1 0 0 0 1 3024.dat
1 4 380 -552 110 1 0 0 0 1 0 0 0 1 3710.dat
1 4 350 -552 450 1 0 0 0 1 0 0 0 1 3024.dat
1 4 390 -552 90 1 0 0 0 1 0 0 0 1 3623.dat
1 4 390 -552 410 1 0 0 0 1 0 0 0 1 3623.dat
1 4 390 -552 70 1 0 0 0 1 0 0 0 1 3070b.dat
1 4 390 -552 430 1 0 0 0 1 0 0 0 1 3070b.dat
1 4 420 -552 160 0 0 1 0 1 0 -1 0 0 3020.dat
1 4 410 -552 260 0 0 1 0 1 0 -1 0 0 3710.dat
1 4 430 -552 340 1 0 0 0 1 0 0 0 1 3021.dat
1 4 420 -552 380 1 0 0 0 1 0 0 0 1 3022.dat
1 4 430 -552 110 1 0 0 0 1 0 0 0 1 3070b.dat
1 4 450 -552 160 0 0 1 0 1 0 -1 0 0 3023.dat
1 4 450 -552 190 1 0 0 0 1 0 0 0 1 3024.dat
1 4 460 -552 260 0 0 1 0 1 0 -1 0 0 3020.dat
1 25 240 -552 210 1 0 0 0 1 0 0 0 1 3666.dat
1 25 210 -552 190 1 0 0 0 1 0 0 0 1 3024.dat
1 25 210 -552 260 0 0 1 0 1 0 -1 0 0 3710.dat
1 25 240 -552 310 1 0 0 0 1 0 0 0 1 3710.dat
1 25 290 -552 310 1 0 0 0 1 0 0 0 1 3024.dat
1 25 310 -552 240 0 0 1 0 1 0 -1 0 0 3710.dat
1 25 310 -552 290 1 0 0 0 1 0 0 0 1 3024.dat
1 4 60 -560 240 0 0 1 0 1 0 -1 0 0 3034.dat
1 4 50 -560 330 1 0 0 0 1 0 0 0 1 3024.dat
1 4 90 -560 140 1 0 0 0 1 0 0 0 1 3021.dat
1 4 70 -560 350 0 0 1 0 1 0 -1 0 0 3623.dat
1 4 160 -560 110 1 0 0 0 1 0 0 0 1 3460.dat
1 4 160 -560 210 1 0 0 0 1 0 0 0 1 3460.dat
1 4 160 -560 310 1 0 0 0 1 0 0 0 1 3460.dat
1 4 100 -560 370 0 0 1 0 1 0 -1 0 0 3021.dat
1 4 120 -560 90 1 0 0 0 1 0 0 0 1 3023.dat
1 4 110 -560 180 0 0 1 0 1 0 -1 0 0 3023.dat
1 4 110 -560 250 0 0 1 0 1 0 -1 0 0 3623.dat
1 4 110 -560 290 1 0 0 0 1 0 0 0 1 3024.dat
1 4 110 -560 330 1 0 0 0 1 0 0 0 1 3024.dat
1 4 180 -560 410 1 0 0 0 1 0 0 0 1 3460.dat
1 4 160 -560 70 1 0 0 0 1 0 0 0 1 3710.dat
1 4 160 -560 430 1 0 0 0 1 0 0 0 1 3710.dat
1 4 220 -560 50 1 0 0 0 1 0 0 0 1 3460.dat
1 4 220 -560 450 1 0 0 0 1 0 0 0 1 3460.dat
1 4 210 -560 80 0 0 1 0 1 0 -1 0 0 3023.dat
1 4 210 -560 160 0 0 1 0 1 0 -1 0 0 3710.dat
1 4 210 -560 230 1 0 0 0 1 0 0 0 1 3024.dat
1 4 210 -560 280 0 0 1 0 1 0 -1 0 0 3023.dat
1 4 210 -560 350 0 0 1 0 1 0 -1 0 0 3623.dat
1 4 210 -560 390 1 0 0 0 1 0 0 0 1 3024.dat
1 4 210 -560 430 1 0 0 0 1 0 0 0 1 3024.dat
1 4 250 -560 30 1 0 0 0 1 0 0 0 1 63864.dat
1 4 250 -560 470 1 0 0 0 1 0 0 0 1 63864.dat
1 4 320 -560 110 1 0 0 0 1 0 0 0 1 3460.dat
1 4 320 -560 310 1 0 0 0 1 0 0 0 1 3460.dat
1 4 340 -560 210 1 0 0 0 1 0 0 0 1 3460.dat
1 4 320 -560 410 1 0 0 0 1 0 0 0 1 3666.dat
1 4 320 -560 70 1 0 0 0 1 0 0 0 1 3710.dat
1 4 320 -560 430 1 0 0 0 1 0 0 0 1 3710.dat
1 4 330 -560 50 1 0 0 0 1 0 0 0 1 3623.dat
1 4 310 -560 150 0 0 1 0 1 0 -1 0 0 3623.dat
1 4 310 -560 190 1 0 0 0 1 0 0 0 1 3024.dat
1 4 310 -560 260 0 0 1 0 1 0 -1 0 0 3710.dat
1 4 310 -560 360 0 0 1 0 1 0 -1 0 0 3710.dat
1 4 330 -560 450 1 0 0 0 1 0 0 0 1 3623.dat
1 4 370 -560 80 0 0 1 0 1 0 -1 0 0 3023.dat
1 4 370 -560 430 1 0 0 0 1 0 0 0 1 3024.dat
1 4 390 -560 90 1 0 0 0 1 0 0 0 1 3024.dat
1 4 400 -560 390 1 0 0 0 1 0 0 0 1 3023.dat
1 4 390 -560 410 1 0 0 0 1 0 0 0 1 3024.dat
1 4 410 -560 140 0 0 1 0 1 0 -1 0 0 3710.dat
1 4 430 -560 190 1 0 0 0 1 0 0 0 1 3623.dat
1 4 420 -560 300 0 0 1 0 1 0 -1 0 0 3034.dat
1 4 430 -560 150 0 0 1 0 1 0 -1 0 0 3623.dat
1 4 440 -560 210 1 0 0 0 1 0 0 0 1 3023.dat
1 4 450 -560 170 1 0 0 0 1 0 0 0 1 3024.dat
1 4 450 -560 280 0 0 1 0 1 0 -1 0 0 3666.dat
1 25 210 -560 250 1 0 0 0 1 0 0 0 1 3024.dat
1 25 250 -560 210 1 0 0 0 1 0 0 0 1 3024.dat
1 4 60 -568 220 0 0 1 0 1 0 -1 0 0 3795.dat
1 4 60 -568 310 0 0 1 0 1 0 -1 0 0 3021.dat
1 4 80 -568 140 1 0 0 0 1 0 0 0 1 3022.dat
1 4 90 -568 360 1 0 0 0 1 0 0 0 1 3021.dat
1 4 140 -568 110 1 0 0 0 1 0 0 0 1 3666.dat
1 4 140 -568 210 1 0 0 0 1 0 0 0 1 3666.dat
1 4 140 -568 310 1 0 0 0 1 0 0 0 1 3666.dat
1 4 100 -568 390 1 0 0 0 1 0 0 0 1 3023.dat
1 4 130 -568 90 1 0 0 0 1 0 0 0 1 3623.dat
1 4 110 -568 160 0 0 1 0 1 0 -1 0 0 3710.dat
1 4 110 -568 260 0 0 1 0 1 0 -1 0 0 3710.dat
1 4 110 -568 330 1 0 0 0 1 0 0 0 1 3024.dat
1 4 160 -568 410 1 0 0 0 1 0 0 0 1 3666.dat
1 4 200 -568 70 1 0 0 0 1 0 0 0 1 3460.dat
1 4 200 -568 430 1 0 0 0 1 0 0 0 1 3460.dat
1 4 240 -568 50 1 0 0 0 1 0 0 0 1 3460.dat
1 4 240 -568 450 1 0 0 0 1 0 0 0 1 3460.dat
1 4 210 -568 160 0 0 1 0 1 0 -1 0 0 3460.dat
1 4 210 -568 320 0 0 1 0 1 0 -1 0 0 3460.dat
1 4 300 -568 110 1 0 0 0 1 0 0 0 1 3460.dat
1 4 300 -568 210 1 0 0 0 1 0 0 0 1 3460.dat
1 4 300 -568 310 1 0 0 0 1 0 0 0 1 3460.dat
1 4 300 -568 410 1 0 0 0 1 0 0 0 1 3460.dat
1 4 310 -568 70 1 0 0 0 1 0 0 0 1 3623.dat
1 4 310 -568 430 1 0 0 0 1 0 0 0 1 3623.dat
1 4 310 -568 160 0 0 1 0 1 0 -1 0 0 3710.dat
1 4 310 -568 250 0 0 1 0 1 0 -1 0 0 3623.dat
1 4 310 -568 290 1 0 0 0 1 0 0 0 1 3024.dat
1 4 310 -568 350 0 0 1 0 1 0 -1 0 0 3623.dat
1 4 310 -568 390 1 0 0 0 1 0 0 0 1 3024.dat
1 4 330 -568 50 1 0 0 0 1 0 0 0 1 3070b.dat
1 4 330 -568 450 1 0 0 0 1 0 0 0 1 3070b.dat
1 4 360 -568 80 1 0 0 0 1 0 0 0 1 3022.dat
1 4 360 -568 430 1 0 0 0 1 0 0 0 1 3023.dat
1 4 390 -568 100 0 0 1 0 1 0 -1 0 0 3023.dat
1 4 420 -568 210 1 0 0 0 1 0 0 0 1 3710.dat
1 4 420 -568 310 1 0 0 0 1 0 0 0 1 3710.dat
1 4 390 -568 400 0 0 1 0 1 0 -1 0 0 3023.dat
1 4 410 -568 130 0 0 1 0 1 0 -1 0 0 3623.dat
1 4 430 -568 180 1 0 0 0 1 0 0 0 1 3021.dat
1 4 420 -568 260 0 0 1 0 1 0 -1 0 0 3020.dat
1 4 420 -568 350 0 0 1 0 1 0 -1 0 0 3021.dat
1 4 410 -560 390 -1 0 0 0 1 0 0 0 -1 54200.dat
1 4 430 -568 140 0 0 1 0 1 0 -1 0 0 3023.dat
1 4 450 -568 260 0 0 1 0 1 0 -1 0 0 3710.dat
1 4 450 -568 330 1 0 0 0 1 0 0 0 1 3070b.dat
1 4 100 -576 170 1 0 0 0 1 0 0 0 1 3023.dat
1 4 100 -576 360 0 0 1 0 1 0 -1 0 0 3020.dat
1 4 130 -576 400 0 0 1 0 1 0 -1 0 0 3023.dat
1 4 170 -576 100 0 0 1 0 1 0 -1 0 0 3023.dat
1 4 360 -576 100 1 0 0 0 1 0 0 0 1 3020.dat
1 4 380 -576 400 1 0 0 0 1 0 0 0 1 3022.dat
1 4 400 -576 130 1 0 0 0 1 0 0 0 1 3023.dat
1 4 400 -576 370 1 0 0 0 1 0 0 0 1 3023.dat
1 4 60 -576 240 0 0 1 0 1 0 -1 0 0 3795.dat
1 4 120 -576 310 1 0 0 0 1 0 0 0 1 3460.dat
1 4 90 -576 150 1 0 0 0 1 0 0 0 1 3623.dat
1 4 70 -576 170 1 0 0 0 1 0 0 0 1 3024.dat
1 4 70 -576 340 0 0 1 0 1 0 -1 0 0 3023.dat
1 4 120 -576 110 1 0 0 0 1 0 0 0 1 3710.dat
1 4 100 -576 130 1 0 0 0 1 0 0 0 1 3023.dat
1 4 160 -576 210 1 0 0 0 1 0 0 0 1 3460.dat
1 4 120 -576 90 1 0 0 0 1 0 0 0 1 3023.dat
1 4 110 -576 190 1 0 0 0 1 0 0 0 1 3024.dat
1 4 110 -576 250 0 0 1 0 1 0 -1 0 0 3623.dat
1 4 110 -576 290 1 0 0 0 1 0 0 0 1 3024.dat
1 4 110 -576 410 1 0 0 0 1 0 0 0 1 3070b.dat
1 4 220 -576 70 1 0 0 0 1 0 0 0 1 3460.dat
1 4 150 -576 90 1 0 0 0 1 0 0 0 1 3024.dat
1 4 220 -576 420 1 0 0 0 1 0 0 0 1 3034.dat
1 4 240 -576 50 1 0 0 0 1 0 0 0 1 3666.dat
1 4 240 -576 110 1 0 0 0 1 0 0 0 1 3666.dat
1 4 240 -576 450 1 0 0 0 1 0 0 0 1 3666.dat
1 4 210 -576 90 1 0 0 0 1 0 0 0 1 3024.dat
1 4 210 -576 160 0 0 1 0 1 0 -1 0 0 3710.dat
1 4 210 -576 300 0 0 1 0 1 0 -1 0 0 3460.dat
1 4 210 -576 390 1 0 0 0 1 0 0 0 1 3024.dat
1 4 280 -576 310 1 0 0 0 1 0 0 0 1 3666.dat
1 4 320 -576 210 1 0 0 0 1 0 0 0 1 3460.dat
1 4 310 -576 120 0 0 1 0 1 0 -1 0 0 3460.dat
1 4 310 -576 260 0 0 1 0 1 0 -1 0 0 3710.dat
1 4 310 -576 380 0 0 1 0 1 0 -1 0 0 3666.dat
1 4 310 -576 450 1 0 0 0 1 0 0 0 1 3024.dat
1 4 340 -576 70 1 0 0 0 1 0 0 0 1 3023.dat
1 4 340 -576 420 1 0 0 0 1 0 0 0 1 3022.dat
1 4 400 -576 310 1 0 0 0 1 0 0 0 1 3666.dat
1 4 410 -576 110 1 0 0 0 1 0 0 0 1 3070b.dat
1 4 420 -576 220 0 0 1 0 1 0 -1 0 0 3034.dat
1 4 420 -576 340 1 0 0 0 1 0 0 0 1 3022.dat
1 4 450 -576 240 0 0 1 0 1 0 -1 0 0 3666.dat
1 4 120 -584 210 1 0 0 0 1 0 0 0 1 3460.dat
1 4 60 -584 260 0 0 1 0 1 0 -1 0 0 3020.dat
1 4 90 -584 160 1 0 0 0 1 0 0 0 1 3021.dat
1 4 90 -584 190 1 0 0 0 1 0 0 0 1 3623.dat
1 4 140 -584 310 1 0 0 0 1 0 0 0 1 3460.dat
1 4 90 -584 340 1 0 0 0 1 0 0 0 1 3021.dat
1 4 90 -584 130 1 0 0 0 1 0 0 0 1 3024.dat
1 4 100 -584 370 1 0 0 0 1 0 0 0 1 3023.dat
1 4 180 -584 110 1 0 0 0 1 0 0 0 1 3460.dat
1 4 110 -584 130 1 0 0 0 1 0 0 0 1 3024.dat
1 4 110 -584 260 0 0 1 0 1 0 -1 0 0 3710.dat
1 4 120 -584 390 1 0 0 0 1 0 0 0 1 3023.dat
1 4 150 -584 90 1 0 0 0 1 0 0 0 1 3623.dat
1 4 200 -584 410 1 0 0 0 1 0 0 0 1 3460.dat
1 4 200 -584 70 1 0 0 0 1 0 0 0 1 3666.dat
1 4 220 -584 430 1 0 0 0 1 0 0 0 1 3460.dat
1 4 220 -584 50 1 0 0 0 1 0 0 0 1 3710.dat
1 4 220 -584 450 1 0 0 0 1 0 0 0 1 3710.dat
1 4 210 -584 90 1 0 0 0 1 0 0 0 1 3024.dat
1 4 210 -584 200 0 0 1 0 1 0 -1 0 0 3460.dat
1 4 210 -584 290 1 0 0 0 1 0 0 0 1 3024.dat
1 4 210 -584 360 0 0 1 0 1 0 -1 0 0 3710.dat
1 4 300 -584 210 1 0 0 0 1 0 0 0 1 3460.dat
1 4 300 -584 310 1 0 0 0 1 0 0 0 1 3460.dat
1 4 290 -584 60 1 0 0 0 1 0 0 0 1 3021.dat
1 4 320 -584 110 1 0 0 0 1 0 0 0 1 3666.dat
1 4 290 -584 450 1 0 0 0 1 0 0 0 1 3623.dat
1 4 320 -584 410 1 0 0 0 1 0 0 0 1 3710.dat
1 4 340 -584 90 1 0 0 0 1 0 0 0 1 3710.dat
1 4 310 -584 160 0 0 1 0 1 0 -1 0 0 3710.dat
1 4 310 -584 250 0 0 1 0 1 0 -1 0 0 3623.dat
1 4 310 -584 290 1 0 0 0 1 0 0 0 1 3024.dat
1 4 310 -584 360 0 0 1 0 1 0 -1 0 0 3710.dat
1 4 330 -584 430 1 0 0 0 1 0 0 0 1 3623.dat
1 4 330 -584 70 1 0 0 0 1 0 0 0 1 3024.dat
1 4 350 -584 70 1 0 0 0 1 0 0 0 1 3070b.dat
1 4 380 -584 390 1 0 0 0 1 0 0 0 1 3023.dat
1 4 370 -584 410 1 0 0 0 1 0 0 0 1 3024.dat
1 4 390 -584 120 0 0 1 0 1 0 -1 0 0 3023.dat
1 4 420 -584 210 1 0 0 0 1 0 0 0 1 3710.dat
1 4 410 -584 310 1 0 0 0 1 0 0 0 1 3623.dat
1 4 390 -584 370 1 0 0 0 1 0 0 0 1 3024.dat
1 4 410 -584 160 0 0 1 0 1 0 -1 0 0 3710.dat
1 4 420 -584 260 0 0 1 0 1 0 -1 0 0 3020.dat
1 4 410 -584 350 0 0 1 0 1 0 -1 0 0 3623.dat
1 4 430 -584 170 0 0 1 0 1 0 -1 0 0 3623.dat
1 4 430 -584 340 0 0 1 0 1 0 -1 0 0 3023.dat
1 4 450 -584 260 0 0 1 0 1 0 -1 0 0 2431.dat
1 4 100 -592 300 0 0 1 0 1 0 -1 0 0 3034.dat
1 4 150 -592 400 0 0 1 0 1 0 -1 0 0 3023.dat
1 4 200 -592 100 1 0 0 0 1 0 0 0 1 3022.dat
1 4 320 -592 100 1 0 0 0 1 0 0 0 1 3020.dat
1 4 360 -592 400 1 0 0 0 1 0 0 0 1 3022.dat
1 4 400 -592 150 1 0 0 0 1 0 0 0 1 3023.dat
1 4 400 -592 360 1 0 0 0 1 0 0 0 1 3022.dat
1 4 70 -592 240 0 0 1 0 1 0 -1 0 0 3460.dat
1 4 70 -592 330 1 0 0 0 1 0 0 0 1 3070b.dat
1 4 100 -592 160 0 0 1 0 1 0 -1 0 0 3020.dat
1 4 160 -592 210 1 0 0 0 1 0 0 0 1 3460.dat
1 4 140 -592 110 1 0 0 0 1 0 0 0 1 3710.dat
1 4 110 -592 390 1 0 0 0 1 0 0 0 1 3070b.dat
1 4 140 -592 90 1 0 0 0 1 0 0 0 1 3023.dat
1 4 200 -592 310 1 0 0 0 1 0 0 0 1 3460.dat
1 4 130 -592 400 0 0 1 0 1 0 -1 0 0 3023.dat
1 4 240 -592 70 1 0 0 0 1 0 0 0 1 3460.dat
1 4 170 -592 90 1 0 0 0 1 0 0 0 1 3024.dat
1 4 240 -592 420 1 0 0 0 1 0 0 0 1 3034.dat
1 4 210 -592 160 0 0 1 0 1 0 -1 0 0 3710.dat
1 4 210 -592 260 0 0 1 0 1 0 -1 0 0 3710.dat
1 4 210 -592 350 0 0 1 0 1 0 -1 0 0 3623.dat
1 4 210 -592 390 1 0 0 0 1 0 0 0 1 3024.dat
1 4 250 -592 50 1 0 0 0 1 0 0 0 1 63864.dat
1 4 250 -592 110 1 0 0 0 1 0 0 0 1 3623.dat
1 4 250 -592 450 1 0 0 0 1 0 0 0 1 63864.dat
1 4 320 -592 210 1 0 0 0 1 0 0 0 1 3460.dat
1 4 360 -592 310 1 0 0 0 1 0 0 0 1 3460.dat
1 4 310 -592 150 0 0 1 0 1 0 -1 0 0 3623.dat
1 4 310 -592 190 1 0 0 0 1 0 0 0 1 3024.dat
1 4 310 -592 260 0 0 1 0 1 0 -1 0 0 3710.dat
1 4 310 -592 350 0 0 1 0 1 0 -1 0 0 3623.dat
1 4 310 -592 390 1 0 0 0 1 0 0 0 1 3024.dat
1 4 330 -592 70 1 0 0 0 1 0 0 0 1 3024.dat
1 4 330 -592 420 0 0 1 0 1 0 -1 0 0 3023.dat
1 4 370 -592 100 0 0 1 0 1 0 -1 0 0 3023.dat
1 4 390 -592 110 1 0 0 0 1 0 0 0 1 3070b.dat
1 4 400 -592 130 1 0 0 0 1 0 0 0 1 3023.dat
1 4 390 -592 390 1 0 0 0 1 0 0 0 1 3070b.dat
1 4 420 -592 220 0 0 1 0 1 0 -1 0 0 3795.dat
1 4 420 -592 290 1 0 0 0 1 0 0 0 1 3023.dat
1 4 420 -592 330 1 0 0 0 1 0 0 0 1 3023.dat
1 4 80 -600 240 0 0 1 0 1 0 -1 0 0 3795.dat
1 4 140 -600 310 1 0 0 0 1 0 0 0 1 3460.dat
1 4 100 -600 160 1 0 0 0 1 0 0 0 1 3022.dat
1 4 100 -600 340 1 0 0 0 1 0 0 0 1 3022.dat
1 4 120 -600 130 1 0 0 0 1 0 0 0 1 3023.dat
1 4 110 -600 240 0 0 1 0 1 0 -1 0 0 3666.dat
1 4 120 -600 370 1 0 0 0 1 0 0 0 1 3023.dat
1 4 200 -600 110 1 0 0 0 1 0 0 0 1 3460.dat
1 4 200 -600 210 1 0 0 0 1 0 0 0 1 3460.dat
1 4 140 -600 390 1 0 0 0 1 0 0 0 1 3023.dat
1 4 220 -600 90 1 0 0 0 1 0 0 0 1 3460.dat
1 4 220 -600 410 1 0 0 0 1 0 0 0 1 3460.dat
1 4 220 -600 70 1 0 0 0 1 0 0 0 1 3666.dat
1 4 240 -600 430 1 0 0 0 1 0 0 0 1 3460.dat
1 4 210 -600 150 0 0 1 0 1 0 -1 0 0 3623.dat
1 4 210 -600 190 1 0 0 0 1 0 0 0 1 3024.dat
1 4 210 -600 250 0 0 1 0 1 0 -1 0 0 3623.dat
1 4 210 -600 290 1 0 0 0 1 0 0 0 1 3024.dat
1 4 210 -600 360 0 0 1 0 1 0 -1 0 0 3710.dat
1 4 300 -600 310 1 0 0 0 1 0 0 0 1 3460.dat
1 4 310 -600 70 1 0 0 0 1 0 0 0 1 3623.dat
1 4 320 -600 110 1 0 0 0 1 0 0 0 1 3710.dat
1 4 360 -600 210 1 0 0 0 1 0 0 0 1 3460.dat
1 4 330 -600 90 1 0 0 0 1 0 0 0 1 3623.dat
1 4 310 -600 160 0 0 1 0 1 0 -1 0 0 3710.dat
1 4 310 -600 250 0 0 1 0 1 0 -1 0 0 3623.dat
1 4 310 -600 290 1 0 0 0 1 0 0 0 1 3024.dat
1 4 310 -600 360 0 0 1 0 1 0 -1 0 0 3710.dat
1 4 330 -600 410 1 0 0 0 1 0 0 0 1 3623.dat
1 4 330 -600 430 1 0 0 0 1 0 0 0 1 3070b.dat
1 4 360 -600 390 1 0 0 0 1 0 0 0 1 3023.dat
1 4 370 -600 120 0 0 1 0 1 0 -1 0 0 3023.dat
1 4 380 -600 370 1 0 0 0 1 0 0 0 1 3023.dat
1 4 390 -600 150 0 0 1 0 1 0 -1 0 0 3623.dat
1 4 400 -600 330 0 0 1 0 1 0 -1 0 0 3021.dat
1 4 410 -600 170 0 0 1 0 1 0 -1 0 0 3623.dat
1 4 420 -600 260 0 0 1 0 1 0 -1 0 0 3020.dat
1 4 430 -600 190 1 0 0 0 1 0 0 0 1 3070b.dat
1 4 430 -600 310 1 0 0 0 1 0 0 0 1 3070b.dat
1 4 140 -608 210 1 0 0 0 1 0 0 0 1 3460.dat
1 4 80 -608 260 0 0 1 0 1 0 -1 0 0 3020.dat
1 4 100 -608 170 0 0 1 0 1 0 -1 0 0 3021.dat
1 4 160 -608 310 1 0 0 0 1 0 0 0 1 3460.dat
1 4 100 -608 330 1 0 0 0 1 0 0 0 1 3023.dat
1 4 100 -608 350 1 0 0 0 1 0 0 0 1 3023.dat
1 4 110 -608 130 1 0 0 0 1 0 0 0 1 3070b.dat
1 4 110 -608 260 0 0 1 0 1 0 -1 0 0 3710.dat
1 4 110 -608 370 1 0 0 0 1 0 0 0 1 3070b.dat
1 4 180 -608 110 1 0 0 0 1 0 0 0 1 3666.dat
1 4 130 -608 130 1 0 0 0 1 0 0 0 1 3024.dat
1 4 130 -608 380 0 0 1 0 1 0 -1 0 0 3023.dat
1 4 200 -608 90 1 0 0 0 1 0 0 0 1 3666.dat
1 4 180 -608 400 1 0 0 0 1 0 0 0 1 3020.dat
1 4 240 -608 70 1 0 0 0 1 0 0 0 1 3710.dat
1 4 210 -608 160 0 0 1 0 1 0 -1 0 0 3710.dat
1 4 210 -608 260 0 0 1 0 1 0 -1 0 0 3710.dat
1 4 210 -608 350 0 0 1 0 1 0 -1 0 0 3623.dat
1 4 240 -608 430 1 0 0 0 1 0 0 0 1 3710.dat
1 4 300 -608 210 1 0 0 0 1 0 0 0 1 3460.dat
1 4 280 -608 410 1 0 0 0 1 0 0 0 1 3666.dat
1 4 300 -608 110 1 0 0 0 1 0 0 0 1 3666.dat
1 4 320 -608 310 1 0 0 0 1 0 0 0 1 3460.dat
1 4 300 -608 90 1 0 0 0 1 0 0 0 1 3710.dat
1 4 290 -608 70 1 0 0 0 1 0 0 0 1 3070b.dat
1 4 290 -608 430 1 0 0 0 1 0 0 0 1 3070b.dat
1 4 310 -608 150 0 0 1 0 1 0 -1 0 0 3623.dat
1 4 310 -608 190 1 0 0 0 1 0 0 0 1 3024.dat
1 4 310 -608 260 0 0 1 0 1 0 -1 0 0 3710.dat
1 4 310 -608 350 0 0 1 0 1 0 -1 0 0 3623.dat
1 4 340 -608 390 1 0 0 0 1 0 0 0 1 3710.dat
1 4 350 -608 90 1 0 0 0 1 0 0 0 1 3070b.dat
1 4 350 -608 410 1 0 0 0 1 0 0 0 1 3070b.dat
1 4 370 -608 110 1 0 0 0 1 0 0 0 1 3070b.dat
1 4 380 -608 130 1 0 0 0 1 0 0 0 1 3023.dat
1 4 370 -608 370 1 0 0 0 1 0 0 0 1 3024.dat
1 4 400 -608 180 0 0 1 0 1 0 -1 0 0 3020.dat
1 4 400 -608 340 1 0 0 0 1 0 0 0 1 3022.dat
1 4 390 -608 370 1 0 0 0 1 0 0 0 1 3070b.dat
1 4 420 -608 250 0 0 1 0 1 0 -1 0 0 3021.dat
1 4 420 -608 290 1 0 0 0 1 0 0 0 1 3023.dat
1 4 430 -608 210 1 0 0 0 1 0 0 0 1 3070b.dat
1 4 90 -616 250 1 0 0 0 1 0 0 0 1 3623.dat
1 4 100 -616 200 0 0 1 0 1 0 -1 0 0 3020.dat
1 4 100 -616 300 0 0 1 0 1 0 -1 0 0 3020.dat
1 4 120 -616 150 1 0 0 0 1 0 0 0 1 3023.dat
1 4 120 -616 350 1 0 0 0 1 0 0 0 1 3023.dat
1 4 140 -616 130 1 0 0 0 1 0 0 0 1 3023.dat
1 4 200 -616 210 1 0 0 0 1 0 0 0 1 3460.dat
1 4 200 -616 310 1 0 0 0 1 0 0 0 1 3460.dat
1 4 140 -616 370 1 0 0 0 1 0 0 0 1 3023.dat
1 4 220 -616 110 1 0 0 0 1 0 0 0 1 3460.dat
1 4 180 -616 390 1 0 0 0 1 0 0 0 1 3710.dat
1 4 240 -616 90 1 0 0 0 1 0 0 0 1 3460.dat
1 4 240 -616 410 1 0 0 0 1 0 0 0 1 3460.dat
1 4 210 -616 150 0 0 1 0 1 0 -1 0 0 3623.dat
1 4 210 -616 190 1 0 0 0 1 0 0 0 1 3024.dat
1 4 210 -616 250 0 0 1 0 1 0 -1 0 0 3623.dat
1 4 210 -616 290 1 0 0 0 1 0 0 0 1 3024.dat
1 4 210 -616 340 0 0 1 0 1 0 -1 0 0 3023.dat
1 4 210 -616 370 1 0 0 0 1 0 0 0 1 3024.dat
1 4 230 -616 390 1 0 0 0 1 0 0 0 1 3024.dat
1 4 250 -616 70 1 0 0 0 1 0 0 0 1 3070b.dat
1 4 250 -616 430 1 0 0 0 1 0 0 0 1 3070b.dat
1 4 300 -616 390 1 0 0 0 1 0 0 0 1 3710.dat
1 4 340 -616 210 1 0 0 0 1 0 0 0 1 3666.dat
1 4 340 -616 310 1 0 0 0 1 0 0 0 1 3666.dat
1 4 310 -616 140 0 0 1 0 1 0 -1 0 0 3710.dat
1 4 310 -616 190 1 0 0 0 1 0 0 0 1 3024.dat
1 4 310 -616 250 0 0 1 0 1 0 -1 0 0 3623.dat
1 4 310 -616 290 1 0 0 0 1 0 0 0 1 3024.dat
1 4 310 -616 340 0 0 1 0 1 0 -1 0 0 3023.dat
1 4 310 -616 370 1 0 0 0 1 0 0 0 1 3024.dat
1 4 330 -616 100 0 0 1 0 1 0 -1 0 0 3023.dat
1 4 330 -616 410 1 0 0 0 1 0 0 0 1 3070b.dat
1 4 350 -616 120 0 0 1 0 1 0 -1 0 0 3023.dat
1 4 360 -616 370 1 0 0 0 1 0 0 0 1 3023.dat
1 4 350 -616 390 1 0 0 0 1 0 0 0 1 3024.dat
1 4 370 -616 140 0 0 1 0 1 0 -1 0 0 3023.dat
1 4 380 -616 350 1 0 0 0 1 0 0 0 1 3023.dat
1 4 390 -616 170 0 0 1 0 1 0 -1 0 0 3623.dat
1 4 400 -616 230 1 0 0 0 1 0 0 0 1 3023.dat
1 4 400 -616 280 1 0 0 0 1 0 0 0 1 3022.dat
1 4 400 -616 330 1 0 0 0 1 0 0 0 1 3023.dat
1 4 410 -616 190 0 0 1 0 1 0 -1 0 0 3623.dat
1 4 420 -616 250 1 0 0 0 1 0 0 0 1 3023.dat
1 4 100 -624 240 0 0 1 0 1 0 -1 0 0 3795.dat
1 4 160 -624 310 1 0 0 0 1 0 0 0 1 3460.dat
1 4 120 -624 160 1 0 0 0 1 0 0 0 1 3022.dat
1 4 120 -624 340 1 0 0 0 1 0 0 0 1 3022.dat
1 4 150 -624 130 1 0 0 0 1 0 0 0 1 3623.dat
1 4 180 -624 210 1 0 0 0 1 0 0 0 1 3666.dat
1 4 150 -624 370 1 0 0 0 1 0 0 0 1 3623.dat
1 4 200 -624 110 1 0 0 0 1 0 0 0 1 3666.dat
1 4 220 -624 390 1 0 0 0 1 0 0 0 1 3460.dat
1 4 240 -624 90 1 0 0 0 1 0 0 0 1 3666.dat
1 4 240 -624 410 1 0 0 0 1 0 0 0 1 3666.dat
1 4 210 -624 160 0 0 1 0 1 0 -1 0 0 3710.dat
1 4 210 -624 260 0 0 1 0 1 0 -1 0 0 3710.dat
1 4 210 -624 350 0 0 1 0 1 0 -1 0 0 3623.dat
1 4 320 -624 210 1 0 0 0 1 0 0 0 1 3460.dat
1 4 320 -624 310 1 0 0 0 1 0 0 0 1 3460.dat
1 4 300 -624 110 1 0 0 0 1 0 0 0 1 3710.dat
1 4 310 -624 90 1 0 0 0 1 0 0 0 1 3070b.dat
1 4 340 -624 130 1 0 0 0 1 0 0 0 1 3710.dat
1 4 310 -624 170 0 0 1 0 1 0 -1 0 0 3623.dat
1 4 310 -624 260 0 0 1 0 1 0 -1 0 0 3710.dat
1 4 310 -624 360 0 0 1 0 1 0 -1 0 0 3710.dat
1 4 310 -624 410 1 0 0 0 1 0 0 0 1 3070b.dat
1 4 340 -624 380 1 0 0 0 1 0 0 0 1 3022.dat
1 4 350 -624 110 1 0 0 0 1 0 0 0 1 3070b.dat
1 4 380 -624 160 1 0 0 0 1 0 0 0 1 3022.dat
1 4 380 -624 340 1 0 0 0 1 0 0 0 1 3022.dat
1 4 370 -624 370 1 0 0 0 1 0 0 0 1 3070b.dat
1 4 400 -624 190 1 0 0 0 1 0 0 0 1 3023.dat
1 4 400 -624 260 0 0 1 0 1 0 -1 0 0 3020.dat
1 4 410 -624 210 1 0 0 0 1 0 0 0 1 3070b.dat
1 4 100 -632 250 0 0 1 0 1 0 -1 0 0 3021.dat
1 4 120 -632 190 0 0 1 0 1 0 -1 0 0 3021.dat
1 4 120 -632 310 0 0 1 0 1 0 -1 0 0 3021.dat
1 4 140 -632 150 1 0 0 0 1 0 0 0 1 3023.dat
1 4 140 -632 350 1 0 0 0 1 0 0 0 1 3023.dat
1 4 180 -632 130 1 0 0 0 1 0 0 0 1 3710.dat
1 4 220 -632 210 1 0 0 0 1 0 0 0 1 3460.dat
1 4 220 -632 310 1 0 0 0 1 0 0 0 1 3460.dat
1 4 180 -632 370 1 0 0 0 1 0 0 0 1 3710.dat
1 4 240 -632 110 1 0 0 0 1 0 0 0 1 3460.dat
1 4 240 -632 390 1 0 0 0 1 0 0 0 1 3460.dat
1 4 210 -632 170 0 0 1 0 1 0 -1 0 0 3623.dat
1 4 210 -632 250 0 0 1 0 1 0 -1 0 0 3623.dat
1 4 210 -632 290 1 0 0 0 1 0 0 0 1 3024.dat
1 4 210 -632 340 0 0 1 0 1 0 -1 0 0 3023.dat
1 4 250 -632 90 1 0 0 0 1 0 0 0 1 63864.dat
1 4 250 -632 410 1 0 0 0 1 0 0 0 1 63864.dat
1 4 320 -632 130 1 0 0 0 1 0 0 0 1 3710.dat
1 4 320 -632 370 1 0 0 0 1 0 0 0 1 3710.dat
1 4 310 -632 220 0 0 1 0 1 0 -1 0 0 3460.dat
1 4 340 -632 310 1 0 0 0 1 0 0 0 1 3710.dat
1 4 310 -632 340 0 0 1 0 1 0 -1 0 0 3023.dat
1 4 330 -632 110 1 0 0 0 1 0 0 0 1 3070b.dat
1 4 360 -632 210 1 0 0 0 1 0 0 0 1 3710.dat
1 4 330 -632 390 1 0 0 0 1 0 0 0 1 3070b.dat
1 4 360 -632 150 1 0 0 0 1 0 0 0 1 3023.dat
1 4 360 -632 350 1 0 0 0 1 0 0 0 1 3023.dat
1 4 380 -632 180 1 0 0 0 1 0 0 0 1 3022.dat
1 4 380 -632 290 1 0 0 0 1 0 0 0 1 3023.dat
1 4 380 -632 330 1 0 0 0 1 0 0 0 1 3023.dat
1 4 400 -632 250 0 0 1 0 1 0 -1 0 0 3021.dat
1 4 390 -624 310 -1 0 0 0 1 0 0 0 -1 54200.dat
1 4 120 -640 240 0 0 1 0 1 0 -1 0 0 3795.dat
1 4 180 -640 310 1 0 0 0 1 0 0 0 1 3460.dat
1 4 140 -640 170 1 0 0 0 1 0 0 0 1 3023.dat
1 4 140 -640 330 1 0 0 0 1 0 0 0 1 3023.dat
1 4 220 -640 130 1 0 0 0 1 0 0 0 1 3460.dat
1 4 160 -640 150 1 0 0 0 1 0 0 0 1 3023.dat
1 4 200 -640 210 1 0 0 0 1 0 0 0 1 3666.dat
1 4 160 -640 360 1 0 0 0 1 0 0 0 1 3022.dat
1 4 240 -640 110 1 0 0 0 1 0 0 0 1 3666.dat
1 4 240 -640 380 1 0 0 0 1 0 0 0 1 3795.dat
1 4 210 -640 160 0 0 1 0 1 0 -1 0 0 3023.dat
1 4 210 -640 190 1 0 0 0 1 0 0 0 1 3024.dat
1 4 210 -640 260 0 0 1 0 1 0 -1 0 0 3710.dat
1 4 210 -640 330 1 0 0 0 1 0 0 0 1 3024.dat
1 4 210 -640 350 1 0 0 0 1 0 0 0 1 3024.dat
1 4 320 -640 210 1 0 0 0 1 0 0 0 1 3666.dat
1 4 320 -640 310 1 0 0 0 1 0 0 0 1 3666.dat
1 4 310 -640 140 0 0 1 0 1 0 -1 0 0 3710.dat
1 4 310 -640 190 1 0 0 0 1 0 0 0 1 3024.dat
1 4 310 -640 260 0 0 1 0 1 0 -1 0 0 3710.dat
1 4 310 -640 360 0 0 1 0 1 0 -1 0 0 3710.dat
1 4 340 -640 140 1 0 0 0 1 0 0 0 1 3022.dat
1 4 340 -640 360 1 0 0 0 1 0 0 0 1 3022.dat
1 4 360 -640 170 1 0 0 0 1 0 0 0 1 3023.dat
1 4 360 -640 330 1 0 0 0 1 0 0 0 1 3023.dat
1 4 380 -640 190 1 0 0 0 1 0 0 0 1 3023.dat
1 4 380 -640 260 0 0 1 0 1 0 -1 0 0 3020.dat
1 4 390 -640 210 1 0 0 0 1 0 0 0 1 3070b.dat
1 4 150 -648 210 0 0 1 0 1 0 -1 0 0 3623.dat
1 4 150 -648 300 0 0 1 0 1 0 -1 0 0 3710.dat
1 4 170 -648 170 1 0 0 0 1 0 0 0 1 3024.dat
1 4 170 -648 340 0 0 1 0 1 0 -1 0 0 3023.dat
1 4 210 -648 150 1 0 0 0 1 0 0 0 1 3623.dat
1 4 210 -648 360 1 0 0 0 1 0 0 0 1 3021.dat
1 4 300 -648 150 1 0 0 0 1 0 0 0 1 3710.dat
1 4 290 -648 360 1 0 0 0 1 0 0 0 1 3021.dat
1 4 350 -648 170 1 0 0 0 1 0 0 0 1 3623.dat
1 4 340 -648 340 1 0 0 0 1 0 0 0 1 3022.dat
1 4 360 -648 210 0 0 1 0 1 0 -1 0 0 3021.dat
1 4 360 -648 290 0 0 1 0 1 0 -1 0 0 3021.dat
1 4 120 -648 250 1 0 0 0 1 0 0 0 1 3023.dat
1 4 130 -648 200 0 0 1 0 1 0 -1 0 0 3710.dat
1 4 130 -648 300 0 0 1 0 1 0 -1 0 0 3710.dat
1 4 150 -648 160 0 0 1 0 1 0 -1 0 0 3023.dat
1 4 150 -648 350 1 0 0 0 1 0 0 0 1 3070b.dat
1 4 170 -648 150 1 0 0 0 1 0 0 0 1 3024.dat
1 4 240 -648 210 1 0 0 0 1 0 0 0 1 3460.dat
1 4 240 -648 310 1 0 0 0 1 0 0 0 1 3460.dat
1 4 240 -648 130 1 0 0 0 1 0 0 0 1 3666.dat
1 4 210 -648 180 0 0 1 0 1 0 -1 0 0 3023.dat
1 4 210 -648 250 0 0 1 0 1 0 -1 0 0 3623.dat
1 4 210 -648 290 1 0 0 0 1 0 0 0 1 3024.dat
1 4 210 -648 330 1 0 0 0 1 0 0 0 1 3024.dat
1 4 250 -648 110 1 0 0 0 1 0 0 0 1 3070b.dat
1 4 250 -648 380 0 0 1 0 1 0 -1 0 0 3023.dat
1 4 310 -648 130 1 0 0 0 1 0 0 0 1 3070b.dat
1 4 310 -648 180 0 0 1 0 1 0 -1 0 0 3023.dat
1 4 310 -648 250 0 0 1 0 1 0 -1 0 0 3623.dat
1 4 310 -648 290 1 0 0 0 1 0 0 0 1 3024.dat
1 4 310 -648 330 1 0 0 0 1 0 0 0 1 3024.dat
1 4 330 -648 210 1 0 0 0 1 0 0 0 1 3024.dat
1 4 330 -648 310 1 0 0 0 1 0 0 0 1 3024.dat
1 4 350 -648 150 1 0 0 0 1 0 0 0 1 3070b.dat
1 4 380 -648 250 1 0 0 0 1 0 0 0 1 3023.dat
1 4 370 -648 330 1 0 0 0 1 0 0 0 1 3070b.dat
1 4 200 -656 210 1 0 0 0 1 0 0 0 1 3460.dat
1 4 140 -656 260 0 0 1 0 1 0 -1 0 0 3020.dat
1 4 180 -656 170 1 0 0 0 1 0 0 0 1 3710.dat
1 4 160 -656 190 1 0 0 0 1 0 0 0 1 3023.dat
1 4 220 -656 310 1 0 0 0 1 0 0 0 1 3460.dat
1 4 180 -656 330 1 0 0 0 1 0 0 0 1 3710.dat
1 4 240 -656 150 1 0 0 0 1 0 0 0 1 3460.dat
1 4 240 -656 350 1 0 0 0 1 0 0 0 1 3460.dat
1 4 240 -656 130 1 0 0 0 1 0 0 0 1 2431.dat
1 4 210 -656 190 1 0 0 0 1 0 0 0 1 3024.dat
1 4 210 -656 260 0 0 1 0 1 0 -1 0 0 3710.dat
1 4 240 -656 370 1 0 0 0 1 0 0 0 1 2431.dat
1 4 290 -656 130 1 0 0 0 1 0 0 0 1 3070b.dat
1 4 320 -656 210 1 0 0 0 1 0 0 0 1 3710.dat
1 4 290 -656 370 1 0 0 0 1 0 0 0 1 3070b.dat
1 4 330 -656 180 1 0 0 0 1 0 0 0 1 3021.dat
1 4 310 -656 280 0 0 1 0 1 0 -1 0 0 3666.dat
1 4 330 -656 150 1 0 0 0 1 0 0 0 1 3070b.dat
1 4 340 -656 320 1 0 0 0 1 0 0 0 1 3022.dat
1 4 330 -656 350 1 0 0 0 1 0 0 0 1 3070b.dat
1 4 360 -656 260 0 0 1 0 1 0 -1 0 0 3020.dat
1 4 370 -656 210 1 0 0 0 1 0 0 0 1 3070b.dat
1 4 220 -664 210 1 0 0 0 1 0 0 0 1 3460.dat
1 4 160 -664 260 0 0 1 0 1 0 -1 0 0 3020.dat
1 4 240 -664 170 1 0 0 0 1 0 0 0 1 3460.dat
1 4 190 -664 190 1 0 0 0 1 0 0 0 1 3623.dat
1 4 240 -664 320 1 0 0 0 1 0 0 0 1 3034.dat
1 4 240 -664 150 1 0 0 0 1 0 0 0 1 2431.dat
1 4 210 -664 250 0 0 1 0 1 0 -1 0 0 3623.dat
1 4 210 -664 290 1 0 0 0 1 0 0 0 1 3024.dat
1 4 240 -664 350 1 0 0 0 1 0 0 0 1 2431.dat
1 4 290 -664 150 1 0 0 0 1 0 0 0 1 3070b.dat
1 4 310 -664 190 1 0 0 0 1 0 0 0 1 3623.dat
1 4 290 -664 350 1 0 0 0 1 0 0 0 1 3070b.dat
1 4 320 -664 240 0 0 1 0 1 0 -1 0 0 3020.dat
1 4 330 -664 290 1 0 0 0 1 0 0 0 1 3623.dat
1 4 330 -664 170 1 0 0 0 1 0 0 0 1 3070b.dat
1 4 330 -664 320 0 0 1 0 1 0 -1 0 0 3069b.dat
1 4 350 -664 240 0 0 1 0 1 0 -1 0 0 2431.dat
1 4 240 -672 220 1 0 0 0 1 0 0 0 1 3034.dat
1 4 200 -672 260 1 0 0 0 1 0 0 0 1 3020.dat
1 4 240 -672 290 1 0 0 0 1 0 0 0 1 3460.dat
1 4 240 -672 190 1 0 0 0 1 0 0 0 1 3666.dat
1 4 240 -672 310 1 0 0 0 1 0 0 0 1 3666.dat
1 4 240 -672 170 1 0 0 0 1 0 0 0 1 2431.dat
1 4 240 -672 330 1 0 0 0 1 0 0 0 1 2431.dat
1 4 280 -672 270 1 0 0 0 1 0 0 0 1 3710.dat
1 4 300 -672 250 1 0 0 0 1 0 0 0 1 3710.dat
1 4 290 -672 170 1 0 0 0 1 0 0 0 1 3070b.dat
1 4 290 -672 330 1 0 0 0 1 0 0 0 1 3070b.dat
1 4 310 -672 190 1 0 0 0 1 0 0 0 1 3070b.dat
1 4 310 -672 310 1 0 0 0 1 0 0 0 1 3070b.dat
1 4 330 -672 220 0 0 1 0 1 0 -1 0 0 3069b.dat
1 4 330 -672 280 0 0 1 0 1 0 -1 0 0 3069b.dat
1 4 220 -680 240 1 0 0 0 1 0 0 0 1 3031.dat
1 4 240 -680 290 1 0 0 0 1 0 0 0 1 6636.dat
1 4 250 -680 190 1 0 0 0 1 0 0 0 1 63864.dat
1 4 250 -680 310 1 0 0 0 1 0 0 0 1 63864.dat
1 4 280 -680 240 0 0 1 0 1 0 -1 0 0 87079.dat
1 4 310 -680 240 0 0 1 0 1 0 -1 0 0 2431.dat
1 4 310 -680 290 1 0 0 0 1 0 0 0 1 3070b.dat
1 4 250 -688 250 1 0 0 0 1 0 0 0 1 3070b.dat
